# Vectary OBJ Export units=mm
mtllib Project Name.mtl
o 000_Sphere_3
g Sphere_3
usemtl Lagoon Glow00000
v -1.260 104.240 40.308
v 1.535 100.313 38.390
v 1.823 104.608 39.202
v 0.359 97.338 37.826
v -1.330 96.626 37.690
v -2.997 98.404 38.024
v -4.112 102.108 38.723
v -4.322 106.561 39.565
v -3.559 110.349 40.282
v -2.067 112.270 40.647
v -0.318 111.714 40.544
v 1.132 108.858 40.005
v 4.078 96.970 34.898
v 4.630 105.249 35.889
v 1.835 91.235 34.204
v -1.388 89.865 34.027
v -4.567 93.295 34.423
v -6.694 100.435 35.266
v -7.092 109.019 36.290
v -5.636 116.322 37.168
v -2.787 120.024 37.622
v 0.549 118.951 37.508
v 3.314 113.443 36.862
v 6.050 94.315 30.456
v 6.811 105.693 30.595
v 2.983 86.434 30.337
v -1.417 84.552 30.275
v -5.753 89.267 30.290
v -8.648 99.082 30.378
v -9.183 110.881 30.509
v -7.189 120.917 30.644
v -3.297 126.004 30.738
v 1.255 124.528 30.763
v 5.023 116.956 30.710
v 7.090 92.542 25.389
v 7.974 105.350 23.778
v 3.595 83.670 26.461
v -1.400 81.550 26.653
v -6.310 86.856 25.904
v -9.576 97.902 24.452
v -10.161 111.183 22.758
v -7.879 122.481 21.360
v -3.454 128.209 20.702
v 1.707 126.549 20.992
v 5.968 118.027 22.138
v 6.960 91.715 19.625
v 7.856 103.752 16.140
v 3.542 83.372 21.976
v -1.314 81.373 22.448
v -6.066 86.352 20.889
v -9.205 96.729 17.796
v -9.734 109.208 14.149
v -7.486 119.829 11.108
v -3.175 125.218 9.637
v 1.832 123.665 10.204
v 5.944 115.663 12.628
v 5.835 91.309 13.057
v 6.628 100.785 8.537
v 2.940 84.735 16.120
v -1.135 83.150 16.752
v -5.099 87.058 14.753
v -7.691 95.218 10.758
v -8.090 105.038 6.035
v -6.169 113.402 2.084
v -2.536 117.653 0.158
v 1.653 116.443 0.870
v 5.069 110.154 3.994
v 4.625 89.995 6.453
v 5.290 96.800 1.779
v 2.321 85.266 9.625
v -0.891 84.116 10.289
v -3.992 86.909 8.232
v -5.996 92.759 4.109
v -6.268 99.808 -0.771
v -4.721 105.819 -4.860
v -1.846 108.882 -6.859
v 1.443 108.026 -6.133
v 4.103 103.522 -2.913
v 3.558 87.886 0.603
v 4.088 92.471 -3.578
v 1.804 84.694 3.442
v -0.615 83.908 4.040
v -2.933 85.778 2.205
v -4.413 89.710 -1.479
v -4.586 94.456 -5.843
v -3.396 98.509 -9.501
v -1.222 100.582 -11.292
v 1.247 100.017 -10.647
v 3.226 96.994 -7.771
v 2.529 85.795 -4.138
v 2.909 88.605 -7.314
v 1.319 83.833 -1.981
v -0.338 83.344 -1.525
v -1.915 84.482 -2.917
v -2.912 86.886 -5.713
v -3.011 89.793 -9.027
v -2.182 92.280 -11.806
v -0.688 93.557 -13.168
v 0.997 93.218 -12.681
v 2.338 91.373 -10.498
v 1.393 84.595 -7.740
v 1.595 85.928 -9.469
v 0.766 83.664 -6.564
v -0.089 83.429 -6.315
v -0.898 83.965 -7.073
v -1.406 85.103 -8.596
v -1.451 86.480 -10.401
v -1.019 87.661 -11.914
v -0.246 88.269 -12.656
v 0.621 88.112 -12.391
v 1.307 87.239 -11.203
v 0.101 84.931 -10.176
vt 0.04545 0.00000
vt 0.09091 0.09091
vt 0.00000 0.09091
vt 0.13636 0.00000
vt 0.18182 0.09091
vt 0.22727 0.00000
vt 0.27273 0.09091
vt 0.31818 0.00000
vt 0.36364 0.09091
vt 0.40909 0.00000
vt 0.45455 0.09091
vt 0.50000 0.00000
vt 0.54545 0.09091
vt 0.59091 0.00000
vt 0.63636 0.09091
vt 0.68182 0.00000
vt 0.72727 0.09091
vt 0.77273 0.00000
vt 0.81818 0.09091
vt 0.86364 0.00000
vt 0.90909 0.09091
vt 0.95455 0.00000
vt 1.00000 0.09091
vt 0.09091 0.18182
vt 0.00000 0.18182
vt 0.18182 0.18182
vt 0.27273 0.18182
vt 0.36364 0.18182
vt 0.45455 0.18182
vt 0.54545 0.18182
vt 0.63636 0.18182
vt 0.72727 0.18182
vt 0.81818 0.18182
vt 0.90909 0.18182
vt 1.00000 0.18182
vt 0.09091 0.27273
vt 0.00000 0.27273
vt 0.18182 0.27273
vt 0.27273 0.27273
vt 0.36364 0.27273
vt 0.45455 0.27273
vt 0.54545 0.27273
vt 0.63636 0.27273
vt 0.72727 0.27273
vt 0.81818 0.27273
vt 0.90909 0.27273
vt 1.00000 0.27273
vt 0.09091 0.36364
vt 0.00000 0.36364
vt 0.18182 0.36364
vt 0.27273 0.36364
vt 0.36364 0.36364
vt 0.45455 0.36364
vt 0.54545 0.36364
vt 0.63636 0.36364
vt 0.72727 0.36364
vt 0.81818 0.36364
vt 0.90909 0.36364
vt 1.00000 0.36364
vt 0.09091 0.45455
vt 0.00000 0.45455
vt 0.18182 0.45455
vt 0.27273 0.45455
vt 0.36364 0.45455
vt 0.45455 0.45455
vt 0.54545 0.45455
vt 0.63636 0.45455
vt 0.72727 0.45455
vt 0.81818 0.45455
vt 0.90909 0.45455
vt 1.00000 0.45455
vt 0.09091 0.54545
vt 0.00000 0.54545
vt 0.18182 0.54545
vt 0.27273 0.54545
vt 0.36364 0.54545
vt 0.45455 0.54545
vt 0.54545 0.54545
vt 0.63636 0.54545
vt 0.72727 0.54545
vt 0.81818 0.54545
vt 0.90909 0.54545
vt 1.00000 0.54545
vt 0.09091 0.63636
vt 0.00000 0.63636
vt 0.18182 0.63636
vt 0.27273 0.63636
vt 0.36364 0.63636
vt 0.45455 0.63636
vt 0.54545 0.63636
vt 0.63636 0.63636
vt 0.72727 0.63636
vt 0.81818 0.63636
vt 0.90909 0.63636
vt 1.00000 0.63636
vt 0.09091 0.72727
vt 0.00000 0.72727
vt 0.18182 0.72727
vt 0.27273 0.72727
vt 0.36364 0.72727
vt 0.45455 0.72727
vt 0.54545 0.72727
vt 0.63636 0.72727
vt 0.72727 0.72727
vt 0.81818 0.72727
vt 0.90909 0.72727
vt 1.00000 0.72727
vt 0.09091 0.81818
vt 0.00000 0.81818
vt 0.18182 0.81818
vt 0.27273 0.81818
vt 0.36364 0.81818
vt 0.45455 0.81818
vt 0.54545 0.81818
vt 0.63636 0.81818
vt 0.72727 0.81818
vt 0.81818 0.81818
vt 0.90909 0.81818
vt 1.00000 0.81818
vt 0.09091 0.90909
vt 0.00000 0.90909
vt 0.18182 0.90909
vt 0.27273 0.90909
vt 0.36364 0.90909
vt 0.45455 0.90909
vt 0.54545 0.90909
vt 0.63636 0.90909
vt 0.72727 0.90909
vt 0.81818 0.90909
vt 0.90909 0.90909
vt 1.00000 0.90909
vt 0.04545 1.00000
vt 0.13636 1.00000
vt 0.22727 1.00000
vt 0.31818 1.00000
vt 0.40909 1.00000
vt 0.50000 1.00000
vt 0.59091 1.00000
vt 0.68182 1.00000
vt 0.77273 1.00000
vt 0.86364 1.00000
vt 0.95455 1.00000
vn 0.00000 -0.20863 0.97800
vn 0.54175 -0.26035 0.79920
vn 0.60679 -0.11996 0.78576
vn 0.00000 -0.20863 0.97800
vn 0.30408 -0.40045 0.86439
vn 0.54175 -0.26035 0.79920
vn 0.00000 -0.20863 0.97800
vn -0.09225 -0.45468 0.88586
vn 0.30408 -0.40045 0.86439
vn 0.00000 -0.20863 0.97800
vn -0.43147 -0.37378 0.82105
vn -0.09225 -0.45468 0.88586
vn 0.00000 -0.20863 0.97800
vn -0.58827 -0.24135 0.77181
vn -0.43147 -0.37378 0.82105
vn 0.00000 -0.20863 0.97800
vn -0.59442 -0.11076 0.79649
vn -0.58827 -0.24135 0.77181
vn 0.00000 -0.20863 0.97800
vn -0.44945 0.00828 0.89327
vn -0.59442 -0.11076 0.79649
vn 0.00000 -0.20863 0.97800
vn -0.11791 0.09042 0.98890
vn -0.44945 0.00828 0.89327
vn 0.00000 -0.20863 0.97800
vn 0.28128 0.08392 0.95595
vn -0.11791 0.09042 0.98890
vn 0.00000 -0.20863 0.97800
vn 0.52953 -0.00063 0.84829
vn 0.28128 0.08392 0.95595
vn 0.00000 -0.20863 0.97800
vn 0.60679 -0.11996 0.78576
vn 0.52953 -0.00063 0.84829
vn 0.60679 -0.11996 0.78576
vn 0.54175 -0.26035 0.79920
vn 0.80727 -0.22652 0.54498
vn 0.85720 -0.02156 0.51453
vn 0.54175 -0.26035 0.79920
vn 0.30408 -0.40045 0.86439
vn 0.53342 -0.49458 0.68619
vn 0.80727 -0.22652 0.54498
vn 0.30408 -0.40045 0.86439
vn -0.09225 -0.45468 0.88586
vn -0.17718 -0.63100 0.75528
vn 0.53342 -0.49458 0.68619
vn -0.09225 -0.45468 0.88586
vn -0.43147 -0.37378 0.82105
vn -0.69212 -0.41655 0.58945
vn -0.17718 -0.63100 0.75528
vn -0.43147 -0.37378 0.82105
vn -0.58827 -0.24135 0.77181
vn -0.84384 -0.19484 0.49998
vn -0.69212 -0.41655 0.58945
vn -0.58827 -0.24135 0.77181
vn -0.59442 -0.11076 0.79649
vn -0.85261 -0.00576 0.52252
vn -0.84384 -0.19484 0.49998
vn -0.59442 -0.11076 0.79649
vn -0.44945 0.00828 0.89327
vn -0.72081 0.20168 0.66314
vn -0.85261 -0.00576 0.52252
vn -0.44945 0.00828 0.89327
vn -0.11791 0.09042 0.98890
vn -0.22583 0.41735 0.88024
vn -0.72081 0.20168 0.66314
vn -0.11791 0.09042 0.98890
vn 0.28128 0.08392 0.95595
vn 0.49347 0.36640 0.78882
vn -0.22583 0.41735 0.88024
vn 0.28128 0.08392 0.95595
vn 0.52953 -0.00063 0.84829
vn 0.78910 0.16510 0.59166
vn 0.49347 0.36640 0.78882
vn 0.52953 -0.00063 0.84829
vn 0.60679 -0.11996 0.78576
vn 0.85720 -0.02156 0.51453
vn 0.78910 0.16510 0.59166
vn 0.85720 -0.02156 0.51453
vn 0.80727 -0.22652 0.54498
vn 0.91608 -0.18683 0.35482
vn 0.94799 0.03947 0.31584
vn 0.80727 -0.22652 0.54498
vn 0.53342 -0.49458 0.68619
vn 0.67819 -0.52822 0.51091
vn 0.91608 -0.18683 0.35482
vn 0.53342 -0.49458 0.68619
vn -0.17718 -0.63100 0.75528
vn -0.24708 -0.75166 0.61152
vn 0.67819 -0.52822 0.51091
vn -0.17718 -0.63100 0.75528
vn -0.69212 -0.41655 0.58945
vn -0.82012 -0.41095 0.39816
vn -0.24708 -0.75166 0.61152
vn -0.69212 -0.41655 0.58945
vn -0.84384 -0.19484 0.49998
vn -0.93970 -0.15225 0.30625
vn -0.82012 -0.41095 0.39816
vn -0.84384 -0.19484 0.49998
vn -0.85261 -0.00576 0.52252
vn -0.94931 0.05969 0.30862
vn -0.93970 -0.15225 0.30625
vn -0.85261 -0.00576 0.52252
vn -0.72081 0.20168 0.66314
vn -0.85355 0.32604 0.40639
vn -0.94931 0.05969 0.30862
vn -0.72081 0.20168 0.66314
vn -0.22583 0.41735 0.88024
vn -0.31349 0.71238 0.62788
vn -0.85355 0.32604 0.40639
vn -0.22583 0.41735 0.88024
vn 0.49347 0.36640 0.78882
vn 0.62811 0.57592 0.52326
vn -0.31349 0.71238 0.62788
vn 0.49347 0.36640 0.78882
vn 0.78910 0.16510 0.59166
vn 0.89576 0.26102 0.35983
vn 0.62811 0.57592 0.52326
vn 0.78910 0.16510 0.59166
vn 0.85720 -0.02156 0.51453
vn 0.94799 0.03947 0.31584
vn 0.89576 0.26102 0.35983
vn 0.94799 0.03947 0.31584
vn 0.91608 -0.18683 0.35482
vn 0.96128 -0.16705 0.21916
vn 0.98396 0.06453 0.16632
vn 0.91608 -0.18683 0.35482
vn 0.67819 -0.52822 0.51091
vn 0.75643 -0.54219 0.36584
vn 0.96128 -0.16705 0.21916
vn 0.67819 -0.52822 0.51091
vn -0.24708 -0.75166 0.61152
vn -0.29393 -0.83150 0.47140
vn 0.75643 -0.54219 0.36584
vn -0.24708 -0.75166 0.61152
vn -0.82012 -0.41095 0.39816
vn -0.87765 -0.40412 0.25771
vn -0.29393 -0.83150 0.47140
vn -0.82012 -0.41095 0.39816
vn -0.93970 -0.15225 0.30625
vn -0.97698 -0.13307 0.16674
vn -0.87765 -0.40412 0.25771
vn -0.93970 -0.15225 0.30625
vn -0.94931 0.05969 0.30862
vn -0.98661 0.08561 0.13884
vn -0.97698 -0.13307 0.16674
vn -0.94931 0.05969 0.30862
vn -0.85355 0.32604 0.40639
vn -0.91210 0.37835 0.15791
vn -0.98661 0.08561 0.13884
vn -0.85355 0.32604 0.40639
vn -0.31349 0.71238 0.62788
vn -0.36990 0.89445 0.25126
vn -0.91210 0.37835 0.15791
vn -0.31349 0.71238 0.62788
vn 0.62811 0.57592 0.52326
vn 0.70264 0.67986 0.20997
vn -0.36990 0.89445 0.25126
vn 0.62811 0.57592 0.52326
vn 0.89576 0.26102 0.35983
vn 0.94076 0.29910 0.15971
vn 0.70264 0.67986 0.20997
vn 0.89576 0.26102 0.35983
vn 0.94799 0.03947 0.31584
vn 0.98396 0.06453 0.16632
vn 0.94076 0.29910 0.15971
vn 0.98396 0.06453 0.16632
vn 0.96128 -0.16705 0.21916
vn 0.97722 -0.17075 0.12604
vn 0.99694 0.05771 0.05276
vn 0.96128 -0.16705 0.21916
vn 0.75643 -0.54219 0.36584
vn 0.78680 -0.55684 0.26622
vn 0.97722 -0.17075 0.12604
vn 0.75643 -0.54219 0.36584
vn -0.29393 -0.83150 0.47140
vn -0.31326 -0.87743 0.36329
vn 0.78680 -0.55684 0.26622
vn -0.29393 -0.83150 0.47140
vn -0.87765 -0.40412 0.25771
vn -0.89670 -0.41094 0.16450
vn -0.31326 -0.87743 0.36329
vn -0.87765 -0.40412 0.25771
vn -0.97698 -0.13307 0.16674
vn -0.98806 -0.13901 0.06639
vn -0.89670 -0.41094 0.16450
vn -0.97698 -0.13307 0.16674
vn -0.98661 0.08561 0.13884
vn -0.99716 0.07528 0.00378
vn -0.98806 -0.13901 0.06639
vn -0.98661 0.08561 0.13884
vn -0.91210 0.37835 0.15791
vn -0.92956 0.36347 -0.06177
vn -0.99716 0.07528 0.00378
vn -0.91210 0.37835 0.15791
vn -0.36990 0.89445 0.25126
vn -0.38899 0.90755 -0.15825
vn -0.92956 0.36347 -0.06177
vn -0.36990 0.89445 0.25126
vn 0.70264 0.67986 0.20997
vn 0.73466 0.67205 -0.09284
vn -0.38899 0.90755 -0.15825
vn 0.70264 0.67986 0.20997
vn 0.94076 0.29910 0.15971
vn 0.95778 0.28739 -0.00782
vn 0.73466 0.67205 -0.09284
vn 0.94076 0.29910 0.15971
vn 0.98396 0.06453 0.16632
vn 0.99694 0.05771 0.05276
vn 0.95778 0.28739 -0.00782
vn 0.99694 0.05771 0.05276
vn 0.97722 -0.17075 0.12604
vn 0.97899 -0.19013 0.07368
vn 0.99929 0.02889 -0.02431
vn 0.97722 -0.17075 0.12604
vn 0.78680 -0.55684 0.26622
vn 0.78873 -0.57300 0.22265
vn 0.97899 -0.19013 0.07368
vn 0.78680 -0.55684 0.26622
vn -0.31326 -0.87743 0.36329
vn -0.31263 -0.89544 0.31694
vn 0.78873 -0.57300 0.22265
vn -0.31326 -0.87743 0.36329
vn -0.89670 -0.41094 0.16450
vn -0.89603 -0.42781 0.11879
vn -0.31263 -0.89544 0.31694
vn -0.89670 -0.41094 0.16450
vn -0.98806 -0.13901 0.06639
vn -0.98672 -0.16239 0.00367
vn -0.89603 -0.42781 0.11879
vn -0.98806 -0.13901 0.06639
vn -0.99716 0.07528 0.00378
vn -0.99489 0.03890 -0.09313
vn -0.98672 -0.16239 0.00367
vn -0.99716 0.07528 0.00378
vn -0.92956 0.36347 -0.06177
vn -0.92558 0.29980 -0.23114
vn -0.99489 0.03890 -0.09313
vn -0.92956 0.36347 -0.06177
vn -0.38899 0.90755 -0.15825
vn -0.38082 0.78375 -0.49063
vn -0.92558 0.29980 -0.23114
vn -0.38899 0.90755 -0.15825
vn 0.73466 0.67205 -0.09284
vn 0.74183 0.58214 -0.33288
vn -0.38082 0.78375 -0.49063
vn 0.73466 0.67205 -0.09284
vn 0.95778 0.28739 -0.00782
vn 0.96151 0.24025 -0.13331
vn 0.74183 0.58214 -0.33288
vn 0.95778 0.28739 -0.00782
vn 0.99694 0.05771 0.05276
vn 0.99929 0.02889 -0.02431
vn 0.96151 0.24025 -0.13331
vn 0.99929 0.02889 -0.02431
vn 0.97899 -0.19013 0.07368
vn 0.97470 -0.21831 0.04785
vn 0.99716 -0.01294 -0.07423
vn 0.97899 -0.19013 0.07368
vn 0.78873 -0.57300 0.22265
vn 0.77812 -0.59054 0.21399
vn 0.97470 -0.21831 0.04785
vn 0.78873 -0.57300 0.22265
vn -0.31263 -0.89544 0.31694
vn -0.30313 -0.90058 0.31155
vn 0.77812 -0.59054 0.21399
vn -0.31263 -0.89544 0.31694
vn -0.89603 -0.42781 0.11879
vn -0.88688 -0.45046 0.10261
vn -0.30313 -0.90058 0.31155
vn -0.89603 -0.42781 0.11879
vn -0.98672 -0.16239 0.00367
vn -0.98005 -0.19601 -0.03304
vn -0.88688 -0.45046 0.10261
vn -0.98672 -0.16239 0.00367
vn -0.99489 0.03890 -0.09313
vn -0.98710 -0.01323 -0.15959
vn -0.98005 -0.19601 -0.03304
vn -0.99489 0.03890 -0.09313
vn -0.92558 0.29980 -0.23114
vn -0.91226 0.20767 -0.35306
vn -0.98710 -0.01323 -0.15959
vn -0.92558 0.29980 -0.23114
vn -0.38082 0.78375 -0.49063
vn -0.36066 0.59125 -0.72135
vn -0.91226 0.20767 -0.35306
vn -0.38082 0.78375 -0.49063
vn 0.74183 0.58214 -0.33288
vn 0.73808 0.44765 -0.50482
vn -0.36066 0.59125 -0.72135
vn 0.74183 0.58214 -0.33288
vn 0.96151 0.24025 -0.13331
vn 0.95965 0.17205 -0.22242
vn 0.73808 0.44765 -0.50482
vn 0.96151 0.24025 -0.13331
vn 0.99929 0.02889 -0.02431
vn 0.99716 -0.01294 -0.07423
vn 0.95965 0.17205 -0.22242
vn 0.99716 -0.01294 -0.07423
vn 0.97470 -0.21831 0.04785
vn 0.96431 -0.26392 0.02123
vn 0.99035 -0.07256 -0.11809
vn 0.97470 -0.21831 0.04785
vn 0.77812 -0.59054 0.21399
vn 0.75581 -0.62553 0.19354
vn 0.96431 -0.26392 0.02123
vn 0.77812 -0.59054 0.21399
vn -0.30313 -0.90058 0.31155
vn -0.28382 -0.91563 0.28471
vn 0.75581 -0.62553 0.19354
vn -0.30313 -0.90058 0.31155
vn -0.88688 -0.45046 0.10261
vn -0.86766 -0.49043 0.08154
vn -0.28382 -0.91563 0.28471
vn -0.88688 -0.45046 0.10261
vn -0.98005 -0.19601 -0.03304
vn -0.96688 -0.24627 -0.06698
vn -0.86766 -0.49043 0.08154
vn -0.98005 -0.19601 -0.03304
vn -0.98710 -0.01323 -0.15959
vn -0.97277 -0.08435 -0.21587
vn -0.96688 -0.24627 -0.06698
vn -0.98710 -0.01323 -0.15959
vn -0.91226 0.20767 -0.35306
vn -0.88869 0.08772 -0.45005
vn -0.97277 -0.08435 -0.21587
vn -0.91226 0.20767 -0.35306
vn -0.36066 0.59125 -0.72135
vn -0.32980 0.34831 -0.87745
vn -0.88869 0.08772 -0.45005
vn -0.36066 0.59125 -0.72135
vn 0.73808 0.44765 -0.50482
vn 0.72308 0.27441 -0.63392
vn -0.32980 0.34831 -0.87745
vn 0.73808 0.44765 -0.50482
vn 0.95965 0.17205 -0.22242
vn 0.95176 0.08103 -0.29594
vn 0.72308 0.27441 -0.63392
vn 0.95965 0.17205 -0.22242
vn 0.99716 -0.01294 -0.07423
vn 0.99035 -0.07256 -0.11809
vn 0.95176 0.08103 -0.29594
vn 0.99035 -0.07256 -0.11809
vn 0.96431 -0.26392 0.02123
vn 0.93428 -0.35446 -0.03847
vn 0.96794 -0.17369 -0.18142
vn 0.96431 -0.26392 0.02123
vn 0.75581 -0.62553 0.19354
vn 0.70082 -0.70515 0.10776
vn 0.93428 -0.35446 -0.03847
vn 0.75581 -0.62553 0.19354
vn -0.28382 -0.91563 0.28471
vn -0.24028 -0.95615 0.16744
vn 0.70082 -0.70515 0.10776
vn -0.28382 -0.91563 0.28471
vn -0.86766 -0.49043 0.08154
vn -0.81768 -0.57545 0.01575
vn -0.24028 -0.95615 0.16744
vn -0.86766 -0.49043 0.08154
vn -0.96688 -0.24627 -0.06698
vn -0.93297 -0.33726 -0.12578
vn -0.81768 -0.57545 0.01575
vn -0.96688 -0.24627 -0.06698
vn -0.97277 -0.08435 -0.21587
vn -0.93779 -0.19653 -0.28623
vn -0.93297 -0.33726 -0.12578
vn -0.97277 -0.08435 -0.21587
vn -0.88869 0.08772 -0.45005
vn -0.83451 -0.08401 -0.54455
vn -0.93779 -0.19653 -0.28623
vn -0.88869 0.08772 -0.45005
vn -0.32980 0.34831 -0.87745
vn -0.27418 0.03369 -0.96109
vn -0.83451 -0.08401 -0.54455
vn -0.32980 0.34831 -0.87745
vn 0.72308 0.27441 -0.63392
vn 0.67546 0.03540 -0.73654
vn -0.27418 0.03369 -0.96109
vn 0.72308 0.27441 -0.63392
vn 0.95176 0.08103 -0.29594
vn 0.92408 -0.05669 -0.37797
vn 0.67546 0.03540 -0.73654
vn 0.95176 0.08103 -0.29594
vn 0.99035 -0.07256 -0.11809
vn 0.96794 -0.17369 -0.18142
vn 0.92408 -0.05669 -0.37797
vn 0.96794 -0.17369 -0.18142
vn 0.93428 -0.35446 -0.03847
vn 0.80341 -0.55862 -0.20609
vn 0.85917 -0.39621 -0.32381
vn 0.93428 -0.35446 -0.03847
vn 0.70082 -0.70515 0.10776
vn 0.52904 -0.83765 -0.13584
vn 0.80341 -0.55862 -0.20609
vn 0.70082 -0.70515 0.10776
vn -0.24028 -0.95615 0.16744
vn -0.13969 -0.98224 -0.12525
vn 0.52904 -0.83765 -0.13584
vn -0.24028 -0.95615 0.16744
vn -0.81768 -0.57545 0.01575
vn -0.64086 -0.74674 -0.17800
vn -0.13969 -0.98224 -0.12525
vn -0.81768 -0.57545 0.01575
vn -0.93297 -0.33726 -0.12578
vn -0.79695 -0.53813 -0.27437
vn -0.64086 -0.74674 -0.17800
vn -0.93297 -0.33726 -0.12578
vn -0.93779 -0.19653 -0.28623
vn -0.80062 -0.42575 -0.42160
vn -0.79695 -0.53813 -0.27437
vn -0.93779 -0.19653 -0.28623
vn -0.83451 -0.08401 -0.54455
vn -0.65268 -0.38414 -0.65302
vn -0.80062 -0.42575 -0.42160
vn -0.83451 -0.08401 -0.54455
vn -0.27418 0.03369 -0.96109
vn -0.15921 -0.38343 -0.90974
vn -0.65268 -0.38414 -0.65302
vn -0.27418 0.03369 -0.96109
vn 0.67546 0.03540 -0.73654
vn 0.51279 -0.33942 -0.78856
vn -0.15921 -0.38343 -0.90974
vn 0.67546 0.03540 -0.73654
vn 0.92408 -0.05669 -0.37797
vn 0.79586 -0.32691 -0.50964
vn 0.51279 -0.33942 -0.78856
vn 0.92408 -0.05669 -0.37797
vn 0.96794 -0.17369 -0.18142
vn 0.85917 -0.39621 -0.32381
vn 0.79586 -0.32691 -0.50964
vn 0.85917 -0.39621 -0.32381
vn 0.80341 -0.55862 -0.20609
vn 0.04222 -0.80763 -0.58817
vn 0.80341 -0.55862 -0.20609
vn 0.52904 -0.83765 -0.13584
vn 0.04222 -0.80763 -0.58817
vn 0.52904 -0.83765 -0.13584
vn -0.13969 -0.98224 -0.12525
vn 0.04222 -0.80763 -0.58817
vn -0.13969 -0.98224 -0.12525
vn -0.64086 -0.74674 -0.17800
vn 0.04222 -0.80763 -0.58817
vn -0.64086 -0.74674 -0.17800
vn -0.79695 -0.53813 -0.27437
vn 0.04222 -0.80763 -0.58817
vn -0.79695 -0.53813 -0.27437
vn -0.80062 -0.42575 -0.42160
vn 0.04222 -0.80763 -0.58817
vn -0.80062 -0.42575 -0.42160
vn -0.65268 -0.38414 -0.65302
vn 0.04222 -0.80763 -0.58817
vn -0.65268 -0.38414 -0.65302
vn -0.15921 -0.38343 -0.90974
vn 0.04222 -0.80763 -0.58817
vn -0.15921 -0.38343 -0.90974
vn 0.51279 -0.33942 -0.78856
vn 0.04222 -0.80763 -0.58817
vn 0.51279 -0.33942 -0.78856
vn 0.79586 -0.32691 -0.50964
vn 0.04222 -0.80763 -0.58817
vn 0.79586 -0.32691 -0.50964
vn 0.85917 -0.39621 -0.32381
vn 0.04222 -0.80763 -0.58817
f 1/1/1 2/2/2 3/3/3 
f 1/4/4 4/5/5 2/2/6 
f 1/6/7 5/7/8 4/5/9 
f 1/8/10 6/9/11 5/7/12 
f 1/10/13 7/11/14 6/9/15 
f 1/12/16 8/13/17 7/11/18 
f 1/14/19 9/15/20 8/13/21 
f 1/16/22 10/17/23 9/15/24 
f 1/18/25 11/19/26 10/17/27 
f 1/20/28 12/21/29 11/19/30 
f 1/22/31 3/23/32 12/21/33 
f 3/3/34 2/2/35 13/24/36 14/25/37 
f 2/2/38 4/5/39 15/26/40 13/24/41 
f 4/5/42 5/7/43 16/27/44 15/26/45 
f 5/7/46 6/9/47 17/28/48 16/27/49 
f 6/9/50 7/11/51 18/29/52 17/28/53 
f 7/11/54 8/13/55 19/30/56 18/29/57 
f 8/13/58 9/15/59 20/31/60 19/30/61 
f 9/15/62 10/17/63 21/32/64 20/31/65 
f 10/17/66 11/19/67 22/33/68 21/32/69 
f 11/19/70 12/21/71 23/34/72 22/33/73 
f 12/21/74 3/23/75 14/35/76 23/34/77 
f 14/25/78 13/24/79 24/36/80 25/37/81 
f 13/24/82 15/26/83 26/38/84 24/36/85 
f 15/26/86 16/27/87 27/39/88 26/38/89 
f 16/27/90 17/28/91 28/40/92 27/39/93 
f 17/28/94 18/29/95 29/41/96 28/40/97 
f 18/29/98 19/30/99 30/42/100 29/41/101 
f 19/30/102 20/31/103 31/43/104 30/42/105 
f 20/31/106 21/32/107 32/44/108 31/43/109 
f 21/32/110 22/33/111 33/45/112 32/44/113 
f 22/33/114 23/34/115 34/46/116 33/45/117 
f 23/34/118 14/35/119 25/47/120 34/46/121 
f 25/37/122 24/36/123 35/48/124 36/49/125 
f 24/36/126 26/38/127 37/50/128 35/48/129 
f 26/38/130 27/39/131 38/51/132 37/50/133 
f 27/39/134 28/40/135 39/52/136 38/51/137 
f 28/40/138 29/41/139 40/53/140 39/52/141 
f 29/41/142 30/42/143 41/54/144 40/53/145 
f 30/42/146 31/43/147 42/55/148 41/54/149 
f 31/43/150 32/44/151 43/56/152 42/55/153 
f 32/44/154 33/45/155 44/57/156 43/56/157 
f 33/45/158 34/46/159 45/58/160 44/57/161 
f 34/46/162 25/47/163 36/59/164 45/58/165 
f 36/49/166 35/48/167 46/60/168 47/61/169 
f 35/48/170 37/50/171 48/62/172 46/60/173 
f 37/50/174 38/51/175 49/63/176 48/62/177 
f 38/51/178 39/52/179 50/64/180 49/63/181 
f 39/52/182 40/53/183 51/65/184 50/64/185 
f 40/53/186 41/54/187 52/66/188 51/65/189 
f 41/54/190 42/55/191 53/67/192 52/66/193 
f 42/55/194 43/56/195 54/68/196 53/67/197 
f 43/56/198 44/57/199 55/69/200 54/68/201 
f 44/57/202 45/58/203 56/70/204 55/69/205 
f 45/58/206 36/59/207 47/71/208 56/70/209 
f 47/61/210 46/60/211 57/72/212 58/73/213 
f 46/60/214 48/62/215 59/74/216 57/72/217 
f 48/62/218 49/63/219 60/75/220 59/74/221 
f 49/63/222 50/64/223 61/76/224 60/75/225 
f 50/64/226 51/65/227 62/77/228 61/76/229 
f 51/65/230 52/66/231 63/78/232 62/77/233 
f 52/66/234 53/67/235 64/79/236 63/78/237 
f 53/67/238 54/68/239 65/80/240 64/79/241 
f 54/68/242 55/69/243 66/81/244 65/80/245 
f 55/69/246 56/70/247 67/82/248 66/81/249 
f 56/70/250 47/71/251 58/83/252 67/82/253 
f 58/73/254 57/72/255 68/84/256 69/85/257 
f 57/72/258 59/74/259 70/86/260 68/84/261 
f 59/74/262 60/75/263 71/87/264 70/86/265 
f 60/75/266 61/76/267 72/88/268 71/87/269 
f 61/76/270 62/77/271 73/89/272 72/88/273 
f 62/77/274 63/78/275 74/90/276 73/89/277 
f 63/78/278 64/79/279 75/91/280 74/90/281 
f 64/79/282 65/80/283 76/92/284 75/91/285 
f 65/80/286 66/81/287 77/93/288 76/92/289 
f 66/81/290 67/82/291 78/94/292 77/93/293 
f 67/82/294 58/83/295 69/95/296 78/94/297 
f 69/85/298 68/84/299 79/96/300 80/97/301 
f 68/84/302 70/86/303 81/98/304 79/96/305 
f 70/86/306 71/87/307 82/99/308 81/98/309 
f 71/87/310 72/88/311 83/100/312 82/99/313 
f 72/88/314 73/89/315 84/101/316 83/100/317 
f 73/89/318 74/90/319 85/102/320 84/101/321 
f 74/90/322 75/91/323 86/103/324 85/102/325 
f 75/91/326 76/92/327 87/104/328 86/103/329 
f 76/92/330 77/93/331 88/105/332 87/104/333 
f 77/93/334 78/94/335 89/106/336 88/105/337 
f 78/94/338 69/95/339 80/107/340 89/106/341 
f 80/97/342 79/96/343 90/108/344 91/109/345 
f 79/96/346 81/98/347 92/110/348 90/108/349 
f 81/98/350 82/99/351 93/111/352 92/110/353 
f 82/99/354 83/100/355 94/112/356 93/111/357 
f 83/100/358 84/101/359 95/113/360 94/112/361 
f 84/101/362 85/102/363 96/114/364 95/113/365 
f 85/102/366 86/103/367 97/115/368 96/114/369 
f 86/103/370 87/104/371 98/116/372 97/115/373 
f 87/104/374 88/105/375 99/117/376 98/116/377 
f 88/105/378 89/106/379 100/118/380 99/117/381 
f 89/106/382 80/107/383 91/119/384 100/118/385 
f 91/109/386 90/108/387 101/120/388 102/121/389 
f 90/108/390 92/110/391 103/122/392 101/120/393 
f 92/110/394 93/111/395 104/123/396 103/122/397 
f 93/111/398 94/112/399 105/124/400 104/123/401 
f 94/112/402 95/113/403 106/125/404 105/124/405 
f 95/113/406 96/114/407 107/126/408 106/125/409 
f 96/114/410 97/115/411 108/127/412 107/126/413 
f 97/115/414 98/116/415 109/128/416 108/127/417 
f 98/116/418 99/117/419 110/129/420 109/128/421 
f 99/117/422 100/118/423 111/130/424 110/129/425 
f 100/118/426 91/119/427 102/131/428 111/130/429 
f 102/121/430 101/120/431 112/132/432 
f 101/120/433 103/122/434 112/133/435 
f 103/122/436 104/123/437 112/134/438 
f 104/123/439 105/124/440 112/135/441 
f 105/124/442 106/125/443 112/136/444 
f 106/125/445 107/126/446 112/137/447 
f 107/126/448 108/127/449 112/138/450 
f 108/127/451 109/128/452 112/139/453 
f 109/128/454 110/129/455 112/140/456 
f 110/129/457 111/130/458 112/141/459 
f 111/130/460 102/131/461 112/142/462 
o 001_Sphere_3
g Sphere_3
usemtl Lagoon Glow 0
v -1.309 103.684 40.036
v 0.589 102.359 34.950
v 1.863 104.282 39.184
v -1.240 101.220 32.158
v -3.044 101.226 31.693
v -4.248 102.375 33.703
v -4.472 104.303 37.550
v -3.644 106.396 42.013
v -2.027 107.992 45.674
v -0.134 108.582 47.371
v 1.434 107.980 46.566
v 2.178 106.377 43.514
v 2.518 102.836 29.375
v 5.018 107.049 37.158
v -1.019 100.291 24.248
v -4.469 100.221 23.404
v -6.738 102.649 27.112
v -7.104 106.805 34.195
v -5.452 111.367 42.403
v -2.307 114.889 49.130
v 1.334 116.251 52.242
v 4.314 115.022 50.749
v 5.687 111.592 45.126
v 4.140 104.693 23.856
v 7.680 111.559 33.749
v -0.774 100.457 17.356
v -5.502 100.197 16.313
v -8.543 103.994 21.058
v -8.931 110.644 30.085
v -6.544 118.035 40.527
v -2.138 123.820 49.069
v 2.886 126.163 53.000
v 6.935 124.320 51.071
v 8.722 118.876 43.894
v 5.129 107.838 18.830
v 9.287 117.117 28.801
v -0.543 102.015 12.312
v -5.929 101.499 11.315
v -9.317 106.452 16.155
v -9.634 115.303 25.297
v -6.777 125.241 35.837
v -1.654 133.110 44.429
v 4.108 136.414 48.346
v 8.680 134.101 46.343
v 10.611 126.908 39.057
v 5.274 112.418 14.340
v 9.407 122.862 22.405
v -0.298 105.787 9.113
v -5.542 105.073 8.384
v -8.791 110.503 12.385
v -9.014 120.354 19.845
v -6.141 131.497 28.396
v -1.083 140.395 35.323
v 4.553 144.223 38.427
v 8.978 141.765 36.722
v 10.788 133.802 30.749
v 4.624 118.167 9.832
v 8.110 127.936 15.000
v -0.061 111.917 6.537
v -4.458 111.168 6.163
v -7.171 116.158 8.827
v -7.339 125.304 13.684
v -4.907 135.701 19.192
v -0.649 144.049 23.602
v 4.084 147.697 25.514
v 7.789 145.486 24.321
v 9.290 138.120 20.402
v 3.672 123.395 4.521
v 6.385 131.648 7.281
v 0.006 118.089 2.821
v -3.449 117.415 2.720
v -5.596 121.588 4.250
v -5.754 129.282 6.926
v -3.871 138.054 9.898
v -0.547 145.120 12.222
v 3.164 148.236 13.161
v 6.083 146.413 12.416
v 7.284 140.229 10.224
v 2.598 127.433 -1.007
v 4.591 133.885 0.163
v -0.126 123.275 -1.668
v -2.717 122.732 -1.609
v -4.352 125.976 -0.851
v -4.511 131.977 0.367
v -3.145 138.830 1.658
v -0.686 144.359 2.612
v 2.083 146.809 2.926
v 4.285 145.401 2.500
v 5.220 140.584 1.470
v 1.475 130.497 -5.797
v 2.800 134.981 -5.490
v -0.363 127.605 -5.911
v -2.129 127.223 -5.798
v -3.262 129.472 -5.493
v -3.403 133.638 -5.093
v -2.507 138.399 -4.725
v -0.859 142.243 -4.506
v 1.019 143.949 -4.505
v 2.529 142.976 -4.723
v 3.194 139.633 -5.090
v 0.374 133.138 -9.044
v 1.042 135.457 -9.049
v -0.563 131.642 -8.992
v -1.470 131.444 -8.910
v -2.060 132.607 -8.823
v -2.146 134.761 -8.759
v -1.700 137.223 -8.739
v -0.863 139.211 -8.769
v 0.097 140.094 -8.839
v 0.877 139.591 -8.927
v 1.230 137.863 -9.005
v -0.596 135.748 -10.166
vt 0.04545 0.00000
vt 0.09091 0.09091
vt 0.00000 0.09091
vt 0.13636 0.00000
vt 0.18182 0.09091
vt 0.22727 0.00000
vt 0.27273 0.09091
vt 0.31818 0.00000
vt 0.36364 0.09091
vt 0.40909 0.00000
vt 0.45455 0.09091
vt 0.50000 0.00000
vt 0.54545 0.09091
vt 0.59091 0.00000
vt 0.63636 0.09091
vt 0.68182 0.00000
vt 0.72727 0.09091
vt 0.77273 0.00000
vt 0.81818 0.09091
vt 0.86364 0.00000
vt 0.90909 0.09091
vt 0.95455 0.00000
vt 1.00000 0.09091
vt 0.09091 0.18182
vt 0.00000 0.18182
vt 0.18182 0.18182
vt 0.27273 0.18182
vt 0.36364 0.18182
vt 0.45455 0.18182
vt 0.54545 0.18182
vt 0.63636 0.18182
vt 0.72727 0.18182
vt 0.81818 0.18182
vt 0.90909 0.18182
vt 1.00000 0.18182
vt 0.09091 0.27273
vt 0.00000 0.27273
vt 0.18182 0.27273
vt 0.27273 0.27273
vt 0.36364 0.27273
vt 0.45455 0.27273
vt 0.54545 0.27273
vt 0.63636 0.27273
vt 0.72727 0.27273
vt 0.81818 0.27273
vt 0.90909 0.27273
vt 1.00000 0.27273
vt 0.09091 0.36364
vt 0.00000 0.36364
vt 0.18182 0.36364
vt 0.27273 0.36364
vt 0.36364 0.36364
vt 0.45455 0.36364
vt 0.54545 0.36364
vt 0.63636 0.36364
vt 0.72727 0.36364
vt 0.81818 0.36364
vt 0.90909 0.36364
vt 1.00000 0.36364
vt 0.09091 0.45455
vt 0.00000 0.45455
vt 0.18182 0.45455
vt 0.27273 0.45455
vt 0.36364 0.45455
vt 0.45455 0.45455
vt 0.54545 0.45455
vt 0.63636 0.45455
vt 0.72727 0.45455
vt 0.81818 0.45455
vt 0.90909 0.45455
vt 1.00000 0.45455
vt 0.09091 0.54545
vt 0.00000 0.54545
vt 0.18182 0.54545
vt 0.27273 0.54545
vt 0.36364 0.54545
vt 0.45455 0.54545
vt 0.54545 0.54545
vt 0.63636 0.54545
vt 0.72727 0.54545
vt 0.81818 0.54545
vt 0.90909 0.54545
vt 1.00000 0.54545
vt 0.09091 0.63636
vt 0.00000 0.63636
vt 0.18182 0.63636
vt 0.27273 0.63636
vt 0.36364 0.63636
vt 0.45455 0.63636
vt 0.54545 0.63636
vt 0.63636 0.63636
vt 0.72727 0.63636
vt 0.81818 0.63636
vt 0.90909 0.63636
vt 1.00000 0.63636
vt 0.09091 0.72727
vt 0.00000 0.72727
vt 0.18182 0.72727
vt 0.27273 0.72727
vt 0.36364 0.72727
vt 0.45455 0.72727
vt 0.54545 0.72727
vt 0.63636 0.72727
vt 0.72727 0.72727
vt 0.81818 0.72727
vt 0.90909 0.72727
vt 1.00000 0.72727
vt 0.09091 0.81818
vt 0.00000 0.81818
vt 0.18182 0.81818
vt 0.27273 0.81818
vt 0.36364 0.81818
vt 0.45455 0.81818
vt 0.54545 0.81818
vt 0.63636 0.81818
vt 0.72727 0.81818
vt 0.81818 0.81818
vt 0.90909 0.81818
vt 1.00000 0.81818
vt 0.09091 0.90909
vt 0.00000 0.90909
vt 0.18182 0.90909
vt 0.27273 0.90909
vt 0.36364 0.90909
vt 0.45455 0.90909
vt 0.54545 0.90909
vt 0.63636 0.90909
vt 0.72727 0.90909
vt 0.81818 0.90909
vt 0.90909 0.90909
vt 1.00000 0.90909
vt 0.04545 1.00000
vt 0.13636 1.00000
vt 0.22727 1.00000
vt 0.31818 1.00000
vt 0.40909 1.00000
vt 0.50000 1.00000
vt 0.59091 1.00000
vt 0.68182 1.00000
vt 0.77273 1.00000
vt 0.86364 1.00000
vt 0.95455 1.00000
vn -0.12010 -0.90023 0.41852
vn 0.44717 -0.87534 0.18388
vn 0.54299 -0.79448 0.27197
vn -0.12010 -0.90023 0.41852
vn 0.16743 -0.97408 0.15209
vn 0.44717 -0.87534 0.18388
vn -0.12010 -0.90023 0.41852
vn -0.26912 -0.94557 0.18293
vn 0.16743 -0.97408 0.15209
vn -0.12010 -0.90023 0.41852
vn -0.59668 -0.76114 0.25424
vn -0.26912 -0.94557 0.18293
vn -0.12010 -0.90023 0.41852
vn -0.71600 -0.60655 0.34559
vn -0.59668 -0.76114 0.25424
vn -0.12010 -0.90023 0.41852
vn -0.69474 -0.55279 0.46017
vn -0.71600 -0.60655 0.34559
vn -0.12010 -0.90023 0.41852
vn -0.53348 -0.60137 0.59477
vn -0.69474 -0.55279 0.46017
vn -0.12010 -0.90023 0.41852
vn -0.17721 -0.71322 0.67817
vn -0.53348 -0.60137 0.59477
vn -0.12010 -0.90023 0.41852
vn 0.24846 -0.76926 0.58865
vn -0.17721 -0.71322 0.67817
vn -0.12010 -0.90023 0.41852
vn 0.48972 -0.76778 0.41314
vn 0.24846 -0.76926 0.58865
vn -0.12010 -0.90023 0.41852
vn 0.54299 -0.79448 0.27197
vn 0.48972 -0.76778 0.41314
vn 0.54299 -0.79448 0.27197
vn 0.44717 -0.87534 0.18388
vn 0.72331 -0.69013 0.02305
vn 0.81285 -0.56299 0.14938
vn 0.44717 -0.87534 0.18388
vn 0.16743 -0.97408 0.15209
vn 0.39441 -0.91698 -0.05997
vn 0.72331 -0.69013 0.02305
vn 0.16743 -0.97408 0.15209
vn -0.26912 -0.94557 0.18293
vn -0.39024 -0.92047 -0.02112
vn 0.39441 -0.91698 -0.05997
vn -0.26912 -0.94557 0.18293
vn -0.59668 -0.76114 0.25424
vn -0.83758 -0.53285 0.12055
vn -0.39024 -0.92047 -0.02112
vn -0.59668 -0.76114 0.25424
vn -0.71600 -0.60655 0.34559
vn -0.91724 -0.30795 0.25267
vn -0.83758 -0.53285 0.12055
vn -0.71600 -0.60655 0.34559
vn -0.69474 -0.55279 0.46017
vn -0.88649 -0.22302 0.40546
vn -0.91724 -0.30795 0.25267
vn -0.69474 -0.55279 0.46017
vn -0.53348 -0.60137 0.59477
vn -0.73493 -0.24928 0.63067
vn -0.88649 -0.22302 0.40546
vn -0.53348 -0.60137 0.59477
vn -0.17721 -0.71322 0.67817
vn -0.20792 -0.41684 0.88488
vn -0.73493 -0.24928 0.63067
vn -0.17721 -0.71322 0.67817
vn 0.24846 -0.76926 0.58865
vn 0.54064 -0.51302 0.66672
vn -0.20792 -0.41684 0.88488
vn 0.24846 -0.76926 0.58865
vn 0.48972 -0.76778 0.41314
vn 0.78744 -0.51299 0.34172
vn 0.54064 -0.51302 0.66672
vn 0.48972 -0.76778 0.41314
vn 0.54299 -0.79448 0.27197
vn 0.81285 -0.56299 0.14938
vn 0.78744 -0.51299 0.34172
vn 0.81285 -0.56299 0.14938
vn 0.72331 -0.69013 0.02305
vn 0.83965 -0.53884 -0.06808
vn 0.91592 -0.39517 0.07029
vn 0.72331 -0.69013 0.02305
vn 0.39441 -0.91698 -0.05997
vn 0.54091 -0.81565 -0.20526
vn 0.83965 -0.53884 -0.06808
vn 0.39441 -0.91698 -0.05997
vn -0.39024 -0.92047 -0.02112
vn -0.48043 -0.85616 -0.19018
vn 0.54091 -0.81565 -0.20526
vn -0.39024 -0.92047 -0.02112
vn -0.83758 -0.53285 0.12055
vn -0.93545 -0.35183 0.03396
vn -0.48043 -0.85616 -0.19018
vn -0.83758 -0.53285 0.12055
vn -0.91724 -0.30795 0.25267
vn -0.97498 -0.12035 0.18691
vn -0.93545 -0.35183 0.03396
vn -0.91724 -0.30795 0.25267
vn -0.88649 -0.22302 0.40546
vn -0.93930 -0.00990 0.34296
vn -0.97498 -0.12035 0.18691
vn -0.88649 -0.22302 0.40546
vn -0.73493 -0.24928 0.63067
vn -0.80917 0.03909 0.58627
vn -0.93930 -0.00990 0.34296
vn -0.73493 -0.24928 0.63067
vn -0.20792 -0.41684 0.88488
vn -0.21371 -0.03044 0.97642
vn -0.80917 0.03909 0.58627
vn -0.20792 -0.41684 0.88488
vn 0.54064 -0.51302 0.66672
vn 0.73489 -0.21514 0.64316
vn -0.21371 -0.03044 0.97642
vn 0.54064 -0.51302 0.66672
vn 0.78744 -0.51299 0.34172
vn 0.91546 -0.30416 0.26348
vn 0.73489 -0.21514 0.64316
vn 0.78744 -0.51299 0.34172
vn 0.81285 -0.56299 0.14938
vn 0.91592 -0.39517 0.07029
vn 0.91546 -0.30416 0.26348
vn 0.91592 -0.39517 0.07029
vn 0.83965 -0.53884 -0.06808
vn 0.89090 -0.43413 -0.13351
vn 0.96057 -0.27805 0.00182
vn 0.83965 -0.53884 -0.06808
vn 0.54091 -0.81565 -0.20526
vn 0.62163 -0.72078 -0.30668
vn 0.89090 -0.43413 -0.13351
vn 0.54091 -0.81565 -0.20526
vn -0.48043 -0.85616 -0.19018
vn -0.53671 -0.77759 -0.32756
vn 0.62163 -0.72078 -0.30668
vn -0.48043 -0.85616 -0.19018
vn -0.93545 -0.35183 0.03396
vn -0.97273 -0.22990 -0.03079
vn -0.53671 -0.77759 -0.32756
vn -0.93545 -0.35183 0.03396
vn -0.97498 -0.12035 0.18691
vn -0.99167 -0.00087 0.12883
vn -0.97273 -0.22990 -0.03079
vn -0.97498 -0.12035 0.18691
vn -0.93930 -0.00990 0.34296
vn -0.95279 0.13439 0.27228
vn -0.99167 -0.00087 0.12883
vn -0.93930 -0.00990 0.34296
vn -0.80917 0.03909 0.58627
vn -0.83153 0.26130 0.49018
vn -0.95279 0.13439 0.27228
vn -0.80917 0.03909 0.58627
vn -0.21371 -0.03044 0.97642
vn -0.20355 0.38142 0.90171
vn -0.83153 0.26130 0.49018
vn -0.21371 -0.03044 0.97642
vn 0.73489 -0.21514 0.64316
vn 0.84752 0.06504 0.52677
vn -0.20355 0.38142 0.90171
vn 0.73489 -0.21514 0.64316
vn 0.91546 -0.30416 0.26348
vn 0.97415 -0.14454 0.17364
vn 0.84752 0.06504 0.52677
vn 0.91546 -0.30416 0.26348
vn 0.91592 -0.39517 0.07029
vn 0.96057 -0.27805 0.00182
vn 0.97415 -0.14454 0.17364
vn 0.96057 -0.27805 0.00182
vn 0.89090 -0.43413 -0.13351
vn 0.90962 -0.37012 -0.18871
vn 0.97732 -0.20110 -0.06632
vn 0.89090 -0.43413 -0.13351
vn 0.62163 -0.72078 -0.30668
vn 0.65338 -0.65667 -0.37667
vn 0.90962 -0.37012 -0.18871
vn 0.62163 -0.72078 -0.30668
vn -0.53671 -0.77759 -0.32756
vn -0.55905 -0.71274 -0.42363
vn 0.65338 -0.65667 -0.37667
vn -0.53671 -0.77759 -0.32756
vn -0.97273 -0.22990 -0.03079
vn -0.98346 -0.16033 -0.08422
vn -0.55905 -0.71274 -0.42363
vn -0.97273 -0.22990 -0.03079
vn -0.99167 -0.00087 0.12883
vn -0.99491 0.07110 0.07142
vn -0.98346 -0.16033 -0.08422
vn -0.99167 -0.00087 0.12883
vn -0.95279 0.13439 0.27228
vn -0.95422 0.22892 0.19252
vn -0.99491 0.07110 0.07142
vn -0.95279 0.13439 0.27228
vn -0.83153 0.26130 0.49018
vn -0.83439 0.41784 0.35945
vn -0.95422 0.22892 0.19252
vn -0.83153 0.26130 0.49018
vn -0.20355 0.38142 0.90171
vn -0.19084 0.71533 0.67222
vn -0.83439 0.41784 0.35945
vn -0.20355 0.38142 0.90171
vn 0.84752 0.06504 0.52677
vn 0.89551 0.28240 0.34395
vn -0.19084 0.71533 0.67222
vn 0.84752 0.06504 0.52677
vn 0.97415 -0.14454 0.17364
vn 0.99697 -0.03135 0.07126
vn 0.89551 0.28240 0.34395
vn 0.97415 -0.14454 0.17364
vn 0.96057 -0.27805 0.00182
vn 0.97732 -0.20110 -0.06632
vn 0.99697 -0.03135 0.07126
vn 0.97732 -0.20110 -0.06632
vn 0.90962 -0.37012 -0.18871
vn 0.91066 -0.34229 -0.23139
vn 0.97857 -0.16048 -0.12903
vn 0.90962 -0.37012 -0.18871
vn 0.65338 -0.65667 -0.37667
vn 0.65471 -0.63280 -0.41342
vn 0.91066 -0.34229 -0.23139
vn 0.65338 -0.65667 -0.37667
vn -0.55905 -0.71274 -0.42363
vn -0.55916 -0.68635 -0.46503
vn 0.65471 -0.63280 -0.41342
vn -0.55905 -0.71274 -0.42363
vn -0.98346 -0.16033 -0.08422
vn -0.98326 -0.13561 -0.12169
vn -0.55916 -0.68635 -0.46503
vn -0.98346 -0.16033 -0.08422
vn -0.99491 0.07110 0.07142
vn -0.99433 0.10434 0.02046
vn -0.98326 -0.13561 -0.12169
vn -0.99491 0.07110 0.07142
vn -0.95422 0.22892 0.19252
vn -0.95323 0.28009 0.11357
vn -0.99433 0.10434 0.02046
vn -0.95422 0.22892 0.19252
vn -0.83439 0.41784 0.35945
vn -0.83265 0.50844 0.21950
vn -0.95323 0.28009 0.11357
vn -0.83439 0.41784 0.35945
vn -0.19084 0.71533 0.67222
vn -0.18669 0.90647 0.37877
vn -0.83265 0.50844 0.21950
vn -0.19084 0.71533 0.67222
vn 0.89551 0.28240 0.34395
vn 0.89943 0.41371 0.14097
vn -0.18669 0.90647 0.37877
vn 0.89551 0.28240 0.34395
vn 0.99697 -0.03135 0.07126
vn 0.99889 0.03502 -0.03151
vn 0.89943 0.41371 0.14097
vn 0.99697 -0.03135 0.07126
vn 0.97732 -0.20110 -0.06632
vn 0.97857 -0.16048 -0.12903
vn 0.99889 0.03502 -0.03151
vn 0.97857 -0.16048 -0.12903
vn 0.91066 -0.34229 -0.23139
vn 0.90311 -0.33756 -0.26543
vn 0.97173 -0.14552 -0.18590
vn 0.91066 -0.34229 -0.23139
vn 0.65471 -0.63280 -0.41342
vn 0.64181 -0.63458 -0.43057
vn 0.90311 -0.33756 -0.26543
vn 0.65471 -0.63280 -0.41342
vn -0.55916 -0.68635 -0.46503
vn -0.55028 -0.68744 -0.47395
vn 0.64181 -0.63458 -0.43057
vn -0.55916 -0.68635 -0.46503
vn -0.98326 -0.13561 -0.12169
vn -0.97930 -0.13752 -0.14852
vn -0.55028 -0.68744 -0.47395
vn -0.98326 -0.13561 -0.12169
vn -0.99433 0.10434 0.02046
vn -0.99335 0.11246 -0.02450
vn -0.97930 -0.13752 -0.14852
vn -0.99433 0.10434 0.02046
vn -0.95323 0.28009 0.11357
vn -0.95307 0.30022 0.03911
vn -0.99335 0.11246 -0.02450
vn -0.95323 0.28009 0.11357
vn -0.83265 0.50844 0.21950
vn -0.83219 0.54813 0.08376
vn -0.95307 0.30022 0.03911
vn -0.83265 0.50844 0.21950
vn -0.18669 0.90647 0.37877
vn -0.19315 0.97704 0.08992
vn -0.83219 0.54813 0.08376
vn -0.18669 0.90647 0.37877
vn 0.89943 0.41371 0.14097
vn 0.87941 0.47282 -0.05542
vn -0.19315 0.97704 0.08992
vn 0.89943 0.41371 0.14097
vn 0.99889 0.03502 -0.03151
vn 0.98950 0.06511 -0.12902
vn 0.87941 0.47282 -0.05542
vn 0.99889 0.03502 -0.03151
vn 0.97857 -0.16048 -0.12903
vn 0.97173 -0.14552 -0.18590
vn 0.98950 0.06511 -0.12902
vn 0.97173 -0.14552 -0.18590
vn 0.90311 -0.33756 -0.26543
vn 0.88695 -0.34050 -0.31207
vn 0.95707 -0.14336 -0.25193
vn 0.90311 -0.33756 -0.26543
vn 0.64181 -0.63458 -0.43057
vn 0.61506 -0.63560 -0.46660
vn 0.88695 -0.34050 -0.31207
vn 0.64181 -0.63458 -0.43057
vn -0.55028 -0.68744 -0.47395
vn -0.53207 -0.67960 -0.50501
vn 0.61506 -0.63560 -0.46660
vn -0.55028 -0.68744 -0.47395
vn -0.97930 -0.13752 -0.14852
vn -0.97022 -0.14711 -0.19244
vn -0.53207 -0.67960 -0.50501
vn -0.97930 -0.13752 -0.14852
vn -0.99335 0.11246 -0.02450
vn -0.99076 0.10883 -0.08097
vn -0.97022 -0.14711 -0.19244
vn -0.99335 0.11246 -0.02450
vn -0.95307 0.30022 0.03911
vn -0.95221 0.30219 -0.04455
vn -0.99076 0.10883 -0.08097
vn -0.95307 0.30022 0.03911
vn -0.83219 0.54813 0.08376
vn -0.83049 0.55375 -0.06043
vn -0.95221 0.30219 -0.04455
vn -0.83219 0.54813 0.08376
vn -0.19315 0.97704 0.08992
vn -0.20543 0.95876 -0.19641
vn -0.83049 0.55375 -0.06043
vn -0.19315 0.97704 0.08992
vn 0.87941 0.47282 -0.05542
vn 0.83789 0.48204 -0.25608
vn -0.20543 0.95876 -0.19641
vn 0.87941 0.47282 -0.05542
vn 0.98950 0.06511 -0.12902
vn 0.96944 0.07327 -0.23414
vn 0.83789 0.48204 -0.25608
vn 0.98950 0.06511 -0.12902
vn 0.97173 -0.14552 -0.18590
vn 0.95707 -0.14336 -0.25193
vn 0.96944 0.07327 -0.23414
vn 0.95707 -0.14336 -0.25193
vn 0.88695 -0.34050 -0.31207
vn 0.84715 -0.34000 -0.40834
vn 0.92240 -0.14590 -0.35762
vn 0.88695 -0.34050 -0.31207
vn 0.61506 -0.63560 -0.46660
vn 0.55207 -0.60723 -0.57139
vn 0.84715 -0.34000 -0.40834
vn 0.61506 -0.63560 -0.46660
vn -0.53207 -0.67960 -0.50501
vn -0.48809 -0.62040 -0.61390
vn 0.55207 -0.60723 -0.57139
vn -0.53207 -0.67960 -0.50501
vn -0.97022 -0.14711 -0.19244
vn -0.94143 -0.15407 -0.29997
vn -0.48809 -0.62040 -0.61390
vn -0.97022 -0.14711 -0.19244
vn -0.99076 0.10883 -0.08097
vn -0.97798 0.09850 -0.18397
vn -0.94143 -0.15407 -0.29997
vn -0.99076 0.10883 -0.08097
vn -0.95221 0.30219 -0.04455
vn -0.94194 0.29006 -0.16916
vn -0.97798 0.09850 -0.18397
vn -0.95221 0.30219 -0.04455
vn -0.83049 0.55375 -0.06043
vn -0.81336 0.52657 -0.24734
vn -0.94194 0.29006 -0.16916
vn -0.83049 0.55375 -0.06043
vn -0.20543 0.95876 -0.19641
vn -0.21355 0.83864 -0.50108
vn -0.81336 0.52657 -0.24734
vn -0.20543 0.95876 -0.19641
vn 0.83789 0.48204 -0.25608
vn 0.74993 0.44433 -0.49008
vn -0.21355 0.83864 -0.50108
vn 0.83789 0.48204 -0.25608
vn 0.96944 0.07327 -0.23414
vn 0.92382 0.06749 -0.37683
vn 0.74993 0.44433 -0.49008
vn 0.96944 0.07327 -0.23414
vn 0.95707 -0.14336 -0.25193
vn 0.92240 -0.14590 -0.35762
vn 0.92382 0.06749 -0.37683
vn 0.92240 -0.14590 -0.35762
vn 0.84715 -0.34000 -0.40834
vn 0.70108 -0.30442 -0.64484
vn 0.79350 -0.13890 -0.59251
vn 0.84715 -0.34000 -0.40834
vn 0.55207 -0.60723 -0.57139
vn 0.37158 -0.46780 -0.80193
vn 0.70108 -0.30442 -0.64484
vn 0.55207 -0.60723 -0.57139
vn -0.48809 -0.62040 -0.61390
vn -0.36788 -0.42634 -0.82638
vn 0.37158 -0.46780 -0.80193
vn -0.48809 -0.62040 -0.61390
vn -0.94143 -0.15407 -0.29997
vn -0.80835 -0.13875 -0.57211
vn -0.36788 -0.42634 -0.82638
vn -0.94143 -0.15407 -0.29997
vn -0.97798 0.09850 -0.18397
vn -0.89561 0.07788 -0.43796
vn -0.80835 -0.13875 -0.57211
vn -0.97798 0.09850 -0.18397
vn -0.94194 0.29006 -0.16916
vn -0.86475 0.24824 -0.43656
vn -0.89561 0.07788 -0.43796
vn -0.94194 0.29006 -0.16916
vn -0.81336 0.52657 -0.24734
vn -0.70665 0.42259 -0.56751
vn -0.86475 0.24824 -0.43656
vn -0.81336 0.52657 -0.24734
vn -0.21355 0.83864 -0.50108
vn -0.19255 0.54138 -0.81843
vn -0.70665 0.42259 -0.56751
vn -0.21355 0.83864 -0.50108
vn 0.74993 0.44433 -0.49008
vn 0.51439 0.32039 -0.79546
vn -0.19255 0.54138 -0.81843
vn 0.74993 0.44433 -0.49008
vn 0.92382 0.06749 -0.37683
vn 0.76517 0.04933 -0.64193
vn 0.51439 0.32039 -0.79546
vn 0.92382 0.06749 -0.37683
vn 0.92240 -0.14590 -0.35762
vn 0.79350 -0.13890 -0.59251
vn 0.76517 0.04933 -0.64193
vn 0.79350 -0.13890 -0.59251
vn 0.70108 -0.30442 -0.64484
vn -0.10001 0.00258 -0.99498
vn 0.70108 -0.30442 -0.64484
vn 0.37158 -0.46780 -0.80193
vn -0.10001 0.00258 -0.99498
vn 0.37158 -0.46780 -0.80193
vn -0.36788 -0.42634 -0.82638
vn -0.10001 0.00258 -0.99498
vn -0.36788 -0.42634 -0.82638
vn -0.80835 -0.13875 -0.57211
vn -0.10001 0.00258 -0.99498
vn -0.80835 -0.13875 -0.57211
vn -0.89561 0.07788 -0.43796
vn -0.10001 0.00258 -0.99498
vn -0.89561 0.07788 -0.43796
vn -0.86475 0.24824 -0.43656
vn -0.10001 0.00258 -0.99498
vn -0.86475 0.24824 -0.43656
vn -0.70665 0.42259 -0.56751
vn -0.10001 0.00258 -0.99498
vn -0.70665 0.42259 -0.56751
vn -0.19255 0.54138 -0.81843
vn -0.10001 0.00258 -0.99498
vn -0.19255 0.54138 -0.81843
vn 0.51439 0.32039 -0.79546
vn -0.10001 0.00258 -0.99498
vn 0.51439 0.32039 -0.79546
vn 0.76517 0.04933 -0.64193
vn -0.10001 0.00258 -0.99498
vn 0.76517 0.04933 -0.64193
vn 0.79350 -0.13890 -0.59251
vn -0.10001 0.00258 -0.99498
f 113/143/463 114/144/464 115/145/465 
f 113/146/466 116/147/467 114/144/468 
f 113/148/469 117/149/470 116/147/471 
f 113/150/472 118/151/473 117/149/474 
f 113/152/475 119/153/476 118/151/477 
f 113/154/478 120/155/479 119/153/480 
f 113/156/481 121/157/482 120/155/483 
f 113/158/484 122/159/485 121/157/486 
f 113/160/487 123/161/488 122/159/489 
f 113/162/490 124/163/491 123/161/492 
f 113/164/493 115/165/494 124/163/495 
f 115/145/496 114/144/497 125/166/498 126/167/499 
f 114/144/500 116/147/501 127/168/502 125/166/503 
f 116/147/504 117/149/505 128/169/506 127/168/507 
f 117/149/508 118/151/509 129/170/510 128/169/511 
f 118/151/512 119/153/513 130/171/514 129/170/515 
f 119/153/516 120/155/517 131/172/518 130/171/519 
f 120/155/520 121/157/521 132/173/522 131/172/523 
f 121/157/524 122/159/525 133/174/526 132/173/527 
f 122/159/528 123/161/529 134/175/530 133/174/531 
f 123/161/532 124/163/533 135/176/534 134/175/535 
f 124/163/536 115/165/537 126/177/538 135/176/539 
f 126/167/540 125/166/541 136/178/542 137/179/543 
f 125/166/544 127/168/545 138/180/546 136/178/547 
f 127/168/548 128/169/549 139/181/550 138/180/551 
f 128/169/552 129/170/553 140/182/554 139/181/555 
f 129/170/556 130/171/557 141/183/558 140/182/559 
f 130/171/560 131/172/561 142/184/562 141/183/563 
f 131/172/564 132/173/565 143/185/566 142/184/567 
f 132/173/568 133/174/569 144/186/570 143/185/571 
f 133/174/572 134/175/573 145/187/574 144/186/575 
f 134/175/576 135/176/577 146/188/578 145/187/579 
f 135/176/580 126/177/581 137/189/582 146/188/583 
f 137/179/584 136/178/585 147/190/586 148/191/587 
f 136/178/588 138/180/589 149/192/590 147/190/591 
f 138/180/592 139/181/593 150/193/594 149/192/595 
f 139/181/596 140/182/597 151/194/598 150/193/599 
f 140/182/600 141/183/601 152/195/602 151/194/603 
f 141/183/604 142/184/605 153/196/606 152/195/607 
f 142/184/608 143/185/609 154/197/610 153/196/611 
f 143/185/612 144/186/613 155/198/614 154/197/615 
f 144/186/616 145/187/617 156/199/618 155/198/619 
f 145/187/620 146/188/621 157/200/622 156/199/623 
f 146/188/624 137/189/625 148/201/626 157/200/627 
f 148/191/628 147/190/629 158/202/630 159/203/631 
f 147/190/632 149/192/633 160/204/634 158/202/635 
f 149/192/636 150/193/637 161/205/638 160/204/639 
f 150/193/640 151/194/641 162/206/642 161/205/643 
f 151/194/644 152/195/645 163/207/646 162/206/647 
f 152/195/648 153/196/649 164/208/650 163/207/651 
f 153/196/652 154/197/653 165/209/654 164/208/655 
f 154/197/656 155/198/657 166/210/658 165/209/659 
f 155/198/660 156/199/661 167/211/662 166/210/663 
f 156/199/664 157/200/665 168/212/666 167/211/667 
f 157/200/668 148/201/669 159/213/670 168/212/671 
f 159/203/672 158/202/673 169/214/674 170/215/675 
f 158/202/676 160/204/677 171/216/678 169/214/679 
f 160/204/680 161/205/681 172/217/682 171/216/683 
f 161/205/684 162/206/685 173/218/686 172/217/687 
f 162/206/688 163/207/689 174/219/690 173/218/691 
f 163/207/692 164/208/693 175/220/694 174/219/695 
f 164/208/696 165/209/697 176/221/698 175/220/699 
f 165/209/700 166/210/701 177/222/702 176/221/703 
f 166/210/704 167/211/705 178/223/706 177/222/707 
f 167/211/708 168/212/709 179/224/710 178/223/711 
f 168/212/712 159/213/713 170/225/714 179/224/715 
f 170/215/716 169/214/717 180/226/718 181/227/719 
f 169/214/720 171/216/721 182/228/722 180/226/723 
f 171/216/724 172/217/725 183/229/726 182/228/727 
f 172/217/728 173/218/729 184/230/730 183/229/731 
f 173/218/732 174/219/733 185/231/734 184/230/735 
f 174/219/736 175/220/737 186/232/738 185/231/739 
f 175/220/740 176/221/741 187/233/742 186/232/743 
f 176/221/744 177/222/745 188/234/746 187/233/747 
f 177/222/748 178/223/749 189/235/750 188/234/751 
f 178/223/752 179/224/753 190/236/754 189/235/755 
f 179/224/756 170/225/757 181/237/758 190/236/759 
f 181/227/760 180/226/761 191/238/762 192/239/763 
f 180/226/764 182/228/765 193/240/766 191/238/767 
f 182/228/768 183/229/769 194/241/770 193/240/771 
f 183/229/772 184/230/773 195/242/774 194/241/775 
f 184/230/776 185/231/777 196/243/778 195/242/779 
f 185/231/780 186/232/781 197/244/782 196/243/783 
f 186/232/784 187/233/785 198/245/786 197/244/787 
f 187/233/788 188/234/789 199/246/790 198/245/791 
f 188/234/792 189/235/793 200/247/794 199/246/795 
f 189/235/796 190/236/797 201/248/798 200/247/799 
f 190/236/800 181/237/801 192/249/802 201/248/803 
f 192/239/804 191/238/805 202/250/806 203/251/807 
f 191/238/808 193/240/809 204/252/810 202/250/811 
f 193/240/812 194/241/813 205/253/814 204/252/815 
f 194/241/816 195/242/817 206/254/818 205/253/819 
f 195/242/820 196/243/821 207/255/822 206/254/823 
f 196/243/824 197/244/825 208/256/826 207/255/827 
f 197/244/828 198/245/829 209/257/830 208/256/831 
f 198/245/832 199/246/833 210/258/834 209/257/835 
f 199/246/836 200/247/837 211/259/838 210/258/839 
f 200/247/840 201/248/841 212/260/842 211/259/843 
f 201/248/844 192/249/845 203/261/846 212/260/847 
f 203/251/848 202/250/849 213/262/850 214/263/851 
f 202/250/852 204/252/853 215/264/854 213/262/855 
f 204/252/856 205/253/857 216/265/858 215/264/859 
f 205/253/860 206/254/861 217/266/862 216/265/863 
f 206/254/864 207/255/865 218/267/866 217/266/867 
f 207/255/868 208/256/869 219/268/870 218/267/871 
f 208/256/872 209/257/873 220/269/874 219/268/875 
f 209/257/876 210/258/877 221/270/878 220/269/879 
f 210/258/880 211/259/881 222/271/882 221/270/883 
f 211/259/884 212/260/885 223/272/886 222/271/887 
f 212/260/888 203/261/889 214/273/890 223/272/891 
f 214/263/892 213/262/893 224/274/894 
f 213/262/895 215/264/896 224/275/897 
f 215/264/898 216/265/899 224/276/900 
f 216/265/901 217/266/902 224/277/903 
f 217/266/904 218/267/905 224/278/906 
f 218/267/907 219/268/908 224/279/909 
f 219/268/910 220/269/911 224/280/912 
f 220/269/913 221/270/914 224/281/915 
f 221/270/916 222/271/917 224/282/918 
f 222/271/919 223/272/920 224/283/921 
f 223/272/922 214/273/923 224/284/924 
o 002_Sphere_3
g Sphere_3
usemtl Lagoon Glow 1
v -1.281 104.283 40.586
v 1.648 107.500 36.384
v 1.636 105.799 41.421
v 0.685 108.599 32.828
v -0.947 108.749 31.882
v -2.729 107.900 33.847
v -4.095 106.323 38.098
v -4.613 104.518 43.287
v -4.117 103.059 47.765
v -2.765 102.408 50.111
v -0.986 102.773 49.580
v 0.655 104.037 46.341
v 4.107 112.483 33.128
v 4.021 109.894 42.935
v 2.315 114.133 26.210
v -0.788 114.320 24.376
v -4.215 112.985 28.209
v -6.880 110.552 36.492
v -7.935 107.792 46.595
v -7.046 105.583 55.310
v -4.495 104.626 59.871
v -1.092 105.224 58.829
v 2.082 107.188 52.516
v 5.836 118.439 30.817
v 5.590 116.349 44.499
v 3.476 119.707 21.171
v -0.739 119.748 18.624
v -5.472 118.551 23.985
v -9.221 116.494 35.551
v -10.794 114.232 49.651
v -9.692 112.483 61.807
v -6.266 111.801 68.161
v -1.603 112.403 66.695
v 2.817 114.099 57.874
v 6.492 124.916 29.607
v 6.057 124.686 45.305
v 3.922 124.892 18.543
v -0.838 124.621 15.628
v -6.276 124.190 21.786
v -10.666 123.735 35.062
v -12.614 123.402 51.241
v -11.501 123.295 65.187
v -7.682 123.448 72.471
v -2.367 123.814 70.782
v 2.754 124.276 60.655
v 5.827 131.967 29.567
v 5.273 134.122 44.654
v 3.421 130.321 18.931
v -1.181 129.705 16.123
v -6.518 130.316 22.035
v -10.896 131.959 34.789
v -12.924 134.113 50.337
v -11.959 136.094 63.742
v -8.307 137.272 70.748
v -3.128 137.275 69.130
v 1.935 136.100 59.403
v 4.048 139.828 30.100
v 3.512 143.663 42.279
v 2.081 137.062 21.503
v -1.765 136.245 19.219
v -6.269 137.636 23.972
v -10.000 140.793 34.254
v -11.775 144.714 46.799
v -11.029 148.154 57.626
v -8.000 150.021 63.296
v -3.648 149.722 62.009
v 0.643 147.352 54.174
v 2.264 147.883 29.542
v 1.822 152.359 38.534
v 0.730 144.713 23.182
v -2.293 143.854 21.473
v -5.844 145.579 24.957
v -8.798 149.341 32.528
v -10.215 153.946 41.783
v -9.646 157.930 49.783
v -7.272 160.030 53.988
v -3.846 159.579 53.064
v -0.456 156.719 47.303
v 0.771 155.185 27.916
v 0.446 159.445 34.152
v -0.387 152.191 23.492
v -2.661 151.412 22.285
v -5.328 153.097 24.677
v -7.542 156.710 29.910
v -8.600 161.104 36.321
v -8.166 164.885 41.876
v -6.378 166.851 44.811
v -3.803 166.379 44.193
v -1.259 163.618 40.220
v -0.567 161.156 26.128
v -0.776 164.507 30.056
v -1.368 158.809 23.332
v -2.924 158.212 22.556
v -4.742 159.553 24.046
v -6.244 162.408 27.330
v -6.954 165.870 31.364
v -6.646 168.839 34.869
v -5.417 170.373 36.730
v -3.659 169.985 36.357
v -1.929 167.799 33.869
v -1.971 165.594 25.212
v -2.073 167.453 27.114
v -2.388 164.294 23.855
v -3.190 163.966 23.474
v -4.124 164.715 24.189
v -4.892 166.303 25.774
v -5.251 168.224 27.725
v -5.087 169.871 29.423
v -4.451 170.719 30.329
v -3.547 170.499 30.155
v -2.660 169.282 28.957
v -3.545 168.353 25.934
vt 0.04545 0.00000
vt 0.09091 0.09091
vt 0.00000 0.09091
vt 0.13636 0.00000
vt 0.18182 0.09091
vt 0.22727 0.00000
vt 0.27273 0.09091
vt 0.31818 0.00000
vt 0.36364 0.09091
vt 0.40909 0.00000
vt 0.45455 0.09091
vt 0.50000 0.00000
vt 0.54545 0.09091
vt 0.59091 0.00000
vt 0.63636 0.09091
vt 0.68182 0.00000
vt 0.72727 0.09091
vt 0.77273 0.00000
vt 0.81818 0.09091
vt 0.86364 0.00000
vt 0.90909 0.09091
vt 0.95455 0.00000
vt 1.00000 0.09091
vt 0.09091 0.18182
vt 0.00000 0.18182
vt 0.18182 0.18182
vt 0.27273 0.18182
vt 0.36364 0.18182
vt 0.45455 0.18182
vt 0.54545 0.18182
vt 0.63636 0.18182
vt 0.72727 0.18182
vt 0.81818 0.18182
vt 0.90909 0.18182
vt 1.00000 0.18182
vt 0.09091 0.27273
vt 0.00000 0.27273
vt 0.18182 0.27273
vt 0.27273 0.27273
vt 0.36364 0.27273
vt 0.45455 0.27273
vt 0.54545 0.27273
vt 0.63636 0.27273
vt 0.72727 0.27273
vt 0.81818 0.27273
vt 0.90909 0.27273
vt 1.00000 0.27273
vt 0.09091 0.36364
vt 0.00000 0.36364
vt 0.18182 0.36364
vt 0.27273 0.36364
vt 0.36364 0.36364
vt 0.45455 0.36364
vt 0.54545 0.36364
vt 0.63636 0.36364
vt 0.72727 0.36364
vt 0.81818 0.36364
vt 0.90909 0.36364
vt 1.00000 0.36364
vt 0.09091 0.45455
vt 0.00000 0.45455
vt 0.18182 0.45455
vt 0.27273 0.45455
vt 0.36364 0.45455
vt 0.45455 0.45455
vt 0.54545 0.45455
vt 0.63636 0.45455
vt 0.72727 0.45455
vt 0.81818 0.45455
vt 0.90909 0.45455
vt 1.00000 0.45455
vt 0.09091 0.54545
vt 0.00000 0.54545
vt 0.18182 0.54545
vt 0.27273 0.54545
vt 0.36364 0.54545
vt 0.45455 0.54545
vt 0.54545 0.54545
vt 0.63636 0.54545
vt 0.72727 0.54545
vt 0.81818 0.54545
vt 0.90909 0.54545
vt 1.00000 0.54545
vt 0.09091 0.63636
vt 0.00000 0.63636
vt 0.18182 0.63636
vt 0.27273 0.63636
vt 0.36364 0.63636
vt 0.45455 0.63636
vt 0.54545 0.63636
vt 0.63636 0.63636
vt 0.72727 0.63636
vt 0.81818 0.63636
vt 0.90909 0.63636
vt 1.00000 0.63636
vt 0.09091 0.72727
vt 0.00000 0.72727
vt 0.18182 0.72727
vt 0.27273 0.72727
vt 0.36364 0.72727
vt 0.45455 0.72727
vt 0.54545 0.72727
vt 0.63636 0.72727
vt 0.72727 0.72727
vt 0.81818 0.72727
vt 0.90909 0.72727
vt 1.00000 0.72727
vt 0.09091 0.81818
vt 0.00000 0.81818
vt 0.18182 0.81818
vt 0.27273 0.81818
vt 0.36364 0.81818
vt 0.45455 0.81818
vt 0.54545 0.81818
vt 0.63636 0.81818
vt 0.72727 0.81818
vt 0.81818 0.81818
vt 0.90909 0.81818
vt 1.00000 0.81818
vt 0.09091 0.90909
vt 0.00000 0.90909
vt 0.18182 0.90909
vt 0.27273 0.90909
vt 0.36364 0.90909
vt 0.45455 0.90909
vt 0.54545 0.90909
vt 0.63636 0.90909
vt 0.72727 0.90909
vt 0.81818 0.90909
vt 0.90909 0.90909
vt 1.00000 0.90909
vt 0.04545 1.00000
vt 0.13636 1.00000
vt 0.22727 1.00000
vt 0.31818 1.00000
vt 0.40909 1.00000
vt 0.50000 1.00000
vt 0.59091 1.00000
vt 0.68182 1.00000
vt 0.77273 1.00000
vt 0.86364 1.00000
vt 0.95455 1.00000
vn 0.10045 -0.93504 -0.34002
vn 0.69502 -0.65738 -0.29121
vn 0.74744 -0.64705 -0.15052
vn 0.10045 -0.93504 -0.34002
vn 0.45876 -0.75220 -0.47300
vn 0.69502 -0.65738 -0.29121
vn 0.10045 -0.93504 -0.34002
vn -0.00560 -0.81550 -0.57874
vn 0.45876 -0.75220 -0.47300
vn 0.10045 -0.93504 -0.34002
vn -0.40730 -0.76190 -0.50361
vn -0.00560 -0.81550 -0.57874
vn 0.10045 -0.93504 -0.34002
vn -0.58034 -0.72299 -0.37482
vn -0.40730 -0.76190 -0.50361
vn 0.10045 -0.93504 -0.34002
vn -0.59188 -0.76327 -0.25904
vn -0.58034 -0.72299 -0.37482
vn 0.10045 -0.93504 -0.34002
vn -0.44222 -0.88368 -0.15348
vn -0.59188 -0.76327 -0.25904
vn 0.10045 -0.93504 -0.34002
vn -0.05755 -0.99666 -0.05787
vn -0.44222 -0.88368 -0.15348
vn 0.10045 -0.93504 -0.34002
vn 0.41341 -0.91036 -0.01829
vn -0.05755 -0.99666 -0.05787
vn 0.10045 -0.93504 -0.34002
vn 0.67176 -0.73849 -0.05800
vn 0.41341 -0.91036 -0.01829
vn 0.10045 -0.93504 -0.34002
vn 0.74744 -0.64705 -0.15052
vn 0.67176 -0.73849 -0.05800
vn 0.74744 -0.64705 -0.15052
vn 0.69502 -0.65738 -0.29121
vn 0.90701 -0.37681 -0.18802
vn 0.93079 -0.36555 -0.00262
vn 0.69502 -0.65738 -0.29121
vn 0.45876 -0.75220 -0.47300
vn 0.69131 -0.52467 -0.49680
vn 0.90701 -0.37681 -0.18802
vn 0.45876 -0.75220 -0.47300
vn -0.00560 -0.81550 -0.57874
vn -0.10920 -0.66527 -0.73857
vn 0.69131 -0.52467 -0.49680
vn -0.00560 -0.81550 -0.57874
vn -0.40730 -0.76190 -0.50361
vn -0.68242 -0.52662 -0.50693
vn -0.10920 -0.66527 -0.73857
vn -0.40730 -0.76190 -0.50361
vn -0.58034 -0.72299 -0.37482
vn -0.83075 -0.46861 -0.30042
vn -0.68242 -0.52662 -0.50693
vn -0.58034 -0.72299 -0.37482
vn -0.59188 -0.76327 -0.25904
vn -0.84724 -0.51172 -0.14259
vn -0.83075 -0.46861 -0.30042
vn -0.59188 -0.76327 -0.25904
vn -0.44222 -0.88368 -0.15348
vn -0.73858 -0.67347 0.03073
vn -0.84724 -0.51172 -0.14259
vn -0.44222 -0.88368 -0.15348
vn -0.05755 -0.99666 -0.05787
vn -0.21417 -0.93976 0.26642
vn -0.73858 -0.67347 0.03073
vn -0.05755 -0.99666 -0.05787
vn 0.41341 -0.91036 -0.01829
vn 0.60938 -0.73890 0.28755
vn -0.21417 -0.93976 0.26642
vn 0.41341 -0.91036 -0.01829
vn 0.67176 -0.73849 -0.05800
vn 0.87240 -0.46731 0.14333
vn 0.60938 -0.73890 0.28755
vn 0.67176 -0.73849 -0.05800
vn 0.74744 -0.64705 -0.15052
vn 0.93079 -0.36555 -0.00262
vn 0.87240 -0.46731 0.14333
vn 0.93079 -0.36555 -0.00262
vn 0.90701 -0.37681 -0.18802
vn 0.97231 -0.20218 -0.11720
vn 0.97828 -0.19189 0.07836
vn 0.90701 -0.37681 -0.18802
vn 0.69131 -0.52467 -0.49680
vn 0.81446 -0.33325 -0.47498
vn 0.97231 -0.20218 -0.11720
vn 0.69131 -0.52467 -0.49680
vn -0.10920 -0.66527 -0.73857
vn -0.19743 -0.50981 -0.83733
vn 0.81446 -0.33325 -0.47498
vn -0.10920 -0.66527 -0.73857
vn -0.68242 -0.52662 -0.50693
vn -0.80674 -0.35491 -0.47245
vn -0.19743 -0.50981 -0.83733
vn -0.68242 -0.52662 -0.50693
vn -0.83075 -0.46861 -0.30042
vn -0.92018 -0.30736 -0.24249
vn -0.80674 -0.35491 -0.47245
vn -0.83075 -0.46861 -0.30042
vn -0.84724 -0.51172 -0.14259
vn -0.93963 -0.33534 -0.06812
vn -0.92018 -0.30736 -0.24249
vn -0.84724 -0.51172 -0.14259
vn -0.73858 -0.67347 0.03073
vn -0.87670 -0.45551 0.15461
vn -0.93963 -0.33534 -0.06812
vn -0.73858 -0.67347 0.03073
vn -0.21417 -0.93976 0.26642
vn -0.35508 -0.73651 0.57574
vn -0.87670 -0.45551 0.15461
vn -0.21417 -0.93976 0.26642
vn 0.60938 -0.73890 0.28755
vn 0.70433 -0.49161 0.51209
vn -0.35508 -0.73651 0.57574
vn 0.60938 -0.73890 0.28755
vn 0.87240 -0.46731 0.14333
vn 0.93078 -0.26190 0.25507
vn 0.70433 -0.49161 0.51209
vn 0.87240 -0.46731 0.14333
vn 0.93079 -0.36555 -0.00262
vn 0.97828 -0.19189 0.07836
vn 0.93078 -0.26190 0.25507
vn 0.97828 -0.19189 0.07836
vn 0.97231 -0.20218 -0.11720
vn 0.99304 -0.08659 -0.07987
vn 0.99069 -0.06816 0.11787
vn 0.97231 -0.20218 -0.11720
vn 0.81446 -0.33325 -0.47498
vn 0.87103 -0.19069 -0.45270
vn 0.99304 -0.08659 -0.07987
vn 0.81446 -0.33325 -0.47498
vn -0.19743 -0.50981 -0.83733
vn -0.25928 -0.36448 -0.89439
vn 0.87103 -0.19069 -0.45270
vn -0.19743 -0.50981 -0.83733
vn -0.80674 -0.35491 -0.47245
vn -0.86277 -0.23611 -0.44707
vn -0.25928 -0.36448 -0.89439
vn -0.80674 -0.35491 -0.47245
vn -0.92018 -0.30736 -0.24249
vn -0.95779 -0.19491 -0.21130
vn -0.86277 -0.23611 -0.44707
vn -0.92018 -0.30736 -0.24249
vn -0.93963 -0.33534 -0.06812
vn -0.97961 -0.19865 -0.03008
vn -0.95779 -0.19491 -0.21130
vn -0.93963 -0.33534 -0.06812
vn -0.87670 -0.45551 0.15461
vn -0.94304 -0.24987 0.21963
vn -0.97961 -0.19865 -0.03008
vn -0.87670 -0.45551 0.15461
vn -0.35508 -0.73651 0.57574
vn -0.46229 -0.39925 0.79176
vn -0.94304 -0.24987 0.21963
vn -0.35508 -0.73651 0.57574
vn 0.70433 -0.49161 0.51209
vn 0.73968 -0.21319 0.63830
vn -0.46229 -0.39925 0.79176
vn 0.70433 -0.49161 0.51209
vn 0.93078 -0.26190 0.25507
vn 0.94614 -0.09462 0.30962
vn 0.73968 -0.21319 0.63830
vn 0.93078 -0.26190 0.25507
vn 0.97828 -0.19189 0.07836
vn 0.99069 -0.06816 0.11787
vn 0.94614 -0.09462 0.30962
vn 0.99069 -0.06816 0.11787
vn 0.99304 -0.08659 -0.07987
vn 0.99747 -0.00826 -0.07059
vn 0.99172 0.02601 0.12577
vn 0.99304 -0.08659 -0.07987
vn 0.87103 -0.19069 -0.45270
vn 0.88915 -0.09795 -0.44702
vn 0.99747 -0.00826 -0.07059
vn 0.87103 -0.19069 -0.45270
vn -0.25928 -0.36448 -0.89439
vn -0.28813 -0.25494 -0.92303
vn 0.88915 -0.09795 -0.44702
vn -0.25928 -0.36448 -0.89439
vn -0.86277 -0.23611 -0.44707
vn -0.88364 -0.15757 -0.44086
vn -0.28813 -0.25494 -0.92303
vn -0.86277 -0.23611 -0.44707
vn -0.95779 -0.19491 -0.21130
vn -0.97226 -0.11271 -0.20494
vn -0.88364 -0.15757 -0.44086
vn -0.95779 -0.19491 -0.21130
vn -0.97961 -0.19865 -0.03008
vn -0.99586 -0.08766 -0.02405
vn -0.97226 -0.11271 -0.20494
vn -0.97961 -0.19865 -0.03008
vn -0.94304 -0.24987 0.21963
vn -0.97111 -0.06468 0.22969
vn -0.99586 -0.08766 -0.02405
vn -0.94304 -0.24987 0.21963
vn -0.46229 -0.39925 0.79176
vn -0.51997 -0.00875 0.85414
vn -0.97111 -0.06468 0.22969
vn -0.46229 -0.39925 0.79176
vn 0.73968 -0.21319 0.63830
vn 0.74397 0.05622 0.66585
vn -0.51997 -0.00875 0.85414
vn 0.73968 -0.21319 0.63830
vn 0.94614 -0.09462 0.30962
vn 0.94664 0.04572 0.31902
vn 0.74397 0.05622 0.66585
vn 0.94614 -0.09462 0.30962
vn 0.99069 -0.06816 0.11787
vn 0.99172 0.02601 0.12577
vn 0.94664 0.04572 0.31902
vn 0.99172 0.02601 0.12577
vn 0.99747 -0.00826 -0.07059
vn 0.99607 0.03705 -0.08039
vn 0.98952 0.09208 0.11119
vn 0.99747 -0.00826 -0.07059
vn 0.88915 -0.09795 -0.44702
vn 0.88831 -0.05775 -0.45560
vn 0.99607 0.03705 -0.08039
vn 0.88915 -0.09795 -0.44702
vn -0.28813 -0.25494 -0.92303
vn -0.29048 -0.20793 -0.93402
vn 0.88831 -0.05775 -0.45560
vn -0.28813 -0.25494 -0.92303
vn -0.88364 -0.15757 -0.44086
vn -0.88552 -0.11735 -0.44954
vn -0.29048 -0.20793 -0.93402
vn -0.88364 -0.15757 -0.44086
vn -0.97226 -0.11271 -0.20494
vn -0.97444 -0.05887 -0.21679
vn -0.88552 -0.11735 -0.44954
vn -0.97226 -0.11271 -0.20494
vn -0.99586 -0.08766 -0.02405
vn -0.99908 -0.00443 -0.04258
vn -0.97444 -0.05887 -0.21679
vn -0.99586 -0.08766 -0.02405
vn -0.97111 -0.06468 0.22969
vn -0.97688 0.08452 0.19637
vn -0.99908 -0.00443 -0.04258
vn -0.97111 -0.06468 0.22969
vn -0.51997 -0.00875 0.85414
vn -0.53293 0.32779 0.78009
vn -0.97688 0.08452 0.19637
vn -0.51997 -0.00875 0.85414
vn 0.74397 0.05622 0.66585
vn 0.73663 0.27741 0.61679
vn -0.53293 0.32779 0.78009
vn 0.74397 0.05622 0.66585
vn 0.94664 0.04572 0.31902
vn 0.94300 0.15433 0.29485
vn 0.73663 0.27741 0.61679
vn 0.94664 0.04572 0.31902
vn 0.99172 0.02601 0.12577
vn 0.98952 0.09208 0.11119
vn 0.94300 0.15433 0.29485
vn 0.98952 0.09208 0.11119
vn 0.99607 0.03705 -0.08039
vn 0.99298 0.06132 -0.10115
vn 0.98704 0.13752 0.08273
vn 0.99607 0.03705 -0.08039
vn 0.88831 -0.05775 -0.45560
vn 0.88003 -0.04901 -0.47239
vn 0.99298 0.06132 -0.10115
vn 0.88831 -0.05775 -0.45560
vn -0.29048 -0.20793 -0.93402
vn -0.27992 -0.20149 -0.93864
vn 0.88003 -0.04901 -0.47239
vn -0.29048 -0.20793 -0.93402
vn -0.88552 -0.11735 -0.44954
vn -0.87853 -0.10067 -0.46696
vn -0.27992 -0.20149 -0.93864
vn -0.88552 -0.11735 -0.44954
vn -0.97444 -0.05887 -0.21679
vn -0.97050 -0.02462 -0.23984
vn -0.87853 -0.10067 -0.46696
vn -0.97444 -0.05887 -0.21679
vn -0.99908 -0.00443 -0.04258
vn -0.99543 0.05639 -0.07701
vn -0.97050 -0.02462 -0.23984
vn -0.99908 -0.00443 -0.04258
vn -0.97688 0.08452 0.19637
vn -0.97070 0.19879 0.13497
vn -0.99543 0.05639 -0.07701
vn -0.97688 0.08452 0.19637
vn -0.53293 0.32779 0.78009
vn -0.51993 0.57828 0.62871
vn -0.97070 0.19879 0.13497
vn -0.53293 0.32779 0.78009
vn 0.73663 0.27741 0.61679
vn 0.72785 0.44541 0.52140
vn -0.51993 0.57828 0.62871
vn 0.73663 0.27741 0.61679
vn 0.94300 0.15433 0.29485
vn 0.93932 0.23567 0.24929
vn 0.72785 0.44541 0.52140
vn 0.94300 0.15433 0.29485
vn 0.98952 0.09208 0.11119
vn 0.98704 0.13752 0.08273
vn 0.93932 0.23567 0.24929
vn 0.98704 0.13752 0.08273
vn 0.99298 0.06132 -0.10115
vn 0.98663 0.08812 -0.13707
vn 0.98287 0.18020 0.03867
vn 0.99298 0.06132 -0.10115
vn 0.88003 -0.04901 -0.47239
vn 0.86202 -0.02872 -0.50605
vn 0.98663 0.08812 -0.13707
vn 0.88003 -0.04901 -0.47239
vn -0.27992 -0.20149 -0.93864
vn -0.25949 -0.17237 -0.95024
vn 0.86202 -0.02872 -0.50605
vn -0.27992 -0.20149 -0.93864
vn -0.87853 -0.10067 -0.46696
vn -0.86318 -0.07714 -0.49898
vn -0.25949 -0.17237 -0.95024
vn -0.87853 -0.10067 -0.46696
vn -0.97050 -0.02462 -0.23984
vn -0.96086 0.00996 -0.27685
vn -0.86318 -0.07714 -0.49898
vn -0.97050 -0.02462 -0.23984
vn -0.99543 0.05639 -0.07701
vn -0.98544 0.11204 -0.12791
vn -0.96086 0.00996 -0.27685
vn -0.99543 0.05639 -0.07701
vn -0.97070 0.19879 0.13497
vn -0.95343 0.29776 0.04803
vn -0.98544 0.11204 -0.12791
vn -0.97070 0.19879 0.13497
vn -0.51993 0.57828 0.62871
vn -0.48557 0.76672 0.41996
vn -0.95343 0.29776 0.04803
vn -0.51993 0.57828 0.62871
vn 0.72785 0.44541 0.52140
vn 0.71477 0.58293 0.38639
vn -0.48557 0.76672 0.41996
vn 0.72785 0.44541 0.52140
vn 0.93932 0.23567 0.24929
vn 0.93384 0.30740 0.18287
vn 0.71477 0.58293 0.38639
vn 0.93932 0.23567 0.24929
vn 0.98704 0.13752 0.08273
vn 0.98287 0.18020 0.03867
vn 0.93384 0.30740 0.18287
vn 0.98287 0.18020 0.03867
vn 0.98663 0.08812 -0.13707
vn 0.96656 0.14736 -0.20988
vn 0.96895 0.24416 -0.03905
vn 0.98663 0.08812 -0.13707
vn 0.86202 -0.02872 -0.50605
vn 0.81272 0.05328 -0.58021
vn 0.96656 0.14736 -0.20988
vn 0.86202 -0.02872 -0.50605
vn -0.25949 -0.17237 -0.95024
vn -0.21756 -0.05020 -0.97476
vn 0.81272 0.05328 -0.58021
vn -0.25949 -0.17237 -0.95024
vn -0.86318 -0.07714 -0.49898
vn -0.82415 -0.00773 -0.56632
vn -0.21756 -0.05020 -0.97476
vn -0.86318 -0.07714 -0.49898
vn -0.96086 0.00996 -0.27685
vn -0.93584 0.07198 -0.34499
vn -0.82415 -0.00773 -0.56632
vn -0.96086 0.00996 -0.27685
vn -0.98544 0.11204 -0.12791
vn -0.95945 0.18716 -0.21076
vn -0.93584 0.07198 -0.34499
vn -0.98544 0.11204 -0.12791
vn -0.95343 0.29776 0.04803
vn -0.90935 0.40787 -0.08195
vn -0.95945 0.18716 -0.21076
vn -0.95343 0.29776 0.04803
vn -0.48557 0.76672 0.41996
vn -0.41257 0.90103 0.13388
vn -0.90935 0.40787 -0.08195
vn -0.48557 0.76672 0.41996
vn 0.71477 0.58293 0.38639
vn 0.67785 0.71115 0.18652
vn -0.41257 0.90103 0.13388
vn 0.71477 0.58293 0.38639
vn 0.93384 0.30740 0.18287
vn 0.91610 0.39350 0.07698
vn 0.67785 0.71115 0.18652
vn 0.93384 0.30740 0.18287
vn 0.98287 0.18020 0.03867
vn 0.96895 0.24416 -0.03905
vn 0.91610 0.39350 0.07698
vn 0.96895 0.24416 -0.03905
vn 0.96656 0.14736 -0.20988
vn 0.86608 0.31446 -0.38861
vn 0.89160 0.39368 -0.22375
vn 0.96656 0.14736 -0.20988
vn 0.81272 0.05328 -0.58021
vn 0.63789 0.28609 -0.71502
vn 0.86608 0.31446 -0.38861
vn 0.81272 0.05328 -0.58021
vn -0.21756 -0.05020 -0.97476
vn -0.12424 0.24854 -0.96062
vn 0.63789 0.28609 -0.71502
vn -0.21756 -0.05020 -0.97476
vn -0.82415 -0.00773 -0.56632
vn -0.67807 0.20187 -0.70673
vn -0.12424 0.24854 -0.96062
vn -0.82415 -0.00773 -0.56632
vn -0.93584 0.07198 -0.34499
vn -0.83195 0.23792 -0.50126
vn -0.67807 0.20187 -0.70673
vn -0.93584 0.07198 -0.34499
vn -0.95945 0.18716 -0.21076
vn -0.85286 0.34991 -0.38755
vn -0.83195 0.23792 -0.50126
vn -0.95945 0.18716 -0.21076
vn -0.90935 0.40787 -0.08195
vn -0.74842 0.57855 -0.32426
vn -0.85286 0.34991 -0.38755
vn -0.90935 0.40787 -0.08195
vn -0.41257 0.90103 0.13388
vn -0.25145 0.92975 -0.26896
vn -0.74842 0.57855 -0.32426
vn -0.41257 0.90103 0.13388
vn 0.67785 0.71115 0.18652
vn 0.53682 0.82730 -0.16550
vn -0.25145 0.92975 -0.26896
vn 0.67785 0.71115 0.18652
vn 0.91610 0.39350 0.07698
vn 0.82235 0.54861 -0.15088
vn 0.53682 0.82730 -0.16550
vn 0.91610 0.39350 0.07698
vn 0.96895 0.24416 -0.03905
vn 0.89160 0.39368 -0.22375
vn 0.82235 0.54861 -0.15088
vn 0.89160 0.39368 -0.22375
vn 0.86608 0.31446 -0.38861
vn 0.04270 0.69912 -0.71373
vn 0.86608 0.31446 -0.38861
vn 0.63789 0.28609 -0.71502
vn 0.04270 0.69912 -0.71373
vn 0.63789 0.28609 -0.71502
vn -0.12424 0.24854 -0.96062
vn 0.04270 0.69912 -0.71373
vn -0.12424 0.24854 -0.96062
vn -0.67807 0.20187 -0.70673
vn 0.04270 0.69912 -0.71373
vn -0.67807 0.20187 -0.70673
vn -0.83195 0.23792 -0.50126
vn 0.04270 0.69912 -0.71373
vn -0.83195 0.23792 -0.50126
vn -0.85286 0.34991 -0.38755
vn 0.04270 0.69912 -0.71373
vn -0.85286 0.34991 -0.38755
vn -0.74842 0.57855 -0.32426
vn 0.04270 0.69912 -0.71373
vn -0.74842 0.57855 -0.32426
vn -0.25145 0.92975 -0.26896
vn 0.04270 0.69912 -0.71373
vn -0.25145 0.92975 -0.26896
vn 0.53682 0.82730 -0.16550
vn 0.04270 0.69912 -0.71373
vn 0.53682 0.82730 -0.16550
vn 0.82235 0.54861 -0.15088
vn 0.04270 0.69912 -0.71373
vn 0.82235 0.54861 -0.15088
vn 0.89160 0.39368 -0.22375
vn 0.04270 0.69912 -0.71373
f 225/285/925 226/286/926 227/287/927 
f 225/288/928 228/289/929 226/286/930 
f 225/290/931 229/291/932 228/289/933 
f 225/292/934 230/293/935 229/291/936 
f 225/294/937 231/295/938 230/293/939 
f 225/296/940 232/297/941 231/295/942 
f 225/298/943 233/299/944 232/297/945 
f 225/300/946 234/301/947 233/299/948 
f 225/302/949 235/303/950 234/301/951 
f 225/304/952 236/305/953 235/303/954 
f 225/306/955 227/307/956 236/305/957 
f 227/287/958 226/286/959 237/308/960 238/309/961 
f 226/286/962 228/289/963 239/310/964 237/308/965 
f 228/289/966 229/291/967 240/311/968 239/310/969 
f 229/291/970 230/293/971 241/312/972 240/311/973 
f 230/293/974 231/295/975 242/313/976 241/312/977 
f 231/295/978 232/297/979 243/314/980 242/313/981 
f 232/297/982 233/299/983 244/315/984 243/314/985 
f 233/299/986 234/301/987 245/316/988 244/315/989 
f 234/301/990 235/303/991 246/317/992 245/316/993 
f 235/303/994 236/305/995 247/318/996 246/317/997 
f 236/305/998 227/307/999 238/319/1000 247/318/1001 
f 238/309/1002 237/308/1003 248/320/1004 249/321/1005 
f 237/308/1006 239/310/1007 250/322/1008 248/320/1009 
f 239/310/1010 240/311/1011 251/323/1012 250/322/1013 
f 240/311/1014 241/312/1015 252/324/1016 251/323/1017 
f 241/312/1018 242/313/1019 253/325/1020 252/324/1021 
f 242/313/1022 243/314/1023 254/326/1024 253/325/1025 
f 243/314/1026 244/315/1027 255/327/1028 254/326/1029 
f 244/315/1030 245/316/1031 256/328/1032 255/327/1033 
f 245/316/1034 246/317/1035 257/329/1036 256/328/1037 
f 246/317/1038 247/318/1039 258/330/1040 257/329/1041 
f 247/318/1042 238/319/1043 249/331/1044 258/330/1045 
f 249/321/1046 248/320/1047 259/332/1048 260/333/1049 
f 248/320/1050 250/322/1051 261/334/1052 259/332/1053 
f 250/322/1054 251/323/1055 262/335/1056 261/334/1057 
f 251/323/1058 252/324/1059 263/336/1060 262/335/1061 
f 252/324/1062 253/325/1063 264/337/1064 263/336/1065 
f 253/325/1066 254/326/1067 265/338/1068 264/337/1069 
f 254/326/1070 255/327/1071 266/339/1072 265/338/1073 
f 255/327/1074 256/328/1075 267/340/1076 266/339/1077 
f 256/328/1078 257/329/1079 268/341/1080 267/340/1081 
f 257/329/1082 258/330/1083 269/342/1084 268/341/1085 
f 258/330/1086 249/331/1087 260/343/1088 269/342/1089 
f 260/333/1090 259/332/1091 270/344/1092 271/345/1093 
f 259/332/1094 261/334/1095 272/346/1096 270/344/1097 
f 261/334/1098 262/335/1099 273/347/1100 272/346/1101 
f 262/335/1102 263/336/1103 274/348/1104 273/347/1105 
f 263/336/1106 264/337/1107 275/349/1108 274/348/1109 
f 264/337/1110 265/338/1111 276/350/1112 275/349/1113 
f 265/338/1114 266/339/1115 277/351/1116 276/350/1117 
f 266/339/1118 267/340/1119 278/352/1120 277/351/1121 
f 267/340/1122 268/341/1123 279/353/1124 278/352/1125 
f 268/341/1126 269/342/1127 280/354/1128 279/353/1129 
f 269/342/1130 260/343/1131 271/355/1132 280/354/1133 
f 271/345/1134 270/344/1135 281/356/1136 282/357/1137 
f 270/344/1138 272/346/1139 283/358/1140 281/356/1141 
f 272/346/1142 273/347/1143 284/359/1144 283/358/1145 
f 273/347/1146 274/348/1147 285/360/1148 284/359/1149 
f 274/348/1150 275/349/1151 286/361/1152 285/360/1153 
f 275/349/1154 276/350/1155 287/362/1156 286/361/1157 
f 276/350/1158 277/351/1159 288/363/1160 287/362/1161 
f 277/351/1162 278/352/1163 289/364/1164 288/363/1165 
f 278/352/1166 279/353/1167 290/365/1168 289/364/1169 
f 279/353/1170 280/354/1171 291/366/1172 290/365/1173 
f 280/354/1174 271/355/1175 282/367/1176 291/366/1177 
f 282/357/1178 281/356/1179 292/368/1180 293/369/1181 
f 281/356/1182 283/358/1183 294/370/1184 292/368/1185 
f 283/358/1186 284/359/1187 295/371/1188 294/370/1189 
f 284/359/1190 285/360/1191 296/372/1192 295/371/1193 
f 285/360/1194 286/361/1195 297/373/1196 296/372/1197 
f 286/361/1198 287/362/1199 298/374/1200 297/373/1201 
f 287/362/1202 288/363/1203 299/375/1204 298/374/1205 
f 288/363/1206 289/364/1207 300/376/1208 299/375/1209 
f 289/364/1210 290/365/1211 301/377/1212 300/376/1213 
f 290/365/1214 291/366/1215 302/378/1216 301/377/1217 
f 291/366/1218 282/367/1219 293/379/1220 302/378/1221 
f 293/369/1222 292/368/1223 303/380/1224 304/381/1225 
f 292/368/1226 294/370/1227 305/382/1228 303/380/1229 
f 294/370/1230 295/371/1231 306/383/1232 305/382/1233 
f 295/371/1234 296/372/1235 307/384/1236 306/383/1237 
f 296/372/1238 297/373/1239 308/385/1240 307/384/1241 
f 297/373/1242 298/374/1243 309/386/1244 308/385/1245 
f 298/374/1246 299/375/1247 310/387/1248 309/386/1249 
f 299/375/1250 300/376/1251 311/388/1252 310/387/1253 
f 300/376/1254 301/377/1255 312/389/1256 311/388/1257 
f 301/377/1258 302/378/1259 313/390/1260 312/389/1261 
f 302/378/1262 293/379/1263 304/391/1264 313/390/1265 
f 304/381/1266 303/380/1267 314/392/1268 315/393/1269 
f 303/380/1270 305/382/1271 316/394/1272 314/392/1273 
f 305/382/1274 306/383/1275 317/395/1276 316/394/1277 
f 306/383/1278 307/384/1279 318/396/1280 317/395/1281 
f 307/384/1282 308/385/1283 319/397/1284 318/396/1285 
f 308/385/1286 309/386/1287 320/398/1288 319/397/1289 
f 309/386/1290 310/387/1291 321/399/1292 320/398/1293 
f 310/387/1294 311/388/1295 322/400/1296 321/399/1297 
f 311/388/1298 312/389/1299 323/401/1300 322/400/1301 
f 312/389/1302 313/390/1303 324/402/1304 323/401/1305 
f 313/390/1306 304/391/1307 315/403/1308 324/402/1309 
f 315/393/1310 314/392/1311 325/404/1312 326/405/1313 
f 314/392/1314 316/394/1315 327/406/1316 325/404/1317 
f 316/394/1318 317/395/1319 328/407/1320 327/406/1321 
f 317/395/1322 318/396/1323 329/408/1324 328/407/1325 
f 318/396/1326 319/397/1327 330/409/1328 329/408/1329 
f 319/397/1330 320/398/1331 331/410/1332 330/409/1333 
f 320/398/1334 321/399/1335 332/411/1336 331/410/1337 
f 321/399/1338 322/400/1339 333/412/1340 332/411/1341 
f 322/400/1342 323/401/1343 334/413/1344 333/412/1345 
f 323/401/1346 324/402/1347 335/414/1348 334/413/1349 
f 324/402/1350 315/403/1351 326/415/1352 335/414/1353 
f 326/405/1354 325/404/1355 336/416/1356 
f 325/404/1357 327/406/1358 336/417/1359 
f 327/406/1360 328/407/1361 336/418/1362 
f 328/407/1363 329/408/1364 336/419/1365 
f 329/408/1366 330/409/1367 336/420/1368 
f 330/409/1369 331/410/1370 336/421/1371 
f 331/410/1372 332/411/1373 336/422/1374 
f 332/411/1375 333/412/1376 336/423/1377 
f 333/412/1378 334/413/1379 336/424/1380 
f 334/413/1381 335/414/1382 336/425/1383 
f 335/414/1384 326/415/1385 336/426/1386 
o 003_Sphere_3
g Sphere_3
usemtl Lagoon Glow 2
v -1.258 -46.159 -37.674
v 1.695 -50.936 -39.485
v 2.252 -46.011 -38.983
v 0.200 -54.297 -39.827
v -1.757 -55.028 -39.901
v -3.556 -52.895 -39.684
v -4.625 -48.577 -39.244
v -4.625 -43.444 -38.722
v -3.556 -39.126 -38.282
v -1.757 -36.994 -38.065
v 0.200 -37.724 -38.139
v 1.695 -41.085 -38.481
v 4.375 -55.190 -43.134
v 5.438 -45.751 -42.818
v 1.524 -61.632 -43.349
v -2.210 -63.032 -43.396
v -5.642 -58.946 -43.259
v -7.682 -50.670 -42.983
v -7.682 -40.833 -42.654
v -5.642 -32.557 -42.377
v -2.210 -28.471 -42.241
v 1.524 -29.871 -42.288
v 4.375 -36.313 -42.503
v 6.430 -58.729 -47.922
v 7.880 -45.874 -48.875
v 2.538 -67.502 -47.272
v -2.558 -69.409 -47.131
v -7.242 -63.843 -47.543
v -10.026 -52.573 -48.378
v -10.026 -39.176 -49.371
v -7.242 -27.905 -50.206
v -2.558 -22.340 -50.618
v 2.538 -24.246 -50.477
v 6.430 -33.020 -49.827
v 7.464 -61.280 -53.500
v 9.110 -46.982 -56.575
v 3.049 -71.038 -51.401
v -2.733 -73.158 -50.945
v -8.047 -66.968 -52.276
v -11.205 -54.433 -54.972
v -11.205 -39.532 -58.177
v -8.047 -26.996 -60.874
v -2.733 -20.806 -62.205
v 3.049 -22.927 -61.749
v 7.464 -32.685 -59.650
v 7.211 -62.767 -59.950
v 8.809 -49.523 -65.074
v 2.924 -71.806 -56.453
v -2.690 -73.770 -55.693
v -7.850 -68.036 -57.911
v -10.917 -56.425 -62.404
v -10.917 -42.622 -67.744
v -7.850 -31.010 -72.236
v -2.690 -25.277 -74.455
v 2.924 -27.241 -73.695
v 7.211 -36.280 -70.198
v 5.840 -63.802 -67.346
v 7.179 -53.554 -73.394
v 2.247 -70.797 -63.218
v -2.458 -72.317 -62.321
v -6.782 -67.880 -64.940
v -9.352 -58.894 -70.242
v -9.352 -48.213 -76.545
v -6.782 -39.227 -81.847
v -2.458 -34.790 -84.466
v 2.247 -36.310 -83.569
v 5.840 -43.305 -79.441
v 4.325 -65.866 -74.694
v 5.379 -58.648 -80.656
v 1.499 -70.792 -70.625
v -2.202 -71.862 -69.741
v -5.604 -68.737 -72.322
v -7.625 -62.409 -77.549
v -7.625 -54.887 -83.762
v -5.604 -48.559 -88.989
v -2.202 -45.434 -91.570
v 1.499 -46.504 -90.686
v 4.325 -51.430 -86.617
v 2.940 -68.763 -81.112
v 3.732 -64.004 -86.298
v 0.815 -72.011 -77.573
v -1.968 -72.716 -76.804
v -4.525 -70.656 -79.049
v -6.045 -66.484 -83.596
v -6.045 -61.524 -89.000
v -4.525 -57.351 -93.547
v -1.968 -55.291 -95.792
v 0.815 -55.997 -95.023
v 2.940 -59.245 -91.484
v 1.612 -71.535 -86.275
v 2.154 -68.680 -90.148
v 0.159 -73.484 -83.631
v -1.743 -73.907 -83.057
v -3.492 -72.671 -84.734
v -4.531 -70.168 -88.130
v -4.531 -67.193 -92.167
v -3.492 -64.690 -95.563
v -1.743 -63.454 -97.240
v 0.159 -63.877 -96.666
v 1.612 -65.825 -94.022
v 0.220 -73.182 -90.232
v 0.499 -71.850 -92.322
v -0.528 -74.090 -88.805
v -1.508 -74.288 -88.495
v -2.408 -73.711 -89.400
v -2.943 -72.544 -91.233
v -2.943 -71.157 -93.412
v -2.408 -69.989 -95.244
v -1.508 -69.413 -96.150
v -0.528 -69.611 -95.840
v 0.220 -70.519 -94.413
v -1.258 -72.969 -93.017
vt 0.04545 0.00000
vt 0.09091 0.09091
vt 0.00000 0.09091
vt 0.13636 0.00000
vt 0.18182 0.09091
vt 0.22727 0.00000
vt 0.27273 0.09091
vt 0.31818 0.00000
vt 0.36364 0.09091
vt 0.40909 0.00000
vt 0.45455 0.09091
vt 0.50000 0.00000
vt 0.54545 0.09091
vt 0.59091 0.00000
vt 0.63636 0.09091
vt 0.68182 0.00000
vt 0.72727 0.09091
vt 0.77273 0.00000
vt 0.81818 0.09091
vt 0.86364 0.00000
vt 0.90909 0.09091
vt 0.95455 0.00000
vt 1.00000 0.09091
vt 0.09091 0.18182
vt 0.00000 0.18182
vt 0.18182 0.18182
vt 0.27273 0.18182
vt 0.36364 0.18182
vt 0.45455 0.18182
vt 0.54545 0.18182
vt 0.63636 0.18182
vt 0.72727 0.18182
vt 0.81818 0.18182
vt 0.90909 0.18182
vt 1.00000 0.18182
vt 0.09091 0.27273
vt 0.00000 0.27273
vt 0.18182 0.27273
vt 0.27273 0.27273
vt 0.36364 0.27273
vt 0.45455 0.27273
vt 0.54545 0.27273
vt 0.63636 0.27273
vt 0.72727 0.27273
vt 0.81818 0.27273
vt 0.90909 0.27273
vt 1.00000 0.27273
vt 0.09091 0.36364
vt 0.00000 0.36364
vt 0.18182 0.36364
vt 0.27273 0.36364
vt 0.36364 0.36364
vt 0.45455 0.36364
vt 0.54545 0.36364
vt 0.63636 0.36364
vt 0.72727 0.36364
vt 0.81818 0.36364
vt 0.90909 0.36364
vt 1.00000 0.36364
vt 0.09091 0.45455
vt 0.00000 0.45455
vt 0.18182 0.45455
vt 0.27273 0.45455
vt 0.36364 0.45455
vt 0.45455 0.45455
vt 0.54545 0.45455
vt 0.63636 0.45455
vt 0.72727 0.45455
vt 0.81818 0.45455
vt 0.90909 0.45455
vt 1.00000 0.45455
vt 0.09091 0.54545
vt 0.00000 0.54545
vt 0.18182 0.54545
vt 0.27273 0.54545
vt 0.36364 0.54545
vt 0.45455 0.54545
vt 0.54545 0.54545
vt 0.63636 0.54545
vt 0.72727 0.54545
vt 0.81818 0.54545
vt 0.90909 0.54545
vt 1.00000 0.54545
vt 0.09091 0.63636
vt 0.00000 0.63636
vt 0.18182 0.63636
vt 0.27273 0.63636
vt 0.36364 0.63636
vt 0.45455 0.63636
vt 0.54545 0.63636
vt 0.63636 0.63636
vt 0.72727 0.63636
vt 0.81818 0.63636
vt 0.90909 0.63636
vt 1.00000 0.63636
vt 0.09091 0.72727
vt 0.00000 0.72727
vt 0.18182 0.72727
vt 0.27273 0.72727
vt 0.36364 0.72727
vt 0.45455 0.72727
vt 0.54545 0.72727
vt 0.63636 0.72727
vt 0.72727 0.72727
vt 0.81818 0.72727
vt 0.90909 0.72727
vt 1.00000 0.72727
vt 0.09091 0.81818
vt 0.00000 0.81818
vt 0.18182 0.81818
vt 0.27273 0.81818
vt 0.36364 0.81818
vt 0.45455 0.81818
vt 0.54545 0.81818
vt 0.63636 0.81818
vt 0.72727 0.81818
vt 0.81818 0.81818
vt 0.90909 0.81818
vt 1.00000 0.81818
vt 0.09091 0.90909
vt 0.00000 0.90909
vt 0.18182 0.90909
vt 0.27273 0.90909
vt 0.36364 0.90909
vt 0.45455 0.90909
vt 0.54545 0.90909
vt 0.63636 0.90909
vt 0.72727 0.90909
vt 0.81818 0.90909
vt 0.90909 0.90909
vt 1.00000 0.90909
vt 0.04545 1.00000
vt 0.13636 1.00000
vt 0.22727 1.00000
vt 0.31818 1.00000
vt 0.40909 1.00000
vt 0.50000 1.00000
vt 0.59091 1.00000
vt 0.68182 1.00000
vt 0.77273 1.00000
vt 0.86364 1.00000
vt 0.95455 1.00000
vn 0.00000 -0.12451 0.99222
vn 0.53711 -0.21603 0.81538
vn 0.60830 -0.08043 0.78962
vn 0.00000 -0.12451 0.99222
vn 0.29399 -0.33904 0.89366
vn 0.53711 -0.21603 0.81538
vn 0.00000 -0.12451 0.99222
vn -0.10416 -0.37302 0.92196
vn 0.29399 -0.33904 0.89366
vn 0.00000 -0.12451 0.99222
vn -0.43998 -0.28245 0.85243
vn -0.10416 -0.37302 0.92196
vn 0.00000 -0.12451 0.99222
vn -0.59111 -0.14763 0.79296
vn -0.43998 -0.28245 0.85243
vn 0.00000 -0.12451 0.99222
vn -0.59111 -0.01527 0.80645
vn -0.59111 -0.14763 0.79296
vn 0.00000 -0.12451 0.99222
vn -0.43998 0.10479 0.89187
vn -0.59111 -0.01527 0.80645
vn 0.00000 -0.12451 0.99222
vn -0.10416 0.17948 0.97823
vn -0.43998 0.10479 0.89187
vn 0.00000 -0.12451 0.99222
vn 0.29399 0.15190 0.94366
vn -0.10416 0.17948 0.97823
vn 0.00000 -0.12451 0.99222
vn 0.53711 0.04721 0.84219
vn 0.29399 0.15190 0.94366
vn 0.00000 -0.12451 0.99222
vn 0.60830 -0.08043 0.78962
vn 0.53711 0.04721 0.84219
vn 0.60830 -0.08043 0.78962
vn 0.53711 -0.21603 0.81538
vn 0.80142 -0.21615 0.55767
vn 0.86027 -0.01703 0.50955
vn 0.53711 -0.21603 0.81538
vn 0.29399 -0.33904 0.89366
vn 0.51711 -0.45839 0.72282
vn 0.80142 -0.21615 0.55767
vn 0.29399 -0.33904 0.89366
vn -0.10416 -0.37302 0.92196
vn -0.19823 -0.55572 0.80739
vn 0.51711 -0.45839 0.72282
vn -0.10416 -0.37302 0.92196
vn -0.43998 -0.28245 0.85243
vn -0.70453 -0.33275 0.62683
vn -0.19823 -0.55572 0.80739
vn -0.43998 -0.28245 0.85243
vn -0.59111 -0.14763 0.79296
vn -0.84692 -0.11273 0.51963
vn -0.70453 -0.33275 0.62683
vn -0.59111 -0.14763 0.79296
vn -0.59111 -0.01527 0.80645
vn -0.84692 0.07779 0.52600
vn -0.84692 -0.11273 0.51963
vn -0.59111 -0.01527 0.80645
vn -0.43998 0.10479 0.89187
vn -0.70453 0.29017 0.64764
vn -0.84692 0.07779 0.52600
vn -0.43998 0.10479 0.89187
vn -0.10416 0.17948 0.97823
vn -0.19823 0.50058 0.84269
vn -0.70453 0.29017 0.64764
vn -0.10416 0.17948 0.97823
vn 0.29399 0.15190 0.94366
vn 0.51711 0.40912 0.75181
vn -0.19823 0.50058 0.84269
vn 0.29399 0.15190 0.94366
vn 0.53711 0.04721 0.84219
vn 0.80142 0.17844 0.57086
vn 0.51711 0.40912 0.75181
vn 0.53711 0.04721 0.84219
vn 0.60830 -0.08043 0.78962
vn 0.86027 -0.01703 0.50955
vn 0.80142 0.17844 0.57086
vn 0.86027 -0.01703 0.50955
vn 0.80142 -0.21615 0.55767
vn 0.91008 -0.19780 0.36419
vn 0.95181 0.02266 0.30586
vn 0.80142 -0.21615 0.55767
vn 0.51711 -0.45839 0.72282
vn 0.65852 -0.51342 0.55023
vn 0.91008 -0.19780 0.36419
vn 0.51711 -0.45839 0.72282
vn -0.19823 -0.55572 0.80739
vn -0.27490 -0.68483 0.67486
vn 0.65852 -0.51342 0.55023
vn -0.19823 -0.55572 0.80739
vn -0.70453 -0.33275 0.62683
vn -0.83398 -0.33757 0.43649
vn -0.27490 -0.68483 0.67486
vn -0.70453 -0.33275 0.62683
vn -0.84692 -0.11273 0.51963
vn -0.94262 -0.08241 0.32353
vn -0.83398 -0.33757 0.43649
vn -0.84692 -0.11273 0.51963
vn -0.84692 0.07779 0.52600
vn -0.94262 0.12918 0.30786
vn -0.94262 -0.08241 0.32353
vn -0.84692 0.07779 0.52600
vn -0.70453 0.29017 0.64764
vn -0.83398 0.39821 0.38198
vn -0.94262 0.12918 0.30786
vn -0.70453 0.29017 0.64764
vn -0.19823 0.50058 0.84269
vn -0.27490 0.77680 0.56657
vn -0.83398 0.39821 0.38198
vn -0.19823 0.50058 0.84269
vn 0.51711 0.40912 0.75181
vn 0.65852 0.58890 0.46856
vn -0.27490 0.77680 0.56657
vn 0.51711 0.40912 0.75181
vn 0.80142 0.17844 0.57086
vn 0.91008 0.24931 0.33107
vn 0.65852 0.58890 0.46856
vn 0.80142 0.17844 0.57086
vn 0.86027 -0.01703 0.50955
vn 0.95181 0.02266 0.30586
vn 0.91008 0.24931 0.33107
vn 0.95181 0.02266 0.30586
vn 0.91008 -0.19780 0.36419
vn 0.95482 -0.19172 0.22709
vn 0.98743 0.03324 0.15454
vn 0.91008 -0.19780 0.36419
vn 0.65852 -0.51342 0.55023
vn 0.73464 -0.54325 0.40642
vn 0.95482 -0.19172 0.22709
vn 0.65852 -0.51342 0.55023
vn -0.27490 -0.68483 0.67486
vn -0.32666 -0.77406 0.54234
vn 0.73464 -0.54325 0.40642
vn -0.27490 -0.68483 0.67486
vn -0.83398 -0.33757 0.43649
vn -0.89250 -0.34007 0.29631
vn -0.32666 -0.77406 0.54234
vn -0.83398 -0.33757 0.43649
vn -0.94262 -0.08241 0.32353
vn -0.98034 -0.07347 0.18311
vn -0.89250 -0.34007 0.29631
vn -0.94262 -0.08241 0.32353
vn -0.94262 0.12918 0.30786
vn -0.98034 0.14226 0.13671
vn -0.98034 -0.07347 0.18311
vn -0.94262 0.12918 0.30786
vn -0.83398 0.39821 0.38198
vn -0.89250 0.43183 0.13028
vn -0.98034 0.14226 0.13671
vn -0.83398 0.39821 0.38198
vn -0.27490 0.77680 0.56657
vn -0.32666 0.92859 0.17612
vn -0.89250 0.43183 0.13028
vn -0.27490 0.77680 0.56657
vn 0.65852 0.58890 0.46856
vn 0.73464 0.66231 0.14712
vn -0.32666 0.92859 0.17612
vn 0.65852 0.58890 0.46856
vn 0.91008 0.24931 0.33107
vn 0.95482 0.26814 0.12818
vn 0.73464 0.66231 0.14712
vn 0.91008 0.24931 0.33107
vn 0.95181 0.02266 0.30586
vn 0.98743 0.03324 0.15454
vn 0.95482 0.26814 0.12818
vn 0.98743 0.03324 0.15454
vn 0.95482 -0.19172 0.22709
vn 0.96967 -0.20405 0.13453
vn 0.99899 0.01621 0.04190
vn 0.95482 -0.19172 0.22709
vn 0.73464 -0.54325 0.40642
vn 0.76336 -0.56768 0.30824
vn 0.96967 -0.20405 0.13453
vn 0.73464 -0.54325 0.40642
vn -0.32666 -0.77406 0.54234
vn -0.34908 -0.82808 0.43866
vn 0.76336 -0.56768 0.30824
vn -0.32666 -0.77406 0.54234
vn -0.89250 -0.34007 0.29631
vn -0.91273 -0.35391 0.20414
vn -0.34908 -0.82808 0.43866
vn -0.89250 -0.34007 0.29631
vn -0.98034 -0.07347 0.18311
vn -0.99265 -0.08740 0.08370
vn -0.91273 -0.35391 0.20414
vn -0.98034 -0.07347 0.18311
vn -0.98034 0.14226 0.13671
vn -0.99265 0.12098 0.00308
vn -0.99265 -0.08740 0.08370
vn -0.98034 0.14226 0.13671
vn -0.89250 0.43183 0.13028
vn -0.91273 0.39915 -0.08722
vn -0.99265 0.12098 0.00308
vn -0.89250 0.43183 0.13028
vn -0.32666 0.92859 0.17612
vn -0.34908 0.90769 -0.23290
vn -0.91273 0.39915 -0.08722
vn -0.32666 0.92859 0.17612
vn 0.73464 0.66231 0.14712
vn 0.76336 0.62732 -0.15410
vn -0.34908 0.90769 -0.23290
vn 0.73464 0.66231 0.14712
vn 0.95482 0.26814 0.12818
vn 0.96967 0.24146 -0.03784
vn 0.76336 0.62732 -0.15410
vn 0.95482 0.26814 0.12818
vn 0.98743 0.03324 0.15454
vn 0.99899 0.01621 0.04190
vn 0.96967 0.24146 -0.03784
vn 0.99899 0.01621 0.04190
vn 0.96967 -0.20405 0.13453
vn 0.97006 -0.22787 0.08400
vn 0.99929 -0.01914 -0.03244
vn 0.96967 -0.20405 0.13453
vn 0.76336 -0.56768 0.30824
vn 0.76414 -0.58756 0.26621
vn 0.97006 -0.22787 0.08400
vn 0.76336 -0.56768 0.30824
vn -0.34908 -0.82808 0.43866
vn -0.34972 -0.84997 0.39401
vn 0.76414 -0.58756 0.26621
vn -0.34908 -0.82808 0.43866
vn -0.91273 -0.35391 0.20414
vn -0.91326 -0.37462 0.16003
vn -0.34972 -0.84997 0.39401
vn -0.91273 -0.35391 0.20414
vn -0.99265 -0.08740 0.08370
vn -0.99297 -0.11607 0.02320
vn -0.91326 -0.37462 0.16003
vn -0.99265 -0.08740 0.08370
vn -0.99265 0.12098 0.00308
vn -0.99297 0.07642 -0.09038
vn -0.99297 -0.11607 0.02320
vn -0.99265 0.12098 0.00308
vn -0.91273 0.39915 -0.08722
vn -0.91326 0.32120 -0.25056
vn -0.99297 0.07642 -0.09038
vn -0.91273 0.39915 -0.08722
vn -0.34908 0.90769 -0.23290
vn -0.34972 0.75584 -0.55354
vn -0.91326 0.32120 -0.25056
vn -0.34908 0.90769 -0.23290
vn 0.76336 0.62732 -0.15410
vn 0.76414 0.51710 -0.38562
vn -0.34972 0.75584 -0.55354
vn 0.76336 0.62732 -0.15410
vn 0.96967 0.24146 -0.03784
vn 0.97006 0.18370 -0.15886
vn 0.76414 0.51710 -0.38562
vn 0.96967 0.24146 -0.03784
vn 0.99899 0.01621 0.04190
vn 0.99929 -0.01914 -0.03244
vn 0.97006 0.18370 -0.15886
vn 0.99929 -0.01914 -0.03244
vn 0.97006 -0.22787 0.08400
vn 0.96426 -0.25792 0.06070
vn 0.99479 -0.06492 -0.07860
vn 0.97006 -0.22787 0.08400
vn 0.76414 -0.58756 0.26621
vn 0.75266 -0.60527 0.25913
vn 0.96426 -0.25792 0.06070
vn 0.76414 -0.58756 0.26621
vn -0.34972 -0.84997 0.39401
vn -0.34051 -0.85599 0.38903
vn 0.75266 -0.60527 0.25913
vn -0.34972 -0.84997 0.39401
vn -0.91326 -0.37462 0.16003
vn -0.90530 -0.39896 0.14579
vn -0.34051 -0.85599 0.38903
vn -0.91326 -0.37462 0.16003
vn -0.99297 -0.11607 0.02320
vn -0.98818 -0.15295 -0.01055
vn -0.90530 -0.39896 0.14579
vn -0.99297 -0.11607 0.02320
vn -0.99297 0.07642 -0.09038
vn -0.98818 0.01853 -0.15219
vn -0.98818 -0.15295 -0.01055
vn -0.99297 0.07642 -0.09038
vn -0.91326 0.32120 -0.25056
vn -0.90530 0.21853 -0.36424
vn -0.98818 0.01853 -0.15219
vn -0.91326 0.32120 -0.25056
vn -0.34972 0.75584 -0.55354
vn -0.34051 0.54371 -0.76710
vn -0.90530 0.21853 -0.36424
vn -0.34972 0.75584 -0.55354
vn 0.76414 0.51710 -0.38562
vn 0.75266 0.36879 -0.54543
vn -0.34051 0.54371 -0.76710
vn 0.76414 0.51710 -0.38562
vn 0.97006 0.18370 -0.15886
vn 0.96426 0.10832 -0.24182
vn 0.75266 0.36879 -0.54543
vn 0.97006 0.18370 -0.15886
vn 0.99929 -0.01914 -0.03244
vn 0.99479 -0.06492 -0.07860
vn 0.96426 0.10832 -0.24182
vn 0.99479 -0.06492 -0.07860
vn 0.96426 -0.25792 0.06070
vn 0.95155 -0.30511 0.03813
vn 0.98487 -0.12767 -0.11716
vn 0.96426 -0.25792 0.06070
vn 0.75266 -0.60527 0.25913
vn 0.72860 -0.64081 0.24188
vn 0.95155 -0.30511 0.03813
vn 0.75266 -0.60527 0.25913
vn -0.34051 -0.85599 0.38903
vn -0.32216 -0.87413 0.36346
vn 0.72860 -0.64081 0.24188
vn -0.34051 -0.85599 0.38903
vn -0.90530 -0.39896 0.14579
vn -0.88811 -0.44142 0.12810
vn -0.32216 -0.87413 0.36346
vn -0.90530 -0.39896 0.14579
vn -0.98818 -0.15295 -0.01055
vn -0.97763 -0.20648 -0.04015
vn -0.88811 -0.44142 0.12810
vn -0.98818 -0.15295 -0.01055
vn -0.98818 0.01853 -0.15219
vn -0.97763 -0.05769 -0.20228
vn -0.97763 -0.20648 -0.04015
vn -0.98818 0.01853 -0.15219
vn -0.90530 0.21853 -0.36424
vn -0.88811 0.08980 -0.45077
vn -0.97763 -0.05769 -0.20228
vn -0.90530 0.21853 -0.36424
vn -0.34051 0.54371 -0.76710
vn -0.32216 0.28721 -0.90206
vn -0.88811 0.08980 -0.45077
vn -0.34051 0.54371 -0.76710
vn 0.75266 0.36879 -0.54543
vn 0.72860 0.18608 -0.65918
vn -0.32216 0.28721 -0.90206
vn 0.75266 0.36879 -0.54543
vn 0.96426 0.10832 -0.24182
vn 0.95155 0.01184 -0.30725
vn 0.72860 0.18608 -0.65918
vn 0.96426 0.10832 -0.24182
vn 0.99479 -0.06492 -0.07860
vn 0.98487 -0.12767 -0.11716
vn 0.95155 0.01184 -0.30725
vn 0.98487 -0.12767 -0.11716
vn 0.95155 -0.30511 0.03813
vn 0.91689 -0.39892 -0.01345
vn 0.95731 -0.23269 -0.17150
vn 0.95155 -0.30511 0.03813
vn 0.72860 -0.64081 0.24188
vn 0.66924 -0.72483 0.16353
vn 0.91689 -0.39892 -0.01345
vn 0.72860 -0.64081 0.24188
vn -0.32216 -0.87413 0.36346
vn -0.28163 -0.92643 0.24983
vn 0.66924 -0.72483 0.16353
vn -0.32216 -0.87413 0.36346
vn -0.88811 -0.44142 0.12810
vn -0.84267 -0.53392 0.06952
vn -0.28163 -0.92643 0.24983
vn -0.88811 -0.44142 0.12810
vn -0.97763 -0.20648 -0.04015
vn -0.94843 -0.30359 -0.09116
vn -0.84267 -0.53392 0.06952
vn -0.97763 -0.20648 -0.04015
vn -0.97763 -0.05769 -0.20228
vn -0.94843 -0.17694 -0.26301
vn -0.94843 -0.30359 -0.09116
vn -0.97763 -0.05769 -0.20228
vn -0.88811 0.08980 -0.45077
vn -0.84267 -0.09164 -0.53058
vn -0.94843 -0.17694 -0.26301
vn -0.88811 0.08980 -0.45077
vn -0.32216 0.28721 -0.90206
vn -0.28163 -0.03559 -0.95886
vn -0.84267 -0.09164 -0.53058
vn -0.32216 0.28721 -0.90206
vn 0.72860 0.18608 -0.65918
vn 0.66924 -0.05835 -0.74075
vn -0.28163 -0.03559 -0.95886
vn 0.72860 0.18608 -0.65918
vn 0.95155 0.01184 -0.30725
vn 0.91689 -0.13093 -0.37706
vn 0.66924 -0.05835 -0.74075
vn 0.95155 0.01184 -0.30725
vn 0.98487 -0.12767 -0.11716
vn 0.95731 -0.23269 -0.17150
vn 0.91689 -0.13093 -0.37706
vn 0.95731 -0.23269 -0.17150
vn 0.91689 -0.39892 -0.01345
vn 0.77532 -0.61037 -0.16227
vn 0.83722 -0.46128 -0.29375
vn 0.91689 -0.39892 -0.01345
vn 0.66924 -0.72483 0.16353
vn 0.48930 -0.86955 -0.06688
vn 0.77532 -0.61037 -0.16227
vn 0.66924 -0.72483 0.16353
vn -0.28163 -0.92643 0.24983
vn -0.18514 -0.98189 -0.04014
vn 0.48930 -0.86955 -0.06688
vn -0.28163 -0.92643 0.24983
vn -0.84267 -0.53392 0.06952
vn -0.67564 -0.72899 -0.10991
vn -0.18514 -0.98189 -0.04014
vn -0.84267 -0.53392 0.06952
vn -0.94843 -0.30359 -0.09116
vn -0.82307 -0.52239 -0.22284
vn -0.67564 -0.72899 -0.10991
vn -0.94843 -0.30359 -0.09116
vn -0.94843 -0.17694 -0.26301
vn -0.82307 -0.42288 -0.37911
vn -0.82307 -0.52239 -0.22284
vn -0.94843 -0.17694 -0.26301
vn -0.84267 -0.09164 -0.53058
vn -0.67564 -0.40793 -0.61408
vn -0.82307 -0.42288 -0.37911
vn -0.84267 -0.09164 -0.53058
vn -0.28163 -0.03559 -0.95886
vn -0.18514 -0.45168 -0.87276
vn -0.67564 -0.40793 -0.61408
vn -0.28163 -0.03559 -0.95886
vn 0.66924 -0.05835 -0.74075
vn 0.48930 -0.42839 -0.75965
vn -0.18514 -0.45168 -0.87276
vn 0.66924 -0.05835 -0.74075
vn 0.91689 -0.13093 -0.37706
vn 0.77532 -0.40521 -0.48445
vn 0.48930 -0.42839 -0.75965
vn 0.91689 -0.13093 -0.37706
vn 0.95731 -0.23269 -0.17150
vn 0.83722 -0.46128 -0.29375
vn 0.77532 -0.40521 -0.48445
vn 0.83722 -0.46128 -0.29375
vn 0.77532 -0.61037 -0.16227
vn 0.00000 -0.85579 -0.51732
vn 0.77532 -0.61037 -0.16227
vn 0.48930 -0.86955 -0.06688
vn 0.00000 -0.85579 -0.51732
vn 0.48930 -0.86955 -0.06688
vn -0.18514 -0.98189 -0.04014
vn 0.00000 -0.85579 -0.51732
vn -0.18514 -0.98189 -0.04014
vn -0.67564 -0.72899 -0.10991
vn 0.00000 -0.85579 -0.51732
vn -0.67564 -0.72899 -0.10991
vn -0.82307 -0.52239 -0.22284
vn 0.00000 -0.85579 -0.51732
vn -0.82307 -0.52239 -0.22284
vn -0.82307 -0.42288 -0.37911
vn 0.00000 -0.85579 -0.51732
vn -0.82307 -0.42288 -0.37911
vn -0.67564 -0.40793 -0.61408
vn 0.00000 -0.85579 -0.51732
vn -0.67564 -0.40793 -0.61408
vn -0.18514 -0.45168 -0.87276
vn 0.00000 -0.85579 -0.51732
vn -0.18514 -0.45168 -0.87276
vn 0.48930 -0.42839 -0.75965
vn 0.00000 -0.85579 -0.51732
vn 0.48930 -0.42839 -0.75965
vn 0.77532 -0.40521 -0.48445
vn 0.00000 -0.85579 -0.51732
vn 0.77532 -0.40521 -0.48445
vn 0.83722 -0.46128 -0.29375
vn 0.00000 -0.85579 -0.51732
f 337/427/1387 338/428/1388 339/429/1389 
f 337/430/1390 340/431/1391 338/428/1392 
f 337/432/1393 341/433/1394 340/431/1395 
f 337/434/1396 342/435/1397 341/433/1398 
f 337/436/1399 343/437/1400 342/435/1401 
f 337/438/1402 344/439/1403 343/437/1404 
f 337/440/1405 345/441/1406 344/439/1407 
f 337/442/1408 346/443/1409 345/441/1410 
f 337/444/1411 347/445/1412 346/443/1413 
f 337/446/1414 348/447/1415 347/445/1416 
f 337/448/1417 339/449/1418 348/447/1419 
f 339/429/1420 338/428/1421 349/450/1422 350/451/1423 
f 338/428/1424 340/431/1425 351/452/1426 349/450/1427 
f 340/431/1428 341/433/1429 352/453/1430 351/452/1431 
f 341/433/1432 342/435/1433 353/454/1434 352/453/1435 
f 342/435/1436 343/437/1437 354/455/1438 353/454/1439 
f 343/437/1440 344/439/1441 355/456/1442 354/455/1443 
f 344/439/1444 345/441/1445 356/457/1446 355/456/1447 
f 345/441/1448 346/443/1449 357/458/1450 356/457/1451 
f 346/443/1452 347/445/1453 358/459/1454 357/458/1455 
f 347/445/1456 348/447/1457 359/460/1458 358/459/1459 
f 348/447/1460 339/449/1461 350/461/1462 359/460/1463 
f 350/451/1464 349/450/1465 360/462/1466 361/463/1467 
f 349/450/1468 351/452/1469 362/464/1470 360/462/1471 
f 351/452/1472 352/453/1473 363/465/1474 362/464/1475 
f 352/453/1476 353/454/1477 364/466/1478 363/465/1479 
f 353/454/1480 354/455/1481 365/467/1482 364/466/1483 
f 354/455/1484 355/456/1485 366/468/1486 365/467/1487 
f 355/456/1488 356/457/1489 367/469/1490 366/468/1491 
f 356/457/1492 357/458/1493 368/470/1494 367/469/1495 
f 357/458/1496 358/459/1497 369/471/1498 368/470/1499 
f 358/459/1500 359/460/1501 370/472/1502 369/471/1503 
f 359/460/1504 350/461/1505 361/473/1506 370/472/1507 
f 361/463/1508 360/462/1509 371/474/1510 372/475/1511 
f 360/462/1512 362/464/1513 373/476/1514 371/474/1515 
f 362/464/1516 363/465/1517 374/477/1518 373/476/1519 
f 363/465/1520 364/466/1521 375/478/1522 374/477/1523 
f 364/466/1524 365/467/1525 376/479/1526 375/478/1527 
f 365/467/1528 366/468/1529 377/480/1530 376/479/1531 
f 366/468/1532 367/469/1533 378/481/1534 377/480/1535 
f 367/469/1536 368/470/1537 379/482/1538 378/481/1539 
f 368/470/1540 369/471/1541 380/483/1542 379/482/1543 
f 369/471/1544 370/472/1545 381/484/1546 380/483/1547 
f 370/472/1548 361/473/1549 372/485/1550 381/484/1551 
f 372/475/1552 371/474/1553 382/486/1554 383/487/1555 
f 371/474/1556 373/476/1557 384/488/1558 382/486/1559 
f 373/476/1560 374/477/1561 385/489/1562 384/488/1563 
f 374/477/1564 375/478/1565 386/490/1566 385/489/1567 
f 375/478/1568 376/479/1569 387/491/1570 386/490/1571 
f 376/479/1572 377/480/1573 388/492/1574 387/491/1575 
f 377/480/1576 378/481/1577 389/493/1578 388/492/1579 
f 378/481/1580 379/482/1581 390/494/1582 389/493/1583 
f 379/482/1584 380/483/1585 391/495/1586 390/494/1587 
f 380/483/1588 381/484/1589 392/496/1590 391/495/1591 
f 381/484/1592 372/485/1593 383/497/1594 392/496/1595 
f 383/487/1596 382/486/1597 393/498/1598 394/499/1599 
f 382/486/1600 384/488/1601 395/500/1602 393/498/1603 
f 384/488/1604 385/489/1605 396/501/1606 395/500/1607 
f 385/489/1608 386/490/1609 397/502/1610 396/501/1611 
f 386/490/1612 387/491/1613 398/503/1614 397/502/1615 
f 387/491/1616 388/492/1617 399/504/1618 398/503/1619 
f 388/492/1620 389/493/1621 400/505/1622 399/504/1623 
f 389/493/1624 390/494/1625 401/506/1626 400/505/1627 
f 390/494/1628 391/495/1629 402/507/1630 401/506/1631 
f 391/495/1632 392/496/1633 403/508/1634 402/507/1635 
f 392/496/1636 383/497/1637 394/509/1638 403/508/1639 
f 394/499/1640 393/498/1641 404/510/1642 405/511/1643 
f 393/498/1644 395/500/1645 406/512/1646 404/510/1647 
f 395/500/1648 396/501/1649 407/513/1650 406/512/1651 
f 396/501/1652 397/502/1653 408/514/1654 407/513/1655 
f 397/502/1656 398/503/1657 409/515/1658 408/514/1659 
f 398/503/1660 399/504/1661 410/516/1662 409/515/1663 
f 399/504/1664 400/505/1665 411/517/1666 410/516/1667 
f 400/505/1668 401/506/1669 412/518/1670 411/517/1671 
f 401/506/1672 402/507/1673 413/519/1674 412/518/1675 
f 402/507/1676 403/508/1677 414/520/1678 413/519/1679 
f 403/508/1680 394/509/1681 405/521/1682 414/520/1683 
f 405/511/1684 404/510/1685 415/522/1686 416/523/1687 
f 404/510/1688 406/512/1689 417/524/1690 415/522/1691 
f 406/512/1692 407/513/1693 418/525/1694 417/524/1695 
f 407/513/1696 408/514/1697 419/526/1698 418/525/1699 
f 408/514/1700 409/515/1701 420/527/1702 419/526/1703 
f 409/515/1704 410/516/1705 421/528/1706 420/527/1707 
f 410/516/1708 411/517/1709 422/529/1710 421/528/1711 
f 411/517/1712 412/518/1713 423/530/1714 422/529/1715 
f 412/518/1716 413/519/1717 424/531/1718 423/530/1719 
f 413/519/1720 414/520/1721 425/532/1722 424/531/1723 
f 414/520/1724 405/521/1725 416/533/1726 425/532/1727 
f 416/523/1728 415/522/1729 426/534/1730 427/535/1731 
f 415/522/1732 417/524/1733 428/536/1734 426/534/1735 
f 417/524/1736 418/525/1737 429/537/1738 428/536/1739 
f 418/525/1740 419/526/1741 430/538/1742 429/537/1743 
f 419/526/1744 420/527/1745 431/539/1746 430/538/1747 
f 420/527/1748 421/528/1749 432/540/1750 431/539/1751 
f 421/528/1752 422/529/1753 433/541/1754 432/540/1755 
f 422/529/1756 423/530/1757 434/542/1758 433/541/1759 
f 423/530/1760 424/531/1761 435/543/1762 434/542/1763 
f 424/531/1764 425/532/1765 436/544/1766 435/543/1767 
f 425/532/1768 416/533/1769 427/545/1770 436/544/1771 
f 427/535/1772 426/534/1773 437/546/1774 438/547/1775 
f 426/534/1776 428/536/1777 439/548/1778 437/546/1779 
f 428/536/1780 429/537/1781 440/549/1782 439/548/1783 
f 429/537/1784 430/538/1785 441/550/1786 440/549/1787 
f 430/538/1788 431/539/1789 442/551/1790 441/550/1791 
f 431/539/1792 432/540/1793 443/552/1794 442/551/1795 
f 432/540/1796 433/541/1797 444/553/1798 443/552/1799 
f 433/541/1800 434/542/1801 445/554/1802 444/553/1803 
f 434/542/1804 435/543/1805 446/555/1806 445/554/1807 
f 435/543/1808 436/544/1809 447/556/1810 446/555/1811 
f 436/544/1812 427/545/1813 438/557/1814 447/556/1815 
f 438/547/1816 437/546/1817 448/558/1818 
f 437/546/1819 439/548/1820 448/559/1821 
f 439/548/1822 440/549/1823 448/560/1824 
f 440/549/1825 441/550/1826 448/561/1827 
f 441/550/1828 442/551/1829 448/562/1830 
f 442/551/1831 443/552/1832 448/563/1833 
f 443/552/1834 444/553/1835 448/564/1836 
f 444/553/1837 445/554/1838 448/565/1839 
f 445/554/1840 446/555/1841 448/566/1842 
f 446/555/1843 447/556/1844 448/567/1845 
f 447/556/1846 438/557/1847 448/568/1848 
o 004_Sphere_3
g Sphere_3
usemtl Lagoon Glow 3
v -1.258 -46.159 -37.674
v 1.695 -47.731 -43.078
v 2.252 -44.909 -38.411
v 0.200 -49.657 -46.264
v -1.757 -50.076 -46.956
v -3.556 -48.854 -44.936
v -4.625 -46.380 -40.843
v -4.625 -43.438 -35.978
v -3.556 -40.963 -31.886
v -1.757 -39.741 -29.865
v 0.200 -40.160 -30.557
v 1.695 -42.086 -33.743
v 4.375 -47.339 -49.242
v 5.438 -41.361 -40.724
v 1.524 -51.419 -55.055
v -2.210 -52.305 -56.318
v -5.642 -49.717 -52.630
v -7.682 -44.476 -45.163
v -7.682 -38.246 -36.286
v -5.642 -33.005 -28.818
v -2.210 -30.417 -25.131
v 1.524 -31.304 -26.394
v 4.375 -35.384 -32.207
v 6.430 -45.469 -55.530
v 7.880 -36.112 -44.846
v 2.538 -51.855 -62.822
v -2.558 -53.243 -64.406
v -7.242 -49.192 -59.781
v -10.026 -40.988 -50.413
v -10.026 -31.236 -39.279
v -7.242 -23.031 -29.912
v -2.558 -18.980 -25.286
v 2.538 -20.368 -26.871
v 6.430 -26.755 -34.162
v 7.464 -42.250 -61.471
v 9.110 -30.068 -50.924
v 3.049 -50.564 -68.670
v -2.733 -52.371 -70.234
v -8.047 -47.097 -65.668
v -11.205 -36.416 -56.420
v -11.205 -23.720 -45.428
v -8.047 -13.039 -36.181
v -2.733 -7.765 -31.615
v 3.049 -9.572 -33.179
v 7.464 -17.886 -40.377
v 7.211 -37.558 -67.055
v 8.809 -24.271 -58.793
v 2.924 -46.626 -72.694
v -2.690 -48.597 -73.919
v -7.850 -42.844 -70.342
v -10.917 -31.195 -63.099
v -10.917 -17.347 -54.488
v -7.850 -5.698 -47.245
v -2.690 0.055 -43.668
v 2.924 -1.916 -44.893
v 7.211 -10.984 -50.532
v 5.840 -31.734 -72.868
v 7.179 -19.619 -67.855
v 2.247 -40.003 -76.290
v -2.458 -41.800 -77.033
v -6.782 -36.554 -74.863
v -9.352 -25.932 -70.467
v -9.352 -13.305 -65.242
v -6.782 -2.683 -60.847
v -2.458 2.562 -58.676
v 2.247 0.765 -59.420
v 5.840 -7.503 -62.841
v 4.325 -26.634 -79.554
v 5.379 -16.603 -77.152
v 1.499 -33.480 -81.193
v -2.202 -34.967 -81.550
v -5.604 -30.625 -80.510
v -7.625 -21.830 -78.403
v -7.625 -11.375 -75.900
v -5.604 -2.581 -73.794
v -2.202 1.762 -72.753
v 1.499 0.274 -73.110
v 4.325 -6.572 -74.749
v 2.940 -22.904 -86.357
v 3.732 -15.185 -85.605
v 0.815 -28.172 -86.871
v -1.968 -29.316 -86.982
v -4.525 -25.975 -86.657
v -6.045 -19.208 -85.997
v -6.045 -11.163 -85.213
v -4.525 -4.396 -84.554
v -1.968 -1.054 -84.228
v 0.815 -2.199 -84.340
v 2.940 -7.467 -84.853
v 1.612 -20.197 -92.219
v 2.154 -14.895 -92.273
v 0.159 -23.815 -92.182
v -1.743 -24.602 -92.174
v -3.492 -22.306 -92.198
v -4.531 -17.658 -92.245
v -4.531 -12.133 -92.301
v -3.492 -7.485 -92.349
v -1.743 -5.189 -92.372
v 0.159 -5.976 -92.364
v 1.612 -9.594 -92.327
v 0.220 -17.805 -96.291
v 0.499 -15.083 -96.504
v -0.528 -19.663 -96.145
v -1.508 -20.067 -96.113
v -2.408 -18.888 -96.206
v -2.943 -16.501 -96.393
v -2.943 -13.664 -96.616
v -2.408 -11.277 -96.803
v -1.508 -10.099 -96.895
v -0.528 -10.502 -96.864
v 0.220 -12.360 -96.718
v -1.258 -15.213 -97.950
vt 0.04545 0.00000
vt 0.09091 0.09091
vt 0.00000 0.09091
vt 0.13636 0.00000
vt 0.18182 0.09091
vt 0.22727 0.00000
vt 0.27273 0.09091
vt 0.31818 0.00000
vt 0.36364 0.09091
vt 0.40909 0.00000
vt 0.45455 0.09091
vt 0.50000 0.00000
vt 0.54545 0.09091
vt 0.59091 0.00000
vt 0.63636 0.09091
vt 0.68182 0.00000
vt 0.72727 0.09091
vt 0.77273 0.00000
vt 0.81818 0.09091
vt 0.86364 0.00000
vt 0.90909 0.09091
vt 0.95455 0.00000
vt 1.00000 0.09091
vt 0.09091 0.18182
vt 0.00000 0.18182
vt 0.18182 0.18182
vt 0.27273 0.18182
vt 0.36364 0.18182
vt 0.45455 0.18182
vt 0.54545 0.18182
vt 0.63636 0.18182
vt 0.72727 0.18182
vt 0.81818 0.18182
vt 0.90909 0.18182
vt 1.00000 0.18182
vt 0.09091 0.27273
vt 0.00000 0.27273
vt 0.18182 0.27273
vt 0.27273 0.27273
vt 0.36364 0.27273
vt 0.45455 0.27273
vt 0.54545 0.27273
vt 0.63636 0.27273
vt 0.72727 0.27273
vt 0.81818 0.27273
vt 0.90909 0.27273
vt 1.00000 0.27273
vt 0.09091 0.36364
vt 0.00000 0.36364
vt 0.18182 0.36364
vt 0.27273 0.36364
vt 0.36364 0.36364
vt 0.45455 0.36364
vt 0.54545 0.36364
vt 0.63636 0.36364
vt 0.72727 0.36364
vt 0.81818 0.36364
vt 0.90909 0.36364
vt 1.00000 0.36364
vt 0.09091 0.45455
vt 0.00000 0.45455
vt 0.18182 0.45455
vt 0.27273 0.45455
vt 0.36364 0.45455
vt 0.45455 0.45455
vt 0.54545 0.45455
vt 0.63636 0.45455
vt 0.72727 0.45455
vt 0.81818 0.45455
vt 0.90909 0.45455
vt 1.00000 0.45455
vt 0.09091 0.54545
vt 0.00000 0.54545
vt 0.18182 0.54545
vt 0.27273 0.54545
vt 0.36364 0.54545
vt 0.45455 0.54545
vt 0.54545 0.54545
vt 0.63636 0.54545
vt 0.72727 0.54545
vt 0.81818 0.54545
vt 0.90909 0.54545
vt 1.00000 0.54545
vt 0.09091 0.63636
vt 0.00000 0.63636
vt 0.18182 0.63636
vt 0.27273 0.63636
vt 0.36364 0.63636
vt 0.45455 0.63636
vt 0.54545 0.63636
vt 0.63636 0.63636
vt 0.72727 0.63636
vt 0.81818 0.63636
vt 0.90909 0.63636
vt 1.00000 0.63636
vt 0.09091 0.72727
vt 0.00000 0.72727
vt 0.18182 0.72727
vt 0.27273 0.72727
vt 0.36364 0.72727
vt 0.45455 0.72727
vt 0.54545 0.72727
vt 0.63636 0.72727
vt 0.72727 0.72727
vt 0.81818 0.72727
vt 0.90909 0.72727
vt 1.00000 0.72727
vt 0.09091 0.81818
vt 0.00000 0.81818
vt 0.18182 0.81818
vt 0.27273 0.81818
vt 0.36364 0.81818
vt 0.45455 0.81818
vt 0.54545 0.81818
vt 0.63636 0.81818
vt 0.72727 0.81818
vt 0.81818 0.81818
vt 0.90909 0.81818
vt 1.00000 0.81818
vt 0.09091 0.90909
vt 0.00000 0.90909
vt 0.18182 0.90909
vt 0.27273 0.90909
vt 0.36364 0.90909
vt 0.45455 0.90909
vt 0.54545 0.90909
vt 0.63636 0.90909
vt 0.72727 0.90909
vt 0.81818 0.90909
vt 0.90909 0.90909
vt 1.00000 0.90909
vt 0.04545 1.00000
vt 0.13636 1.00000
vt 0.22727 1.00000
vt 0.31818 1.00000
vt 0.40909 1.00000
vt 0.50000 1.00000
vt 0.59091 1.00000
vt 0.68182 1.00000
vt 0.77273 1.00000
vt 0.86364 1.00000
vt 0.95455 1.00000
vn 0.00000 -0.86756 0.49733
vn 0.57433 -0.75828 0.30847
vn 0.64517 -0.65380 0.39534
vn 0.00000 -0.86756 0.49733
vn 0.32097 -0.90948 0.26423
vn 0.57433 -0.75828 0.30847
vn 0.00000 -0.86756 0.49733
vn -0.11464 -0.95979 0.25624
vn 0.32097 -0.90948 0.26423
vn 0.00000 -0.86756 0.49733
vn -0.47504 -0.83379 0.28131
vn -0.11464 -0.95979 0.25624
vn 0.00000 -0.86756 0.49733
vn -0.62823 -0.69671 0.34629
vn -0.47504 -0.83379 0.28131
vn 0.00000 -0.86756 0.49733
vn -0.62823 -0.63031 0.45612
vn -0.62823 -0.69671 0.34629
vn 0.00000 -0.86756 0.49733
vn -0.47504 -0.63643 0.60769
vn -0.62823 -0.63031 0.45612
vn 0.00000 -0.86756 0.49733
vn -0.11464 -0.67277 0.73092
vn -0.47504 -0.63643 0.60769
vn 0.00000 -0.86756 0.49733
vn 0.32097 -0.65647 0.68266
vn -0.11464 -0.67277 0.73092
vn 0.00000 -0.86756 0.49733
vn 0.57433 -0.62541 0.52821
vn 0.32097 -0.65647 0.68266
vn 0.00000 -0.86756 0.49733
vn 0.64517 -0.65380 0.39534
vn 0.57433 -0.62541 0.52821
vn 0.64517 -0.65380 0.39534
vn 0.57433 -0.75828 0.30847
vn 0.82795 -0.53964 0.15260
vn 0.88069 -0.38774 0.27212
vn 0.57433 -0.75828 0.30847
vn 0.32097 -0.90948 0.26423
vn 0.55413 -0.82976 0.06667
vn 0.82795 -0.53964 0.15260
vn 0.32097 -0.90948 0.26423
vn -0.11464 -0.95979 0.25624
vn -0.21750 -0.97518 0.04150
vn 0.55413 -0.82976 0.06667
vn -0.11464 -0.95979 0.25624
vn -0.47504 -0.83379 0.28131
vn -0.73805 -0.66641 0.10572
vn -0.21750 -0.97518 0.04150
vn -0.47504 -0.83379 0.28131
vn -0.62823 -0.69671 0.34629
vn -0.86885 -0.44966 0.20716
vn -0.73805 -0.66641 0.10572
vn -0.62823 -0.69671 0.34629
vn -0.62823 -0.63031 0.45612
vn -0.86885 -0.34769 0.35244
vn -0.86885 -0.44966 0.20716
vn -0.62823 -0.63031 0.45612
vn -0.47504 -0.63643 0.60769
vn -0.73805 -0.32599 0.59077
vn -0.86885 -0.34769 0.35244
vn -0.47504 -0.63643 0.60769
vn -0.11464 -0.67277 0.73092
vn -0.21750 -0.37057 0.90298
vn -0.73805 -0.32599 0.59077
vn -0.11464 -0.67277 0.73092
vn 0.32097 -0.65647 0.68266
vn 0.55413 -0.34481 0.75766
vn -0.21750 -0.37057 0.90298
vn 0.32097 -0.65647 0.68266
vn 0.57433 -0.62541 0.52821
vn 0.82795 -0.32698 0.45561
vn 0.55413 -0.34481 0.75766
vn 0.57433 -0.62541 0.52821
vn 0.64517 -0.65380 0.39534
vn 0.88069 -0.38774 0.27212
vn 0.82795 -0.32698 0.45561
vn 0.88069 -0.38774 0.27212
vn 0.82795 -0.53964 0.15260
vn 0.92417 -0.37781 0.05625
vn 0.95980 -0.21116 0.18494
vn 0.82795 -0.53964 0.15260
vn 0.55413 -0.82976 0.06667
vn 0.69407 -0.71591 -0.07578
vn 0.92417 -0.37781 0.05625
vn 0.55413 -0.82976 0.06667
vn -0.21750 -0.97518 0.04150
vn -0.30047 -0.94345 -0.14006
vn 0.69407 -0.71591 -0.07578
vn -0.21750 -0.97518 0.04150
vn -0.73805 -0.66641 0.10572
vn -0.85730 -0.51477 -0.00666
vn -0.30047 -0.94345 -0.14006
vn -0.73805 -0.66641 0.10572
vn -0.86885 -0.44966 0.20716
vn -0.95202 -0.28236 0.11803
vn -0.85730 -0.51477 -0.00666
vn -0.86885 -0.44966 0.20716
vn -0.86885 -0.34769 0.35244
vn -0.95202 -0.15422 0.26433
vn -0.95202 -0.28236 0.11803
vn -0.86885 -0.34769 0.35244
vn -0.73805 -0.32599 0.59077
vn -0.85730 -0.06125 0.51116
vn -0.95202 -0.15422 0.26433
vn -0.73805 -0.32599 0.59077
vn -0.21750 -0.37057 0.90298
vn -0.30047 0.01449 0.95368
vn -0.85730 -0.06125 0.51116
vn -0.21750 -0.37057 0.90298
vn 0.55413 -0.34481 0.75766
vn 0.69407 -0.01924 0.71965
vn -0.30047 0.01449 0.95368
vn 0.55413 -0.34481 0.75766
vn 0.82795 -0.32698 0.45561
vn 0.92417 -0.10556 0.36710
vn 0.69407 -0.01924 0.71965
vn 0.82795 -0.32698 0.45561
vn 0.88069 -0.38774 0.27212
vn 0.95980 -0.21116 0.18494
vn 0.92417 -0.10556 0.36710
vn 0.95980 -0.21116 0.18494
vn 0.92417 -0.37781 0.05625
vn 0.96234 -0.27144 -0.01516
vn 0.98961 -0.09411 0.10870
vn 0.92417 -0.37781 0.05625
vn 0.69407 -0.71591 -0.07578
vn 0.76639 -0.61680 -0.17946
vn 0.96234 -0.27144 -0.01516
vn 0.69407 -0.71591 -0.07578
vn -0.30047 -0.94345 -0.14006
vn -0.35587 -0.88876 -0.28890
vn 0.76639 -0.61680 -0.17946
vn -0.30047 -0.94345 -0.14006
vn -0.85730 -0.51477 -0.00666
vn -0.90894 -0.40787 -0.08638
vn -0.35587 -0.88876 -0.28890
vn -0.85730 -0.51477 -0.00666
vn -0.95202 -0.28236 0.11803
vn -0.98372 -0.17347 0.04685
vn -0.90894 -0.40787 -0.08638
vn -0.95202 -0.28236 0.11803
vn -0.95202 -0.15422 0.26433
vn -0.98372 -0.02154 0.17839
vn -0.98372 -0.17347 0.04685
vn -0.95202 -0.15422 0.26433
vn -0.85730 -0.06125 0.51116
vn -0.90894 0.14387 0.39131
vn -0.98372 -0.02154 0.17839
vn -0.85730 -0.06125 0.51116
vn -0.30047 0.01449 0.95368
vn -0.35587 0.41314 0.83825
vn -0.90894 0.14387 0.39131
vn -0.30047 0.01449 0.95368
vn 0.69407 -0.01924 0.71965
vn 0.76639 0.26590 0.58476
vn -0.35587 0.41314 0.83825
vn 0.69407 -0.01924 0.71965
vn 0.92417 -0.10556 0.36710
vn 0.96234 0.05386 0.26647
vn 0.76639 0.26590 0.58476
vn 0.92417 -0.10556 0.36710
vn 0.95980 -0.21116 0.18494
vn 0.98961 -0.09411 0.10870
vn 0.96234 0.05386 0.26647
vn 0.98961 -0.09411 0.10870
vn 0.96234 -0.27144 -0.01516
vn 0.97482 -0.21005 -0.07491
vn 0.99917 -0.02154 0.03463
vn 0.96234 -0.27144 -0.01516
vn 0.76639 -0.61680 -0.17946
vn 0.79308 -0.55417 -0.25281
vn 0.97482 -0.21005 -0.07491
vn 0.76639 -0.61680 -0.17946
vn -0.35587 -0.88876 -0.28890
vn -0.37970 -0.83766 -0.39261
vn 0.79308 -0.55417 -0.25281
vn -0.35587 -0.88876 -0.28890
vn -0.90894 -0.40787 -0.08638
vn -0.92646 -0.34635 -0.14736
vn -0.37970 -0.83766 -0.39261
vn -0.90894 -0.40787 -0.08638
vn -0.98372 -0.17347 0.04685
vn -0.99393 -0.10854 -0.01770
vn -0.92646 -0.34635 -0.14736
vn -0.98372 -0.17347 0.04685
vn -0.98372 -0.02154 0.17839
vn -0.99393 0.06389 0.08951
vn -0.99393 -0.10854 -0.01770
vn -0.98372 -0.02154 0.17839
vn -0.90894 0.14387 0.39131
vn -0.92646 0.28536 0.24543
vn -0.99393 0.06389 0.08951
vn -0.90894 0.14387 0.39131
vn -0.35587 0.41314 0.83825
vn -0.37970 0.72265 0.57758
vn -0.92646 0.28536 0.24543
vn -0.35587 0.41314 0.83825
vn 0.76639 0.26590 0.58476
vn 0.79308 0.47187 0.38517
vn -0.37970 0.72265 0.57758
vn 0.76639 0.26590 0.58476
vn 0.96234 0.05386 0.26647
vn 0.97482 0.16010 0.15524
vn 0.79308 0.47187 0.38517
vn 0.96234 0.05386 0.26647
vn 0.98961 -0.09411 0.10870
vn 0.99917 -0.02154 0.03463
vn 0.97482 0.16010 0.15524
vn 0.99917 -0.02154 0.03463
vn 0.97482 -0.21005 -0.07491
vn 0.97514 -0.18628 -0.11999
vn 0.99942 0.01307 -0.03159
vn 0.97482 -0.21005 -0.07491
vn 0.79308 -0.55417 -0.25281
vn 0.79380 -0.53371 -0.29159
vn 0.97514 -0.18628 -0.11999
vn 0.79308 -0.55417 -0.25281
vn -0.37970 -0.83766 -0.39261
vn -0.38038 -0.81541 -0.43637
vn 0.79380 -0.53371 -0.29159
vn -0.37970 -0.83766 -0.39261
vn -0.92646 -0.34635 -0.14736
vn -0.92692 -0.32533 -0.18702
vn -0.38038 -0.81541 -0.43637
vn -0.92646 -0.34635 -0.14736
vn -0.99393 -0.10854 -0.01770
vn -0.99420 -0.08028 -0.07158
vn -0.92692 -0.32533 -0.18702
vn -0.99393 -0.10854 -0.01770
vn -0.99393 0.06389 0.08951
vn -0.99420 0.10739 0.00608
vn -0.99420 -0.08028 -0.07158
vn -0.99393 0.06389 0.08951
vn -0.92646 0.28536 0.24543
vn -0.92692 0.36236 0.09755
vn -0.99420 0.10739 0.00608
vn -0.92646 0.28536 0.24543
vn -0.37970 0.72265 0.57758
vn -0.38038 0.88533 0.26741
vn -0.92692 0.36236 0.09755
vn -0.37970 0.72265 0.57758
vn 0.79308 0.47187 0.38517
vn 0.79380 0.58370 0.17080
vn -0.38038 0.88533 0.26741
vn 0.79308 0.47187 0.38517
vn 0.97482 0.16010 0.15524
vn 0.97514 0.21660 0.04672
vn 0.79380 0.58370 0.17080
vn 0.97482 0.16010 0.15524
vn 0.99917 -0.02154 0.03463
vn 0.99942 0.01307 -0.03159
vn 0.97514 0.21660 0.04672
vn 0.99942 0.01307 -0.03159
vn 0.97514 -0.18628 -0.11999
vn 0.97028 -0.18597 -0.15484
vn 0.99570 0.02157 -0.09006
vn 0.97514 -0.18628 -0.11999
vn 0.79380 -0.53371 -0.29159
vn 0.78318 -0.53932 -0.30946
vn 0.97028 -0.18597 -0.15484
vn 0.79380 -0.53371 -0.29159
vn -0.38038 -0.81541 -0.43637
vn -0.37060 -0.81559 -0.44437
vn 0.78318 -0.53932 -0.30946
vn -0.38038 -0.81541 -0.43637
vn -0.92692 -0.32533 -0.18702
vn -0.92005 -0.32877 -0.21310
vn -0.37060 -0.81559 -0.44437
vn -0.92692 -0.32533 -0.18702
vn -0.99420 -0.08028 -0.07158
vn -0.99023 -0.07601 -0.11690
vn -0.92005 -0.32877 -0.21310
vn -0.99420 -0.08028 -0.07158
vn -0.99420 0.10739 0.00608
vn -0.99023 0.12072 -0.06979
vn -0.99023 -0.07601 -0.11690
vn -0.99420 0.10739 0.00608
vn -0.92692 0.36236 0.09755
vn -0.92005 0.38964 -0.04105
vn -0.99023 0.12072 -0.06979
vn -0.92692 0.36236 0.09755
vn -0.38038 0.88533 0.26741
vn -0.37060 0.92841 -0.02670
vn -0.92005 0.38964 -0.04105
vn -0.38038 0.88533 0.26741
vn 0.79380 0.58370 0.17080
vn 0.78318 0.62099 -0.03158
vn -0.37060 0.92841 -0.02670
vn 0.79380 0.58370 0.17080
vn 0.97514 0.21660 0.04672
vn 0.97028 0.23593 -0.05380
vn 0.78318 0.62099 -0.03158
vn 0.97514 0.21660 0.04672
vn 0.99942 0.01307 -0.03159
vn 0.99570 0.02157 -0.09006
vn 0.97028 0.23593 -0.05380
vn 0.99570 0.02157 -0.09006
vn 0.97028 -0.18597 -0.15484
vn 0.95958 -0.19584 -0.20210
vn 0.98749 0.01530 -0.15695
vn 0.97028 -0.18597 -0.15484
vn 0.78318 -0.53932 -0.30946
vn 0.76073 -0.54836 -0.34726
vn 0.95958 -0.19584 -0.20210
vn 0.78318 -0.53932 -0.30946
vn -0.37060 -0.81559 -0.44437
vn -0.35109 -0.80722 -0.47448
vn 0.76073 -0.54836 -0.34726
vn -0.37060 -0.81559 -0.44437
vn -0.92005 -0.32877 -0.21310
vn -0.90512 -0.34025 -0.25492
vn -0.35109 -0.80722 -0.47448
vn -0.92005 -0.32877 -0.21310
vn -0.99023 -0.07601 -0.11690
vn -0.98146 -0.08393 -0.17230
vn -0.90512 -0.34025 -0.25492
vn -0.99023 -0.07601 -0.11690
vn -0.99023 0.12072 -0.06979
vn -0.98146 0.11562 -0.15285
vn -0.98146 -0.08393 -0.17230
vn -0.99023 0.12072 -0.06979
vn -0.92005 0.38964 -0.04105
vn -0.90512 0.38306 -0.18443
vn -0.98146 0.11562 -0.15285
vn -0.92005 0.38964 -0.04105
vn -0.37060 0.92841 -0.02670
vn -0.35109 0.88364 -0.30970
vn -0.90512 0.38306 -0.18443
vn -0.37060 0.92841 -0.02670
vn 0.78318 0.62099 -0.03158
vn 0.76073 0.60509 -0.23485
vn -0.35109 0.88364 -0.30970
vn 0.78318 0.62099 -0.03158
vn 0.97028 0.23593 -0.05380
vn 0.95958 0.23118 -0.16048
vn 0.76073 0.60509 -0.23485
vn 0.97028 0.23593 -0.05380
vn 0.99570 0.02157 -0.09006
vn 0.98749 0.01530 -0.15695
vn 0.95958 0.23118 -0.16048
vn 0.98749 0.01530 -0.15695
vn 0.95958 -0.19584 -0.20210
vn 0.93004 -0.21100 -0.30084
vn 0.96444 -0.00270 -0.26429
vn 0.95958 -0.19584 -0.20210
vn 0.76073 -0.54836 -0.34726
vn 0.70439 -0.54126 -0.45920
vn 0.93004 -0.21100 -0.30084
vn 0.76073 -0.54836 -0.34726
vn -0.35109 -0.80722 -0.47448
vn -0.30770 -0.75047 -0.58490
vn 0.70439 -0.54126 -0.45920
vn -0.35109 -0.80722 -0.47448
vn -0.90512 -0.34025 -0.25492
vn -0.86506 -0.35096 -0.35846
vn -0.30770 -0.75047 -0.58490
vn -0.90512 -0.34025 -0.25492
vn -0.98146 -0.08393 -0.17230
vn -0.95694 -0.10053 -0.27231
vn -0.86506 -0.35096 -0.35846
vn -0.98146 -0.08393 -0.17230
vn -0.98146 0.11562 -0.15285
vn -0.95694 0.09495 -0.27431
vn -0.95694 -0.10053 -0.27231
vn -0.98146 0.11562 -0.15285
vn -0.90512 0.38306 -0.18443
vn -0.86506 0.34357 -0.36555
vn -0.95694 0.09495 -0.27431
vn -0.90512 0.38306 -0.18443
vn -0.35109 0.88364 -0.30970
vn -0.30770 0.73838 -0.60010
vn -0.86506 0.34357 -0.36555
vn -0.35109 0.88364 -0.30970
vn 0.76073 0.60509 -0.23485
vn 0.70439 0.53178 -0.47015
vn -0.30770 0.73838 -0.60010
vn 0.76073 0.60509 -0.23485
vn 0.95958 0.23118 -0.16048
vn 0.93004 0.20482 -0.30508
vn 0.70439 0.53178 -0.47015
vn 0.95958 0.23118 -0.16048
vn 0.98749 0.01530 -0.15695
vn 0.96444 -0.00270 -0.26429
vn 0.93004 0.20482 -0.30508
vn 0.96444 -0.00270 -0.26429
vn 0.93004 -0.21100 -0.30084
vn 0.80410 -0.22354 -0.55086
vn 0.86020 -0.03989 -0.50840
vn 0.93004 -0.21100 -0.30084
vn 0.70439 -0.54126 -0.45920
vn 0.52582 -0.45800 -0.71677
vn 0.80410 -0.22354 -0.55086
vn 0.70439 -0.54126 -0.45920
vn -0.30770 -0.75047 -0.58490
vn -0.20325 -0.55648 -0.80562
vn 0.52582 -0.45800 -0.71677
vn -0.30770 -0.75047 -0.58490
vn -0.86506 -0.35096 -0.35846
vn -0.71054 -0.33470 -0.61896
vn -0.20325 -0.55648 -0.80562
vn -0.86506 -0.35096 -0.35846
vn -0.95694 -0.10053 -0.27231
vn -0.84752 -0.12727 -0.51528
vn -0.71054 -0.33470 -0.61896
vn -0.95694 -0.10053 -0.27231
vn -0.95694 0.09495 -0.27431
vn -0.84752 0.04534 -0.52883
vn -0.84752 -0.12727 -0.51528
vn -0.95694 0.09495 -0.27431
vn -0.86506 0.34357 -0.36555
vn -0.71054 0.23406 -0.66359
vn -0.84752 0.04534 -0.52883
vn -0.86506 0.34357 -0.36555
vn -0.30770 0.73838 -0.60010
vn -0.20325 0.42401 -0.88256
vn -0.71054 0.23406 -0.66359
vn -0.30770 0.73838 -0.60010
vn 0.70439 0.53178 -0.47015
vn 0.52582 0.34059 -0.77943
vn -0.20325 0.42401 -0.88256
vn 0.70439 0.53178 -0.47015
vn 0.93004 0.20482 -0.30508
vn 0.80410 0.13488 -0.57899
vn 0.52582 0.34059 -0.77943
vn 0.93004 0.20482 -0.30508
vn 0.96444 -0.00270 -0.26429
vn 0.86020 -0.03989 -0.50840
vn 0.80410 0.13488 -0.57899
vn 0.86020 -0.03989 -0.50840
vn 0.80410 -0.22354 -0.55086
vn 0.00000 -0.10146 -0.99484
vn 0.80410 -0.22354 -0.55086
vn 0.52582 -0.45800 -0.71677
vn 0.00000 -0.10146 -0.99484
vn 0.52582 -0.45800 -0.71677
vn -0.20325 -0.55648 -0.80562
vn 0.00000 -0.10146 -0.99484
vn -0.20325 -0.55648 -0.80562
vn -0.71054 -0.33470 -0.61896
vn 0.00000 -0.10146 -0.99484
vn -0.71054 -0.33470 -0.61896
vn -0.84752 -0.12727 -0.51528
vn 0.00000 -0.10146 -0.99484
vn -0.84752 -0.12727 -0.51528
vn -0.84752 0.04534 -0.52883
vn 0.00000 -0.10146 -0.99484
vn -0.84752 0.04534 -0.52883
vn -0.71054 0.23406 -0.66359
vn 0.00000 -0.10146 -0.99484
vn -0.71054 0.23406 -0.66359
vn -0.20325 0.42401 -0.88256
vn 0.00000 -0.10146 -0.99484
vn -0.20325 0.42401 -0.88256
vn 0.52582 0.34059 -0.77943
vn 0.00000 -0.10146 -0.99484
vn 0.52582 0.34059 -0.77943
vn 0.80410 0.13488 -0.57899
vn 0.00000 -0.10146 -0.99484
vn 0.80410 0.13488 -0.57899
vn 0.86020 -0.03989 -0.50840
vn 0.00000 -0.10146 -0.99484
f 449/569/1849 450/570/1850 451/571/1851 
f 449/572/1852 452/573/1853 450/570/1854 
f 449/574/1855 453/575/1856 452/573/1857 
f 449/576/1858 454/577/1859 453/575/1860 
f 449/578/1861 455/579/1862 454/577/1863 
f 449/580/1864 456/581/1865 455/579/1866 
f 449/582/1867 457/583/1868 456/581/1869 
f 449/584/1870 458/585/1871 457/583/1872 
f 449/586/1873 459/587/1874 458/585/1875 
f 449/588/1876 460/589/1877 459/587/1878 
f 449/590/1879 451/591/1880 460/589/1881 
f 451/571/1882 450/570/1883 461/592/1884 462/593/1885 
f 450/570/1886 452/573/1887 463/594/1888 461/592/1889 
f 452/573/1890 453/575/1891 464/595/1892 463/594/1893 
f 453/575/1894 454/577/1895 465/596/1896 464/595/1897 
f 454/577/1898 455/579/1899 466/597/1900 465/596/1901 
f 455/579/1902 456/581/1903 467/598/1904 466/597/1905 
f 456/581/1906 457/583/1907 468/599/1908 467/598/1909 
f 457/583/1910 458/585/1911 469/600/1912 468/599/1913 
f 458/585/1914 459/587/1915 470/601/1916 469/600/1917 
f 459/587/1918 460/589/1919 471/602/1920 470/601/1921 
f 460/589/1922 451/591/1923 462/603/1924 471/602/1925 
f 462/593/1926 461/592/1927 472/604/1928 473/605/1929 
f 461/592/1930 463/594/1931 474/606/1932 472/604/1933 
f 463/594/1934 464/595/1935 475/607/1936 474/606/1937 
f 464/595/1938 465/596/1939 476/608/1940 475/607/1941 
f 465/596/1942 466/597/1943 477/609/1944 476/608/1945 
f 466/597/1946 467/598/1947 478/610/1948 477/609/1949 
f 467/598/1950 468/599/1951 479/611/1952 478/610/1953 
f 468/599/1954 469/600/1955 480/612/1956 479/611/1957 
f 469/600/1958 470/601/1959 481/613/1960 480/612/1961 
f 470/601/1962 471/602/1963 482/614/1964 481/613/1965 
f 471/602/1966 462/603/1967 473/615/1968 482/614/1969 
f 473/605/1970 472/604/1971 483/616/1972 484/617/1973 
f 472/604/1974 474/606/1975 485/618/1976 483/616/1977 
f 474/606/1978 475/607/1979 486/619/1980 485/618/1981 
f 475/607/1982 476/608/1983 487/620/1984 486/619/1985 
f 476/608/1986 477/609/1987 488/621/1988 487/620/1989 
f 477/609/1990 478/610/1991 489/622/1992 488/621/1993 
f 478/610/1994 479/611/1995 490/623/1996 489/622/1997 
f 479/611/1998 480/612/1999 491/624/2000 490/623/2001 
f 480/612/2002 481/613/2003 492/625/2004 491/624/2005 
f 481/613/2006 482/614/2007 493/626/2008 492/625/2009 
f 482/614/2010 473/615/2011 484/627/2012 493/626/2013 
f 484/617/2014 483/616/2015 494/628/2016 495/629/2017 
f 483/616/2018 485/618/2019 496/630/2020 494/628/2021 
f 485/618/2022 486/619/2023 497/631/2024 496/630/2025 
f 486/619/2026 487/620/2027 498/632/2028 497/631/2029 
f 487/620/2030 488/621/2031 499/633/2032 498/632/2033 
f 488/621/2034 489/622/2035 500/634/2036 499/633/2037 
f 489/622/2038 490/623/2039 501/635/2040 500/634/2041 
f 490/623/2042 491/624/2043 502/636/2044 501/635/2045 
f 491/624/2046 492/625/2047 503/637/2048 502/636/2049 
f 492/625/2050 493/626/2051 504/638/2052 503/637/2053 
f 493/626/2054 484/627/2055 495/639/2056 504/638/2057 
f 495/629/2058 494/628/2059 505/640/2060 506/641/2061 
f 494/628/2062 496/630/2063 507/642/2064 505/640/2065 
f 496/630/2066 497/631/2067 508/643/2068 507/642/2069 
f 497/631/2070 498/632/2071 509/644/2072 508/643/2073 
f 498/632/2074 499/633/2075 510/645/2076 509/644/2077 
f 499/633/2078 500/634/2079 511/646/2080 510/645/2081 
f 500/634/2082 501/635/2083 512/647/2084 511/646/2085 
f 501/635/2086 502/636/2087 513/648/2088 512/647/2089 
f 502/636/2090 503/637/2091 514/649/2092 513/648/2093 
f 503/637/2094 504/638/2095 515/650/2096 514/649/2097 
f 504/638/2098 495/639/2099 506/651/2100 515/650/2101 
f 506/641/2102 505/640/2103 516/652/2104 517/653/2105 
f 505/640/2106 507/642/2107 518/654/2108 516/652/2109 
f 507/642/2110 508/643/2111 519/655/2112 518/654/2113 
f 508/643/2114 509/644/2115 520/656/2116 519/655/2117 
f 509/644/2118 510/645/2119 521/657/2120 520/656/2121 
f 510/645/2122 511/646/2123 522/658/2124 521/657/2125 
f 511/646/2126 512/647/2127 523/659/2128 522/658/2129 
f 512/647/2130 513/648/2131 524/660/2132 523/659/2133 
f 513/648/2134 514/649/2135 525/661/2136 524/660/2137 
f 514/649/2138 515/650/2139 526/662/2140 525/661/2141 
f 515/650/2142 506/651/2143 517/663/2144 526/662/2145 
f 517/653/2146 516/652/2147 527/664/2148 528/665/2149 
f 516/652/2150 518/654/2151 529/666/2152 527/664/2153 
f 518/654/2154 519/655/2155 530/667/2156 529/666/2157 
f 519/655/2158 520/656/2159 531/668/2160 530/667/2161 
f 520/656/2162 521/657/2163 532/669/2164 531/668/2165 
f 521/657/2166 522/658/2167 533/670/2168 532/669/2169 
f 522/658/2170 523/659/2171 534/671/2172 533/670/2173 
f 523/659/2174 524/660/2175 535/672/2176 534/671/2177 
f 524/660/2178 525/661/2179 536/673/2180 535/672/2181 
f 525/661/2182 526/662/2183 537/674/2184 536/673/2185 
f 526/662/2186 517/663/2187 528/675/2188 537/674/2189 
f 528/665/2190 527/664/2191 538/676/2192 539/677/2193 
f 527/664/2194 529/666/2195 540/678/2196 538/676/2197 
f 529/666/2198 530/667/2199 541/679/2200 540/678/2201 
f 530/667/2202 531/668/2203 542/680/2204 541/679/2205 
f 531/668/2206 532/669/2207 543/681/2208 542/680/2209 
f 532/669/2210 533/670/2211 544/682/2212 543/681/2213 
f 533/670/2214 534/671/2215 545/683/2216 544/682/2217 
f 534/671/2218 535/672/2219 546/684/2220 545/683/2221 
f 535/672/2222 536/673/2223 547/685/2224 546/684/2225 
f 536/673/2226 537/674/2227 548/686/2228 547/685/2229 
f 537/674/2230 528/675/2231 539/687/2232 548/686/2233 
f 539/677/2234 538/676/2235 549/688/2236 550/689/2237 
f 538/676/2238 540/678/2239 551/690/2240 549/688/2241 
f 540/678/2242 541/679/2243 552/691/2244 551/690/2245 
f 541/679/2246 542/680/2247 553/692/2248 552/691/2249 
f 542/680/2250 543/681/2251 554/693/2252 553/692/2253 
f 543/681/2254 544/682/2255 555/694/2256 554/693/2257 
f 544/682/2258 545/683/2259 556/695/2260 555/694/2261 
f 545/683/2262 546/684/2263 557/696/2264 556/695/2265 
f 546/684/2266 547/685/2267 558/697/2268 557/696/2269 
f 547/685/2270 548/686/2271 559/698/2272 558/697/2273 
f 548/686/2274 539/687/2275 550/699/2276 559/698/2277 
f 550/689/2278 549/688/2279 560/700/2280 
f 549/688/2281 551/690/2282 560/701/2283 
f 551/690/2284 552/691/2285 560/702/2286 
f 552/691/2287 553/692/2288 560/703/2289 
f 553/692/2290 554/693/2291 560/704/2292 
f 554/693/2293 555/694/2294 560/705/2295 
f 555/694/2296 556/695/2297 560/706/2298 
f 556/695/2299 557/696/2300 560/707/2301 
f 557/696/2302 558/697/2303 560/708/2304 
f 558/697/2305 559/698/2306 560/709/2307 
f 559/698/2308 550/699/2309 560/710/2310 
o 005_Sphere_3
g Sphere_3
usemtl Lagoon Glow 4
v -1.258 -46.159 -37.674
v 1.695 -43.176 -43.124
v 2.252 -44.608 -37.275
v 0.200 -42.199 -47.116
v -1.757 -41.986 -47.983
v -3.556 -42.606 -45.451
v -4.625 -43.862 -40.323
v -4.625 -45.354 -34.228
v -3.556 -46.610 -29.100
v -1.757 -47.229 -26.567
v 0.200 -47.017 -27.435
v 1.695 -46.040 -31.427
v 4.375 -38.065 -47.636
v 5.438 -40.031 -36.319
v 1.524 -36.723 -55.360
v -2.210 -36.432 -57.039
v -5.642 -37.283 -52.139
v -7.682 -39.007 -42.216
v -7.682 -41.056 -30.421
v -5.642 -42.780 -20.498
v -2.210 -43.631 -15.598
v 1.524 -43.339 -17.277
v 4.375 -41.998 -25.001
v 6.430 -31.702 -51.094
v 7.880 -32.715 -35.449
v 2.538 -31.011 -61.772
v -2.558 -30.860 -64.092
v -7.242 -31.299 -57.319
v -10.026 -32.187 -43.602
v -10.026 -33.243 -27.296
v -7.242 -34.131 -13.579
v -2.558 -34.569 -6.805
v 2.538 -34.419 -9.126
v 6.430 -33.728 -19.804
v 7.464 -24.555 -53.230
v 9.110 -23.253 -35.490
v 3.049 -25.443 -65.337
v -2.733 -25.636 -67.969
v -8.047 -25.073 -60.288
v -11.205 -23.931 -44.734
v -11.205 -22.574 -26.245
v -8.047 -21.433 -10.691
v -2.733 -20.869 -3.011
v 3.049 -21.062 -5.642
v 7.464 -21.951 -17.750
v 7.211 -16.534 -53.937
v 8.809 -12.587 -37.122
v 2.924 -19.228 -65.413
v -2.690 -19.813 -67.907
v -7.850 -18.105 -60.627
v -10.917 -14.644 -45.885
v -10.917 -10.531 -28.360
v -7.850 -7.070 -13.617
v -2.690 -5.361 -6.337
v 2.924 -5.947 -8.831
v 7.211 -8.641 -20.308
v 5.840 -7.451 -53.942
v 7.179 -1.888 -40.579
v 2.247 -11.248 -63.062
v -2.458 -12.073 -65.044
v -6.782 -9.664 -59.258
v -9.352 -4.787 -47.543
v -9.352 1.011 -33.616
v -6.782 5.888 -21.900
v -2.458 8.297 -16.115
v 2.247 7.472 -18.097
v 5.840 3.675 -27.217
v 4.325 1.748 -55.192
v 5.379 7.716 -45.496
v 1.499 -2.326 -61.810
v -2.202 -3.211 -63.249
v -5.604 -0.627 -59.050
v -7.625 4.606 -50.549
v -7.625 10.827 -40.443
v -5.604 16.060 -31.941
v -2.202 18.644 -27.743
v 1.499 17.759 -29.181
v 4.325 13.685 -35.799
v 2.940 9.966 -57.604
v 3.732 15.413 -51.000
v 0.815 6.248 -62.111
v -1.968 5.440 -63.091
v -4.525 7.799 -60.231
v -6.045 12.575 -54.441
v -6.045 18.252 -47.558
v -4.525 23.028 -41.768
v -1.968 25.386 -38.908
v 0.815 24.578 -39.888
v 2.940 20.861 -44.395
v 1.612 16.651 -60.076
v 2.154 20.838 -55.986
v 0.159 13.794 -62.867
v -1.743 13.173 -63.474
v -3.492 14.986 -61.703
v -4.531 18.656 -58.117
v -4.531 23.019 -53.855
v -3.492 26.690 -50.269
v -1.743 28.502 -48.498
v 0.159 27.881 -49.105
v 1.612 25.024 -51.896
v 0.220 21.695 -61.394
v 0.499 23.989 -59.439
v -0.528 20.129 -62.729
v -1.508 19.788 -63.019
v -2.408 20.782 -62.172
v -2.943 22.793 -60.458
v -2.943 25.185 -58.421
v -2.408 27.197 -56.707
v -1.508 28.190 -55.860
v -0.528 27.850 -56.150
v 0.220 26.284 -57.485
v -1.258 25.014 -60.671
vt 0.04545 0.00000
vt 0.09091 0.09091
vt 0.00000 0.09091
vt 0.13636 0.00000
vt 0.18182 0.09091
vt 0.22727 0.00000
vt 0.27273 0.09091
vt 0.31818 0.00000
vt 0.36364 0.09091
vt 0.40909 0.00000
vt 0.45455 0.09091
vt 0.50000 0.00000
vt 0.54545 0.09091
vt 0.59091 0.00000
vt 0.63636 0.09091
vt 0.68182 0.00000
vt 0.72727 0.09091
vt 0.77273 0.00000
vt 0.81818 0.09091
vt 0.86364 0.00000
vt 0.90909 0.09091
vt 0.95455 0.00000
vt 1.00000 0.09091
vt 0.09091 0.18182
vt 0.00000 0.18182
vt 0.18182 0.18182
vt 0.27273 0.18182
vt 0.36364 0.18182
vt 0.45455 0.18182
vt 0.54545 0.18182
vt 0.63636 0.18182
vt 0.72727 0.18182
vt 0.81818 0.18182
vt 0.90909 0.18182
vt 1.00000 0.18182
vt 0.09091 0.27273
vt 0.00000 0.27273
vt 0.18182 0.27273
vt 0.27273 0.27273
vt 0.36364 0.27273
vt 0.45455 0.27273
vt 0.54545 0.27273
vt 0.63636 0.27273
vt 0.72727 0.27273
vt 0.81818 0.27273
vt 0.90909 0.27273
vt 1.00000 0.27273
vt 0.09091 0.36364
vt 0.00000 0.36364
vt 0.18182 0.36364
vt 0.27273 0.36364
vt 0.36364 0.36364
vt 0.45455 0.36364
vt 0.54545 0.36364
vt 0.63636 0.36364
vt 0.72727 0.36364
vt 0.81818 0.36364
vt 0.90909 0.36364
vt 1.00000 0.36364
vt 0.09091 0.45455
vt 0.00000 0.45455
vt 0.18182 0.45455
vt 0.27273 0.45455
vt 0.36364 0.45455
vt 0.45455 0.45455
vt 0.54545 0.45455
vt 0.63636 0.45455
vt 0.72727 0.45455
vt 0.81818 0.45455
vt 0.90909 0.45455
vt 1.00000 0.45455
vt 0.09091 0.54545
vt 0.00000 0.54545
vt 0.18182 0.54545
vt 0.27273 0.54545
vt 0.36364 0.54545
vt 0.45455 0.54545
vt 0.54545 0.54545
vt 0.63636 0.54545
vt 0.72727 0.54545
vt 0.81818 0.54545
vt 0.90909 0.54545
vt 1.00000 0.54545
vt 0.09091 0.63636
vt 0.00000 0.63636
vt 0.18182 0.63636
vt 0.27273 0.63636
vt 0.36364 0.63636
vt 0.45455 0.63636
vt 0.54545 0.63636
vt 0.63636 0.63636
vt 0.72727 0.63636
vt 0.81818 0.63636
vt 0.90909 0.63636
vt 1.00000 0.63636
vt 0.09091 0.72727
vt 0.00000 0.72727
vt 0.18182 0.72727
vt 0.27273 0.72727
vt 0.36364 0.72727
vt 0.45455 0.72727
vt 0.54545 0.72727
vt 0.63636 0.72727
vt 0.72727 0.72727
vt 0.81818 0.72727
vt 0.90909 0.72727
vt 1.00000 0.72727
vt 0.09091 0.81818
vt 0.00000 0.81818
vt 0.18182 0.81818
vt 0.27273 0.81818
vt 0.36364 0.81818
vt 0.45455 0.81818
vt 0.54545 0.81818
vt 0.63636 0.81818
vt 0.72727 0.81818
vt 0.81818 0.81818
vt 0.90909 0.81818
vt 1.00000 0.81818
vt 0.09091 0.90909
vt 0.00000 0.90909
vt 0.18182 0.90909
vt 0.27273 0.90909
vt 0.36364 0.90909
vt 0.45455 0.90909
vt 0.54545 0.90909
vt 0.63636 0.90909
vt 0.72727 0.90909
vt 0.81818 0.90909
vt 0.90909 0.90909
vt 1.00000 0.90909
vt 0.04545 1.00000
vt 0.13636 1.00000
vt 0.22727 1.00000
vt 0.31818 1.00000
vt 0.40909 1.00000
vt 0.50000 1.00000
vt 0.59091 1.00000
vt 0.68182 1.00000
vt 0.77273 1.00000
vt 0.86364 1.00000
vt 0.95455 1.00000
vn 0.00000 -0.96550 -0.26040
vn 0.61232 -0.72893 -0.30613
vn 0.68187 -0.71049 -0.17395
vn 0.00000 -0.96550 -0.26040
vn 0.35040 -0.82140 -0.45003
vn 0.61232 -0.72893 -0.30613
vn 0.00000 -0.96550 -0.26040
vn -0.12637 -0.85935 -0.49553
vn 0.35040 -0.82140 -0.45003
vn 0.00000 -0.96550 -0.26040
vn -0.51193 -0.77028 -0.38026
vn -0.12637 -0.85935 -0.49553
vn 0.00000 -0.96550 -0.26040
vn -0.66540 -0.70796 -0.23672
vn -0.51193 -0.77028 -0.38026
vn 0.00000 -0.96550 -0.26040
vn -0.66540 -0.73724 -0.11712
vn -0.66540 -0.70796 -0.23672
vn 0.00000 -0.96550 -0.26040
vn -0.51193 -0.85883 -0.01860
vn -0.66540 -0.73724 -0.11712
vn 0.00000 -0.96550 -0.26040
vn -0.12637 -0.99107 0.04249
vn -0.51193 -0.85883 -0.01860
vn 0.00000 -0.96550 -0.26040
vn 0.35040 -0.93639 0.01966
vn -0.12637 -0.99107 0.04249
vn 0.00000 -0.96550 -0.26040
vn 0.61232 -0.78791 -0.06524
vn 0.35040 -0.93639 0.01966
vn 0.00000 -0.96550 -0.26040
vn 0.68187 -0.71049 -0.17395
vn 0.61232 -0.78791 -0.06524
vn 0.68187 -0.71049 -0.17395
vn 0.61232 -0.72893 -0.30613
vn 0.85235 -0.45684 -0.25456
vn 0.89897 -0.43155 -0.07497
vn 0.61232 -0.72893 -0.30613
vn 0.35040 -0.82140 -0.45003
vn 0.59216 -0.61436 -0.52145
vn 0.85235 -0.45684 -0.25456
vn 0.35040 -0.82140 -0.45003
vn -0.12637 -0.85935 -0.49553
vn -0.23887 -0.71615 -0.65579
vn 0.59216 -0.61436 -0.52145
vn -0.12637 -0.85935 -0.49553
vn -0.51193 -0.77028 -0.38026
vn -0.77018 -0.51665 -0.37404
vn -0.23887 -0.71615 -0.65579
vn -0.51193 -0.77028 -0.38026
vn -0.66540 -0.70796 -0.23672
vn -0.88860 -0.43051 -0.15824
vn -0.77018 -0.51665 -0.37404
vn -0.66540 -0.70796 -0.23672
vn -0.66540 -0.73724 -0.11712
vn -0.88860 -0.45866 0.00377
vn -0.88860 -0.43051 -0.15824
vn -0.66540 -0.73724 -0.11712
vn -0.51193 -0.85883 -0.01860
vn -0.77018 -0.61253 0.17787
vn -0.88860 -0.45866 0.00377
vn -0.51193 -0.85883 -0.01860
vn -0.12637 -0.99107 0.04249
vn -0.23887 -0.89537 0.37583
vn -0.77018 -0.61253 0.17787
vn -0.12637 -0.99107 0.04249
vn 0.35040 -0.93639 0.01966
vn 0.59216 -0.75424 0.28369
vn -0.23887 -0.89537 0.37583
vn 0.35040 -0.93639 0.01966
vn 0.61232 -0.78791 -0.06524
vn 0.85235 -0.51593 0.08557
vn 0.59216 -0.75424 0.28369
vn 0.61232 -0.78791 -0.06524
vn 0.68187 -0.71049 -0.17395
vn 0.89897 -0.43155 -0.07497
vn 0.85235 -0.51593 0.08557
vn 0.89897 -0.43155 -0.07497
vn 0.85235 -0.45684 -0.25456
vn 0.93651 -0.28205 -0.20832
vn 0.96665 -0.25555 -0.01655
vn 0.85235 -0.45684 -0.25456
vn 0.59216 -0.61436 -0.52145
vn 0.72878 -0.43130 -0.53185
vn 0.93651 -0.28205 -0.20832
vn 0.59216 -0.61436 -0.52145
vn -0.23887 -0.71615 -0.65579
vn -0.32846 -0.56365 -0.75790
vn 0.72878 -0.43130 -0.53185
vn -0.23887 -0.71615 -0.65579
vn -0.77018 -0.51665 -0.37404
vn -0.87844 -0.33399 -0.34175
vn -0.32846 -0.56365 -0.75790
vn -0.77018 -0.51665 -0.37404
vn -0.88860 -0.43051 -0.15824
vn -0.96012 -0.25880 -0.10578
vn -0.87844 -0.33399 -0.34175
vn -0.88860 -0.43051 -0.15824
vn -0.88860 -0.45866 0.00377
vn -0.96012 -0.27028 0.07152
vn -0.96012 -0.25880 -0.10578
vn -0.88860 -0.45866 0.00377
vn -0.77018 -0.61253 0.17787
vn -0.87844 -0.37527 0.29583
vn -0.96012 -0.27028 0.07152
vn -0.77018 -0.61253 0.17787
vn -0.23887 -0.89537 0.37583
vn -0.32846 -0.65667 0.67889
vn -0.87844 -0.37527 0.29583
vn -0.23887 -0.89537 0.37583
vn 0.59216 -0.75424 0.28369
vn 0.72878 -0.49628 0.47179
vn -0.32846 -0.65667 0.67889
vn 0.59216 -0.75424 0.28369
vn 0.85235 -0.51593 0.08557
vn 0.93651 -0.30656 0.17021
vn 0.72878 -0.49628 0.47179
vn 0.85235 -0.51593 0.08557
vn 0.89897 -0.43155 -0.07497
vn 0.96665 -0.25555 -0.01655
vn 0.93651 -0.30656 0.17021
vn 0.96665 -0.25555 -0.01655
vn 0.93651 -0.28205 -0.20832
vn 0.96878 -0.16552 -0.18457
vn 0.99145 -0.13014 0.00955
vn 0.93651 -0.28205 -0.20832
vn 0.72878 -0.43130 -0.53185
vn 0.79644 -0.29188 -0.52961
vn 0.96878 -0.16552 -0.18457
vn 0.72878 -0.43130 -0.53185
vn -0.32846 -0.56365 -0.75790
vn -0.38753 -0.41959 -0.82083
vn 0.79644 -0.29188 -0.52961
vn -0.32846 -0.56365 -0.75790
vn -0.87844 -0.33399 -0.34175
vn -0.92346 -0.20968 -0.32135
vn -0.38753 -0.41959 -0.82083
vn -0.87844 -0.33399 -0.34175
vn -0.96012 -0.25880 -0.10578
vn -0.98659 -0.14165 -0.08114
vn -0.92346 -0.20968 -0.32135
vn -0.96012 -0.25880 -0.10578
vn -0.96012 -0.27028 0.07152
vn -0.98659 -0.12829 0.10095
vn -0.98659 -0.14165 -0.08114
vn -0.96012 -0.27028 0.07152
vn -0.87844 -0.37527 0.29583
vn -0.92346 -0.16052 0.34851
vn -0.98659 -0.12829 0.10095
vn -0.87844 -0.37527 0.29583
vn -0.32846 -0.65667 0.67889
vn -0.38753 -0.29526 0.87329
vn -0.92346 -0.16052 0.34851
vn -0.32846 -0.65667 0.67889
vn 0.72878 -0.49628 0.47179
vn 0.79644 -0.21143 0.56655
vn -0.38753 -0.29526 0.87329
vn 0.72878 -0.49628 0.47179
vn 0.93651 -0.30656 0.17021
vn 0.96878 -0.13680 0.20676
vn 0.79644 -0.21143 0.56655
vn 0.93651 -0.30656 0.17021
vn 0.96665 -0.25555 -0.01655
vn 0.99145 -0.13014 0.00955
vn 0.96878 -0.13680 0.20676
vn 0.99145 -0.13014 0.00955
vn 0.96878 -0.16552 -0.18457
vn 0.97920 -0.08721 -0.18322
vn 0.99932 -0.03597 0.00844
vn 0.96878 -0.16552 -0.18457
vn 0.79644 -0.29188 -0.52961
vn 0.82087 -0.20056 -0.53473
vn 0.97920 -0.08721 -0.18322
vn 0.79644 -0.29188 -0.52961
vn -0.38753 -0.41959 -0.82083
vn -0.41271 -0.31109 -0.85609
vn 0.82087 -0.20056 -0.53473
vn -0.38753 -0.41959 -0.82083
vn -0.92346 -0.20968 -0.32135
vn -0.93846 -0.12958 -0.32015
vn -0.41271 -0.31109 -0.85609
vn -0.92346 -0.20968 -0.32135
vn -0.98659 -0.14165 -0.08114
vn -0.99501 -0.05837 -0.08087
vn -0.93846 -0.12958 -0.32015
vn -0.98659 -0.14165 -0.08114
vn -0.98659 -0.12829 0.10095
vn -0.99501 -0.01629 0.09839
vn -0.99501 -0.05837 -0.08087
vn -0.98659 -0.12829 0.10095
vn -0.92346 -0.16052 0.34851
vn -0.93846 0.02640 0.34437
vn -0.99501 -0.01629 0.09839
vn -0.92346 -0.16052 0.34851
vn -0.38753 -0.29526 0.87329
vn -0.41271 0.10231 0.90510
vn -0.93846 0.02640 0.34437
vn -0.38753 -0.29526 0.87329
vn 0.79644 -0.21143 0.56655
vn 0.82087 0.05830 0.56812
vn -0.41271 0.10231 0.90510
vn 0.79644 -0.21143 0.56655
vn 0.96878 -0.13680 0.20676
vn 0.97920 0.00342 0.20289
vn 0.82087 0.05830 0.56812
vn 0.96878 -0.13680 0.20676
vn 0.99145 -0.13014 0.00955
vn 0.99932 -0.03597 0.00844
vn 0.97920 0.00342 0.20289
vn 0.99932 -0.03597 0.00844
vn 0.97920 -0.08721 -0.18322
vn 0.97947 -0.04293 -0.19699
vn 0.99952 0.02859 -0.01190
vn 0.97920 -0.08721 -0.18322
vn 0.82087 -0.20056 -0.53473
vn 0.82153 -0.16129 -0.54688
vn 0.97947 -0.04293 -0.19699
vn 0.82087 -0.20056 -0.53473
vn -0.41271 -0.31109 -0.85609
vn -0.41342 -0.26514 -0.87108
vn 0.82153 -0.16129 -0.54688
vn -0.41271 -0.31109 -0.85609
vn -0.93846 -0.12958 -0.32015
vn -0.93886 -0.09021 -0.33228
vn -0.41342 -0.26514 -0.87108
vn -0.93846 -0.12958 -0.32015
vn -0.99501 -0.05837 -0.08087
vn -0.99523 -0.00572 -0.09737
vn -0.93886 -0.09021 -0.33228
vn -0.99501 -0.05837 -0.08087
vn -0.99501 -0.01629 0.09839
vn -0.99523 0.06506 0.07266
vn -0.99523 -0.00572 -0.09737
vn -0.99501 -0.01629 0.09839
vn -0.93846 0.02640 0.34437
vn -0.93886 0.17224 0.29813
vn -0.99523 0.06506 0.07266
vn -0.93846 0.02640 0.34437
vn -0.41271 0.10231 0.90510
vn -0.41342 0.43134 0.80190
vn -0.93886 0.17224 0.29813
vn -0.41271 0.10231 0.90510
vn 0.82087 0.05830 0.56812
vn 0.82153 0.27444 0.49978
vn -0.41342 0.43134 0.80190
vn 0.82087 0.05830 0.56812
vn 0.97920 0.00342 0.20289
vn 0.97947 0.10954 0.16926
vn 0.82153 0.27444 0.49978
vn 0.97920 0.00342 0.20289
vn 0.99932 -0.03597 0.00844
vn 0.99952 0.02859 -0.01190
vn 0.97947 0.10954 0.16926
vn 0.99952 0.02859 -0.01190
vn 0.97947 -0.04293 -0.19699
vn 0.97542 -0.02036 -0.21943
vn 0.99647 0.07149 -0.04401
vn 0.97947 -0.04293 -0.19699
vn 0.82153 -0.16129 -0.54688
vn 0.81184 -0.15344 -0.56336
vn 0.97542 -0.02036 -0.21943
vn 0.82153 -0.16129 -0.54688
vn -0.41342 -0.26514 -0.87108
vn -0.40311 -0.25991 -0.87747
vn 0.81184 -0.15344 -0.56336
vn -0.41342 -0.26514 -0.87108
vn -0.93886 -0.09021 -0.33228
vn -0.93299 -0.07564 -0.35186
vn -0.40311 -0.25991 -0.87747
vn -0.93886 -0.09021 -0.33228
vn -0.99523 -0.00572 -0.09737
vn -0.99196 0.02606 -0.12382
vn -0.93299 -0.07564 -0.35186
vn -0.99523 -0.00572 -0.09737
vn -0.99523 0.06506 0.07266
vn -0.99196 0.12229 0.03250
vn -0.99196 0.02606 -0.12382
vn -0.99523 0.06506 0.07266
vn -0.93886 0.17224 0.29813
vn -0.93299 0.28008 0.22602
vn -0.99196 0.12229 0.03250
vn -0.93886 0.17224 0.29813
vn -0.41342 0.43134 0.80190
vn -0.40311 0.66635 0.62728
vn -0.93299 0.28008 0.22602
vn -0.41342 0.43134 0.80190
vn 0.82153 0.27444 0.49978
vn 0.81184 0.43386 0.39074
vn -0.40311 0.66635 0.62728
vn 0.82153 0.27444 0.49978
vn 0.97947 0.10954 0.16926
vn 0.97542 0.18674 0.11701
vn 0.81184 0.43386 0.39074
vn 0.97947 0.10954 0.16926
vn 0.99952 0.02859 -0.01190
vn 0.99647 0.07149 -0.04401
vn 0.97542 0.18674 0.11701
vn 0.99647 0.07149 -0.04401
vn 0.97542 -0.02036 -0.21943
vn 0.96647 0.00367 -0.25674
vn 0.98970 0.11045 -0.09110
vn 0.97542 -0.02036 -0.21943
vn 0.81184 -0.15344 -0.56336
vn 0.79122 -0.13484 -0.59648
vn 0.96647 0.00367 -0.25674
vn 0.81184 -0.15344 -0.56336
vn -0.40311 -0.25991 -0.87747
vn -0.38245 -0.23346 -0.89400
vn 0.79122 -0.13484 -0.59648
vn -0.40311 -0.25991 -0.87747
vn -0.93299 -0.07564 -0.35186
vn -0.92017 -0.05612 -0.38749
vn -0.38245 -0.23346 -0.89400
vn -0.93299 -0.07564 -0.35186
vn -0.99196 0.02606 -0.12382
vn -0.98471 0.05655 -0.16475
vn -0.92017 -0.05612 -0.38749
vn -0.99196 0.02606 -0.12382
vn -0.99196 0.12229 0.03250
vn -0.98471 0.17250 -0.02418
vn -0.98471 0.05655 -0.16475
vn -0.99196 0.12229 0.03250
vn -0.93299 0.28008 0.22602
vn -0.92017 0.36973 0.12881
vn -0.98471 0.17250 -0.02418
vn -0.93299 0.28008 0.22602
vn -0.40311 0.66635 0.62728
vn -0.38245 0.83325 0.39928
vn -0.92017 0.36973 0.12881
vn -0.40311 0.66635 0.62728
vn 0.81184 0.43386 0.39074
vn 0.79122 0.55994 0.24586
vn -0.38245 0.83325 0.39928
vn 0.81184 0.43386 0.39074
vn 0.97542 0.18674 0.11701
vn 0.96647 0.25275 0.04524
vn 0.79122 0.55994 0.24586
vn 0.97542 0.18674 0.11701
vn 0.99647 0.07149 -0.04401
vn 0.98970 0.11045 -0.09110
vn 0.96647 0.25275 0.04524
vn 0.98970 0.11045 -0.09110
vn 0.96647 0.00367 -0.25674
vn 0.94151 0.05778 -0.33198
vn 0.97054 0.16838 -0.17235
vn 0.96647 0.00367 -0.25674
vn 0.79122 -0.13484 -0.59648
vn 0.73856 -0.05609 -0.67185
vn 0.94151 0.05778 -0.33198
vn 0.79122 -0.13484 -0.59648
vn -0.38245 -0.23346 -0.89400
vn -0.33621 -0.11723 -0.93446
vn 0.73856 -0.05609 -0.67185
vn -0.38245 -0.23346 -0.89400
vn -0.92017 -0.05612 -0.38749
vn -0.88528 0.00424 -0.46504
vn -0.33621 -0.11723 -0.93446
vn -0.92017 -0.05612 -0.38749
vn -0.98471 0.05655 -0.16475
vn -0.96426 0.11053 -0.24081
vn -0.88528 0.00424 -0.46504
vn -0.98471 0.05655 -0.16475
vn -0.98471 0.17250 -0.02418
vn -0.96426 0.23817 -0.11611
vn -0.96426 0.11053 -0.24081
vn -0.98471 0.17250 -0.02418
vn -0.92017 0.36973 0.12881
vn -0.88528 0.46482 -0.01507
vn -0.96426 0.23817 -0.11611
vn -0.92017 0.36973 0.12881
vn -0.38245 0.83325 0.39928
vn -0.33621 0.93694 0.09543
vn -0.88528 0.46482 -0.01507
vn -0.38245 0.83325 0.39928
vn 0.79122 0.55994 0.24586
vn 0.73856 0.67297 0.04042
vn -0.33621 0.93694 0.09543
vn 0.79122 0.55994 0.24586
vn 0.96647 0.25275 0.04524
vn 0.94151 0.33055 -0.06550
vn 0.73856 0.67297 0.04042
vn 0.96647 0.25275 0.04524
vn 0.98970 0.11045 -0.09110
vn 0.97054 0.16838 -0.17235
vn 0.94151 0.33055 -0.06550
vn 0.97054 0.16838 -0.17235
vn 0.94151 0.05778 -0.33198
vn 0.83087 0.21591 -0.51287
vn 0.88099 0.30684 -0.36014
vn 0.94151 0.05778 -0.33198
vn 0.73856 -0.05609 -0.67185
vn 0.56367 0.17652 -0.80692
vn 0.83087 0.21591 -0.51287
vn 0.73856 -0.05609 -0.67185
vn -0.33621 -0.11723 -0.93446
vn -0.22336 0.17400 -0.95908
vn 0.56367 0.17652 -0.80692
vn -0.33621 -0.11723 -0.93446
vn -0.88528 0.00424 -0.46504
vn -0.74437 0.18983 -0.64022
vn -0.22336 0.17400 -0.95908
vn -0.88528 0.00424 -0.46504
vn -0.96426 0.11053 -0.24081
vn -0.86978 0.25446 -0.42276
vn -0.74437 0.18983 -0.64022
vn -0.96426 0.11053 -0.24081
vn -0.96426 0.23817 -0.11611
vn -0.86978 0.37698 -0.31838
vn -0.86978 0.25446 -0.42276
vn -0.96426 0.23817 -0.11611
vn -0.88528 0.46482 -0.01507
vn -0.74437 0.60194 -0.28910
vn -0.86978 0.37698 -0.31838
vn -0.88528 0.46482 -0.01507
vn -0.33621 0.93694 0.09543
vn -0.22336 0.91927 -0.32411
vn -0.74437 0.60194 -0.28910
vn -0.33621 0.93694 0.09543
vn 0.73856 0.67297 0.04042
vn 0.56367 0.76864 -0.30244
vn -0.22336 0.91927 -0.32411
vn 0.73856 0.67297 0.04042
vn 0.94151 0.33055 -0.06550
vn 0.83087 0.47207 -0.29462
vn 0.56367 0.76864 -0.30244
vn 0.94151 0.33055 -0.06550
vn 0.97054 0.16838 -0.17235
vn 0.88099 0.30684 -0.36014
vn 0.83087 0.47207 -0.29462
vn 0.88099 0.30684 -0.36014
vn 0.83087 0.21591 -0.51287
vn 0.00000 0.63059 -0.77611
vn 0.83087 0.21591 -0.51287
vn 0.56367 0.17652 -0.80692
vn 0.00000 0.63059 -0.77611
vn 0.56367 0.17652 -0.80692
vn -0.22336 0.17400 -0.95908
vn 0.00000 0.63059 -0.77611
vn -0.22336 0.17400 -0.95908
vn -0.74437 0.18983 -0.64022
vn 0.00000 0.63059 -0.77611
vn -0.74437 0.18983 -0.64022
vn -0.86978 0.25446 -0.42276
vn 0.00000 0.63059 -0.77611
vn -0.86978 0.25446 -0.42276
vn -0.86978 0.37698 -0.31838
vn 0.00000 0.63059 -0.77611
vn -0.86978 0.37698 -0.31838
vn -0.74437 0.60194 -0.28910
vn 0.00000 0.63059 -0.77611
vn -0.74437 0.60194 -0.28910
vn -0.22336 0.91927 -0.32411
vn 0.00000 0.63059 -0.77611
vn -0.22336 0.91927 -0.32411
vn 0.56367 0.76864 -0.30244
vn 0.00000 0.63059 -0.77611
vn 0.56367 0.76864 -0.30244
vn 0.83087 0.47207 -0.29462
vn 0.00000 0.63059 -0.77611
vn 0.83087 0.47207 -0.29462
vn 0.88099 0.30684 -0.36014
vn 0.00000 0.63059 -0.77611
f 561/711/2311 562/712/2312 563/713/2313 
f 561/714/2314 564/715/2315 562/712/2316 
f 561/716/2317 565/717/2318 564/715/2319 
f 561/718/2320 566/719/2321 565/717/2322 
f 561/720/2323 567/721/2324 566/719/2325 
f 561/722/2326 568/723/2327 567/721/2328 
f 561/724/2329 569/725/2330 568/723/2331 
f 561/726/2332 570/727/2333 569/725/2334 
f 561/728/2335 571/729/2336 570/727/2337 
f 561/730/2338 572/731/2339 571/729/2340 
f 561/732/2341 563/733/2342 572/731/2343 
f 563/713/2344 562/712/2345 573/734/2346 574/735/2347 
f 562/712/2348 564/715/2349 575/736/2350 573/734/2351 
f 564/715/2352 565/717/2353 576/737/2354 575/736/2355 
f 565/717/2356 566/719/2357 577/738/2358 576/737/2359 
f 566/719/2360 567/721/2361 578/739/2362 577/738/2363 
f 567/721/2364 568/723/2365 579/740/2366 578/739/2367 
f 568/723/2368 569/725/2369 580/741/2370 579/740/2371 
f 569/725/2372 570/727/2373 581/742/2374 580/741/2375 
f 570/727/2376 571/729/2377 582/743/2378 581/742/2379 
f 571/729/2380 572/731/2381 583/744/2382 582/743/2383 
f 572/731/2384 563/733/2385 574/745/2386 583/744/2387 
f 574/735/2388 573/734/2389 584/746/2390 585/747/2391 
f 573/734/2392 575/736/2393 586/748/2394 584/746/2395 
f 575/736/2396 576/737/2397 587/749/2398 586/748/2399 
f 576/737/2400 577/738/2401 588/750/2402 587/749/2403 
f 577/738/2404 578/739/2405 589/751/2406 588/750/2407 
f 578/739/2408 579/740/2409 590/752/2410 589/751/2411 
f 579/740/2412 580/741/2413 591/753/2414 590/752/2415 
f 580/741/2416 581/742/2417 592/754/2418 591/753/2419 
f 581/742/2420 582/743/2421 593/755/2422 592/754/2423 
f 582/743/2424 583/744/2425 594/756/2426 593/755/2427 
f 583/744/2428 574/745/2429 585/757/2430 594/756/2431 
f 585/747/2432 584/746/2433 595/758/2434 596/759/2435 
f 584/746/2436 586/748/2437 597/760/2438 595/758/2439 
f 586/748/2440 587/749/2441 598/761/2442 597/760/2443 
f 587/749/2444 588/750/2445 599/762/2446 598/761/2447 
f 588/750/2448 589/751/2449 600/763/2450 599/762/2451 
f 589/751/2452 590/752/2453 601/764/2454 600/763/2455 
f 590/752/2456 591/753/2457 602/765/2458 601/764/2459 
f 591/753/2460 592/754/2461 603/766/2462 602/765/2463 
f 592/754/2464 593/755/2465 604/767/2466 603/766/2467 
f 593/755/2468 594/756/2469 605/768/2470 604/767/2471 
f 594/756/2472 585/757/2473 596/769/2474 605/768/2475 
f 596/759/2476 595/758/2477 606/770/2478 607/771/2479 
f 595/758/2480 597/760/2481 608/772/2482 606/770/2483 
f 597/760/2484 598/761/2485 609/773/2486 608/772/2487 
f 598/761/2488 599/762/2489 610/774/2490 609/773/2491 
f 599/762/2492 600/763/2493 611/775/2494 610/774/2495 
f 600/763/2496 601/764/2497 612/776/2498 611/775/2499 
f 601/764/2500 602/765/2501 613/777/2502 612/776/2503 
f 602/765/2504 603/766/2505 614/778/2506 613/777/2507 
f 603/766/2508 604/767/2509 615/779/2510 614/778/2511 
f 604/767/2512 605/768/2513 616/780/2514 615/779/2515 
f 605/768/2516 596/769/2517 607/781/2518 616/780/2519 
f 607/771/2520 606/770/2521 617/782/2522 618/783/2523 
f 606/770/2524 608/772/2525 619/784/2526 617/782/2527 
f 608/772/2528 609/773/2529 620/785/2530 619/784/2531 
f 609/773/2532 610/774/2533 621/786/2534 620/785/2535 
f 610/774/2536 611/775/2537 622/787/2538 621/786/2539 
f 611/775/2540 612/776/2541 623/788/2542 622/787/2543 
f 612/776/2544 613/777/2545 624/789/2546 623/788/2547 
f 613/777/2548 614/778/2549 625/790/2550 624/789/2551 
f 614/778/2552 615/779/2553 626/791/2554 625/790/2555 
f 615/779/2556 616/780/2557 627/792/2558 626/791/2559 
f 616/780/2560 607/781/2561 618/793/2562 627/792/2563 
f 618/783/2564 617/782/2565 628/794/2566 629/795/2567 
f 617/782/2568 619/784/2569 630/796/2570 628/794/2571 
f 619/784/2572 620/785/2573 631/797/2574 630/796/2575 
f 620/785/2576 621/786/2577 632/798/2578 631/797/2579 
f 621/786/2580 622/787/2581 633/799/2582 632/798/2583 
f 622/787/2584 623/788/2585 634/800/2586 633/799/2587 
f 623/788/2588 624/789/2589 635/801/2590 634/800/2591 
f 624/789/2592 625/790/2593 636/802/2594 635/801/2595 
f 625/790/2596 626/791/2597 637/803/2598 636/802/2599 
f 626/791/2600 627/792/2601 638/804/2602 637/803/2603 
f 627/792/2604 618/793/2605 629/805/2606 638/804/2607 
f 629/795/2608 628/794/2609 639/806/2610 640/807/2611 
f 628/794/2612 630/796/2613 641/808/2614 639/806/2615 
f 630/796/2616 631/797/2617 642/809/2618 641/808/2619 
f 631/797/2620 632/798/2621 643/810/2622 642/809/2623 
f 632/798/2624 633/799/2625 644/811/2626 643/810/2627 
f 633/799/2628 634/800/2629 645/812/2630 644/811/2631 
f 634/800/2632 635/801/2633 646/813/2634 645/812/2635 
f 635/801/2636 636/802/2637 647/814/2638 646/813/2639 
f 636/802/2640 637/803/2641 648/815/2642 647/814/2643 
f 637/803/2644 638/804/2645 649/816/2646 648/815/2647 
f 638/804/2648 629/805/2649 640/817/2650 649/816/2651 
f 640/807/2652 639/806/2653 650/818/2654 651/819/2655 
f 639/806/2656 641/808/2657 652/820/2658 650/818/2659 
f 641/808/2660 642/809/2661 653/821/2662 652/820/2663 
f 642/809/2664 643/810/2665 654/822/2666 653/821/2667 
f 643/810/2668 644/811/2669 655/823/2670 654/822/2671 
f 644/811/2672 645/812/2673 656/824/2674 655/823/2675 
f 645/812/2676 646/813/2677 657/825/2678 656/824/2679 
f 646/813/2680 647/814/2681 658/826/2682 657/825/2683 
f 647/814/2684 648/815/2685 659/827/2686 658/826/2687 
f 648/815/2688 649/816/2689 660/828/2690 659/827/2691 
f 649/816/2692 640/817/2693 651/829/2694 660/828/2695 
f 651/819/2696 650/818/2697 661/830/2698 662/831/2699 
f 650/818/2700 652/820/2701 663/832/2702 661/830/2703 
f 652/820/2704 653/821/2705 664/833/2706 663/832/2707 
f 653/821/2708 654/822/2709 665/834/2710 664/833/2711 
f 654/822/2712 655/823/2713 666/835/2714 665/834/2715 
f 655/823/2716 656/824/2717 667/836/2718 666/835/2719 
f 656/824/2720 657/825/2721 668/837/2722 667/836/2723 
f 657/825/2724 658/826/2725 669/838/2726 668/837/2727 
f 658/826/2728 659/827/2729 670/839/2730 669/838/2731 
f 659/827/2732 660/828/2733 671/840/2734 670/839/2735 
f 660/828/2736 651/829/2737 662/841/2738 671/840/2739 
f 662/831/2740 661/830/2741 672/842/2742 
f 661/830/2743 663/832/2744 672/843/2745 
f 663/832/2746 664/833/2747 672/844/2748 
f 664/833/2749 665/834/2750 672/845/2751 
f 665/834/2752 666/835/2753 672/846/2754 
f 666/835/2755 667/836/2756 672/847/2757 
f 667/836/2758 668/837/2759 672/848/2760 
f 668/837/2761 669/838/2762 672/849/2763 
f 669/838/2764 670/839/2765 672/850/2766 
f 670/839/2767 671/840/2768 672/851/2769 
f 671/840/2770 662/841/2771 672/852/2772 
o 006_Sphere_3
g Sphere_3
usemtl Samba00000
v 70.504 -20.715 45.414
v 68.975 -24.517 43.438
v 70.228 -23.220 46.830
v 68.477 -24.783 40.646
v 68.891 -23.934 39.340
v 70.086 -22.239 39.934
v 71.682 -20.236 42.241
v 73.173 -18.561 45.527
v 74.086 -17.746 48.750
v 74.130 -18.049 50.885
v 73.292 -19.375 51.256
v 71.837 -21.303 49.744
v 68.833 -28.859 41.419
v 71.627 -26.664 47.828
v 67.606 -29.176 36.134
v 68.336 -27.514 33.651
v 70.790 -24.401 34.759
v 74.191 -20.826 39.106
v 77.457 -17.922 45.311
v 79.552 -16.613 51.405
v 79.812 -17.314 55.453
v 78.152 -19.802 56.169
v 75.101 -23.288 53.327
v 69.835 -33.173 39.424
v 74.477 -30.814 47.963
v 67.594 -33.170 32.353
v 68.467 -30.807 28.995
v 72.176 -26.835 30.417
v 77.544 -22.513 36.167
v 82.866 -19.215 44.419
v 86.453 -17.988 52.554
v 87.166 -19.220 57.989
v 84.778 -22.522 58.997
v 80.048 -26.844 55.260
v 71.989 -37.002 37.501
v 78.366 -35.315 46.735
v 68.690 -36.324 29.789
v 69.516 -33.497 26.047
v 74.204 -29.418 27.463
v 81.267 -25.382 33.588
v 88.461 -22.671 42.478
v 93.504 -22.145 51.309
v 94.793 -23.971 57.278
v 91.919 -27.570 58.489
v 85.795 -31.799 54.560
v 75.460 -40.216 35.573
v 82.724 -39.730 43.844
v 71.525 -38.771 28.558
v 72.168 -35.854 25.028
v 77.184 -32.393 26.102
v 84.982 -29.484 31.441
v 93.085 -28.053 39.348
v 98.921 -28.553 47.314
v 100.636 -30.826 52.809
v 97.687 -34.150 54.089
v 91.010 -37.469 50.747
v 80.021 -43.112 33.318
v 86.873 -43.742 39.476
v 76.202 -41.194 27.967
v 76.627 -38.596 25.124
v 81.162 -36.144 25.689
v 88.367 -34.615 29.484
v 95.955 -34.496 35.305
v 101.516 -35.824 41.302
v 103.285 -38.178 45.572
v 100.700 -40.809 46.759
v 94.582 -42.883 44.487
v 84.237 -46.195 30.365
v 90.060 -47.475 34.514
v 80.937 -44.150 26.630
v 81.207 -41.990 24.496
v 84.962 -40.401 24.640
v 91.010 -39.887 27.017
v 97.430 -40.611 30.871
v 102.184 -42.344 34.979
v 103.763 -44.535 38.038
v 101.666 -46.489 39.075
v 96.557 -47.585 37.761
v 87.554 -49.159 27.073
v 92.124 -50.629 29.678
v 84.942 -47.276 24.617
v 85.117 -45.577 23.089
v 88.023 -44.601 22.974
v 92.738 -44.660 24.309
v 97.764 -45.733 26.670
v 101.507 -47.481 29.307
v 102.777 -49.348 31.384
v 101.171 -50.741 32.240
v 97.200 -51.219 31.604
v 90.134 -51.549 24.057
v 93.317 -52.815 25.543
v 88.308 -50.083 22.579
v 88.419 -48.883 21.578
v 90.432 -48.329 21.372
v 93.706 -48.598 22.026
v 97.204 -49.604 23.333
v 99.814 -51.027 24.877
v 100.708 -52.417 26.169
v 99.602 -53.331 26.798
v 96.846 -53.479 26.565
v 92.400 -53.039 21.884
v 94.048 -53.773 22.550
v 91.454 -52.228 21.192
v 91.510 -51.597 20.691
v 92.550 -51.348 20.541
v 94.244 -51.558 20.790
v 96.055 -52.162 21.359
v 97.407 -52.968 22.067
v 97.871 -53.719 22.689
v 97.300 -54.178 23.027
v 95.875 -54.198 22.976
v 94.637 -53.427 21.000
vt 0.04545 0.00000
vt 0.09091 0.09091
vt 0.00000 0.09091
vt 0.13636 0.00000
vt 0.18182 0.09091
vt 0.22727 0.00000
vt 0.27273 0.09091
vt 0.31818 0.00000
vt 0.36364 0.09091
vt 0.40909 0.00000
vt 0.45455 0.09091
vt 0.50000 0.00000
vt 0.54545 0.09091
vt 0.59091 0.00000
vt 0.63636 0.09091
vt 0.68182 0.00000
vt 0.72727 0.09091
vt 0.77273 0.00000
vt 0.81818 0.09091
vt 0.86364 0.00000
vt 0.90909 0.09091
vt 0.95455 0.00000
vt 1.00000 0.09091
vt 0.09091 0.18182
vt 0.00000 0.18182
vt 0.18182 0.18182
vt 0.27273 0.18182
vt 0.36364 0.18182
vt 0.45455 0.18182
vt 0.54545 0.18182
vt 0.63636 0.18182
vt 0.72727 0.18182
vt 0.81818 0.18182
vt 0.90909 0.18182
vt 1.00000 0.18182
vt 0.09091 0.27273
vt 0.00000 0.27273
vt 0.18182 0.27273
vt 0.27273 0.27273
vt 0.36364 0.27273
vt 0.45455 0.27273
vt 0.54545 0.27273
vt 0.63636 0.27273
vt 0.72727 0.27273
vt 0.81818 0.27273
vt 0.90909 0.27273
vt 1.00000 0.27273
vt 0.09091 0.36364
vt 0.00000 0.36364
vt 0.18182 0.36364
vt 0.27273 0.36364
vt 0.36364 0.36364
vt 0.45455 0.36364
vt 0.54545 0.36364
vt 0.63636 0.36364
vt 0.72727 0.36364
vt 0.81818 0.36364
vt 0.90909 0.36364
vt 1.00000 0.36364
vt 0.09091 0.45455
vt 0.00000 0.45455
vt 0.18182 0.45455
vt 0.27273 0.45455
vt 0.36364 0.45455
vt 0.45455 0.45455
vt 0.54545 0.45455
vt 0.63636 0.45455
vt 0.72727 0.45455
vt 0.81818 0.45455
vt 0.90909 0.45455
vt 1.00000 0.45455
vt 0.09091 0.54545
vt 0.00000 0.54545
vt 0.18182 0.54545
vt 0.27273 0.54545
vt 0.36364 0.54545
vt 0.45455 0.54545
vt 0.54545 0.54545
vt 0.63636 0.54545
vt 0.72727 0.54545
vt 0.81818 0.54545
vt 0.90909 0.54545
vt 1.00000 0.54545
vt 0.09091 0.63636
vt 0.00000 0.63636
vt 0.18182 0.63636
vt 0.27273 0.63636
vt 0.36364 0.63636
vt 0.45455 0.63636
vt 0.54545 0.63636
vt 0.63636 0.63636
vt 0.72727 0.63636
vt 0.81818 0.63636
vt 0.90909 0.63636
vt 1.00000 0.63636
vt 0.09091 0.72727
vt 0.00000 0.72727
vt 0.18182 0.72727
vt 0.27273 0.72727
vt 0.36364 0.72727
vt 0.45455 0.72727
vt 0.54545 0.72727
vt 0.63636 0.72727
vt 0.72727 0.72727
vt 0.81818 0.72727
vt 0.90909 0.72727
vt 1.00000 0.72727
vt 0.09091 0.81818
vt 0.00000 0.81818
vt 0.18182 0.81818
vt 0.27273 0.81818
vt 0.36364 0.81818
vt 0.45455 0.81818
vt 0.54545 0.81818
vt 0.63636 0.81818
vt 0.72727 0.81818
vt 0.81818 0.81818
vt 0.90909 0.81818
vt 1.00000 0.81818
vt 0.09091 0.90909
vt 0.00000 0.90909
vt 0.18182 0.90909
vt 0.27273 0.90909
vt 0.36364 0.90909
vt 0.45455 0.90909
vt 0.54545 0.90909
vt 0.63636 0.90909
vt 0.72727 0.90909
vt 0.81818 0.90909
vt 0.90909 0.90909
vt 1.00000 0.90909
vt 0.04545 1.00000
vt 0.13636 1.00000
vt 0.22727 1.00000
vt 0.31818 1.00000
vt 0.40909 1.00000
vt 0.50000 1.00000
vt 0.59091 1.00000
vt 0.68182 1.00000
vt 0.77273 1.00000
vt 0.86364 1.00000
vt 0.95455 1.00000
vn -0.83763 0.54090 0.07618
vn -0.96311 0.01615 0.26863
vn -0.91041 -0.00113 0.41370
vn -0.83763 0.54090 0.07618
vn -0.98005 0.19294 0.04768
vn -0.96311 0.01615 0.26863
vn -0.83763 0.54090 0.07618
vn -0.85268 0.48425 -0.19605
vn -0.98005 0.19294 0.04768
vn -0.83763 0.54090 0.07618
vn -0.61729 0.71806 -0.32148
vn -0.85268 0.48425 -0.19605
vn -0.83763 0.54090 0.07618
vn -0.44621 0.84078 -0.30658
vn -0.61729 0.71806 -0.32148
vn -0.83763 0.54090 0.07618
vn -0.39634 0.89679 -0.19668
vn -0.44621 0.84078 -0.30658
vn -0.83763 0.54090 0.07618
vn -0.47139 0.88192 0.00003
vn -0.39634 0.89679 -0.19668
vn -0.83763 0.54090 0.07618
vn -0.64453 0.71805 0.26267
vn -0.47139 0.88192 0.00003
vn -0.83763 0.54090 0.07618
vn -0.79509 0.40069 0.45528
vn -0.64453 0.71805 0.26267
vn -0.83763 0.54090 0.07618
vn -0.86393 0.12755 0.48720
vn -0.79509 0.40069 0.45528
vn -0.83763 0.54090 0.07618
vn -0.91041 -0.00113 0.41370
vn -0.86393 0.12755 0.48720
vn -0.91041 -0.00113 0.41370
vn -0.96311 0.01615 0.26863
vn -0.87002 -0.32658 0.36933
vn -0.76559 -0.32514 0.55512
vn -0.96311 0.01615 0.26863
vn -0.98005 0.19294 0.04768
vn -0.99272 -0.11209 0.04418
vn -0.87002 -0.32658 0.36933
vn -0.98005 0.19294 0.04768
vn -0.85268 0.48425 -0.19605
vn -0.80699 0.41804 -0.41715
vn -0.99272 -0.11209 0.04418
vn -0.85268 0.48425 -0.19605
vn -0.61729 0.71806 -0.32148
vn -0.35301 0.75718 -0.54961
vn -0.80699 0.41804 -0.41715
vn -0.61729 0.71806 -0.32148
vn -0.44621 0.84078 -0.30658
vn -0.10907 0.87634 -0.46919
vn -0.35301 0.75718 -0.54961
vn -0.44621 0.84078 -0.30658
vn -0.39634 0.89679 -0.19668
vn -0.02703 0.94926 -0.31333
vn -0.10907 0.87634 -0.46919
vn -0.39634 0.89679 -0.19668
vn -0.47139 0.88192 0.00003
vn -0.08477 0.99560 -0.04003
vn -0.02703 0.94926 -0.31333
vn -0.47139 0.88192 0.00003
vn -0.64453 0.71805 0.26267
vn -0.35213 0.82233 0.44696
vn -0.08477 0.99560 -0.04003
vn -0.64453 0.71805 0.26267
vn -0.79509 0.40069 0.45528
vn -0.61915 0.21995 0.75384
vn -0.35213 0.82233 0.44696
vn -0.79509 0.40069 0.45528
vn -0.86393 0.12755 0.48720
vn -0.70011 -0.17556 0.69212
vn -0.61915 0.21995 0.75384
vn -0.86393 0.12755 0.48720
vn -0.91041 -0.00113 0.41370
vn -0.76559 -0.32514 0.55512
vn -0.70011 -0.17556 0.69212
vn -0.76559 -0.32514 0.55512
vn -0.87002 -0.32658 0.36933
vn -0.75447 -0.51251 0.41002
vn -0.62515 -0.49701 0.60181
vn -0.87002 -0.32658 0.36933
vn -0.99272 -0.11209 0.04418
vn -0.94071 -0.33591 0.04720
vn -0.75447 -0.51251 0.41002
vn -0.99272 -0.11209 0.04418
vn -0.80699 0.41804 -0.41715
vn -0.72989 0.34814 -0.58826
vn -0.94071 -0.33591 0.04720
vn -0.80699 0.41804 -0.41715
vn -0.35301 0.75718 -0.54961
vn -0.15175 0.73629 -0.65944
vn -0.72989 0.34814 -0.58826
vn -0.35301 0.75718 -0.54961
vn -0.10907 0.87634 -0.46919
vn 0.09879 0.84048 -0.53276
vn -0.15175 0.73629 -0.65944
vn -0.10907 0.87634 -0.46919
vn -0.02703 0.94926 -0.31333
vn 0.20780 0.90803 -0.36374
vn 0.09879 0.84048 -0.53276
vn -0.02703 0.94926 -0.31333
vn -0.08477 0.99560 -0.04003
vn 0.22733 0.97118 -0.07167
vn 0.20780 0.90803 -0.36374
vn -0.08477 0.99560 -0.04003
vn -0.35213 0.82233 0.44696
vn 0.02314 0.81476 0.57934
vn 0.22733 0.97118 -0.07167
vn -0.35213 0.82233 0.44696
vn -0.61915 0.21995 0.75384
vn -0.37279 0.01600 0.92778
vn 0.02314 0.81476 0.57934
vn -0.61915 0.21995 0.75384
vn -0.70011 -0.17556 0.69212
vn -0.52411 -0.36977 0.76719
vn -0.37279 0.01600 0.92778
vn -0.70011 -0.17556 0.69212
vn -0.76559 -0.32514 0.55512
vn -0.62515 -0.49701 0.60181
vn -0.52411 -0.36977 0.76719
vn -0.62515 -0.49701 0.60181
vn -0.75447 -0.51251 0.41002
vn -0.66237 -0.62353 0.41531
vn -0.51602 -0.60822 0.60315
vn -0.75447 -0.51251 0.41002
vn -0.94071 -0.33591 0.04720
vn -0.87276 -0.48654 0.03958
vn -0.66237 -0.62353 0.41531
vn -0.94071 -0.33591 0.04720
vn -0.72989 0.34814 -0.58826
vn -0.64492 0.27477 -0.71315
vn -0.87276 -0.48654 0.03958
vn -0.72989 0.34814 -0.58826
vn -0.15175 0.73629 -0.65944
vn -0.01831 0.69474 -0.71903
vn -0.64492 0.27477 -0.71315
vn -0.15175 0.73629 -0.65944
vn 0.09879 0.84048 -0.53276
vn 0.22902 0.78796 -0.57155
vn -0.01831 0.69474 -0.71903
vn 0.09879 0.84048 -0.53276
vn 0.20780 0.90803 -0.36374
vn 0.36410 0.83886 -0.40466
vn 0.22902 0.78796 -0.57155
vn 0.20780 0.90803 -0.36374
vn 0.22733 0.97118 -0.07167
vn 0.46502 0.87688 -0.12185
vn 0.36410 0.83886 -0.40466
vn 0.22733 0.97118 -0.07167
vn 0.02314 0.81476 0.57934
vn 0.42120 0.67651 0.60408
vn 0.46502 0.87688 -0.12185
vn 0.02314 0.81476 0.57934
vn -0.37279 0.01600 0.92778
vn -0.11790 -0.20208 0.97225
vn 0.42120 0.67651 0.60408
vn -0.37279 0.01600 0.92778
vn -0.52411 -0.36977 0.76719
vn -0.37442 -0.51502 0.77108
vn -0.11790 -0.20208 0.97225
vn -0.52411 -0.36977 0.76719
vn -0.62515 -0.49701 0.60181
vn -0.51602 -0.60822 0.60315
vn -0.37442 -0.51502 0.77108
vn -0.51602 -0.60822 0.60315
vn -0.66237 -0.62353 0.41531
vn -0.60133 -0.69339 0.39701
vn -0.43997 -0.68927 0.57562
vn -0.66237 -0.62353 0.41531
vn -0.87276 -0.48654 0.03958
vn -0.81858 -0.57410 0.01814
vn -0.60133 -0.69339 0.39701
vn -0.87276 -0.48654 0.03958
vn -0.64492 0.27477 -0.71315
vn -0.57872 0.21007 -0.78801
vn -0.81858 -0.57410 0.01814
vn -0.64492 0.27477 -0.71315
vn -0.01831 0.69474 -0.71903
vn 0.05629 0.64985 -0.75797
vn -0.57872 0.21007 -0.78801
vn -0.01831 0.69474 -0.71903
vn 0.22902 0.78796 -0.57155
vn 0.30598 0.73305 -0.60746
vn 0.05629 0.64985 -0.75797
vn 0.22902 0.78796 -0.57155
vn 0.36410 0.83886 -0.40466
vn 0.46462 0.76107 -0.45265
vn 0.30598 0.73305 -0.60746
vn 0.36410 0.83886 -0.40466
vn 0.46502 0.87688 -0.12185
vn 0.62962 0.75112 -0.19849
vn 0.46462 0.76107 -0.45265
vn 0.46502 0.87688 -0.12185
vn 0.42120 0.67651 0.60408
vn 0.74280 0.44349 0.50157
vn 0.62962 0.75112 -0.19849
vn 0.42120 0.67651 0.60408
vn -0.11790 -0.20208 0.97225
vn 0.09122 -0.41340 0.90597
vn 0.74280 0.44349 0.50157
vn -0.11790 -0.20208 0.97225
vn -0.37442 -0.51502 0.77108
vn -0.26214 -0.63348 0.72800
vn 0.09122 -0.41340 0.90597
vn -0.37442 -0.51502 0.77108
vn -0.51602 -0.60822 0.60315
vn -0.43997 -0.68927 0.57562
vn -0.26214 -0.63348 0.72800
vn -0.43997 -0.68927 0.57562
vn -0.60133 -0.69339 0.39701
vn -0.57262 -0.73216 0.36885
vn -0.39775 -0.74623 0.53380
vn -0.60133 -0.69339 0.39701
vn -0.81858 -0.57410 0.01814
vn -0.79491 -0.60670 -0.00508
vn -0.57262 -0.73216 0.36885
vn -0.81858 -0.57410 0.01814
vn -0.57872 0.21007 -0.78801
vn -0.55332 0.17621 -0.81411
vn -0.79491 -0.60670 -0.00508
vn -0.57872 0.21007 -0.78801
vn 0.05629 0.64985 -0.75797
vn 0.08176 0.61666 -0.78297
vn -0.55332 0.17621 -0.81411
vn 0.05629 0.64985 -0.75797
vn 0.30598 0.73305 -0.60746
vn 0.34062 0.68714 -0.64173
vn 0.08176 0.61666 -0.78297
vn 0.30598 0.73305 -0.60746
vn 0.46462 0.76107 -0.45265
vn 0.51794 0.68992 -0.50571
vn 0.34062 0.68714 -0.64173
vn 0.46462 0.76107 -0.45265
vn 0.62962 0.75112 -0.19849
vn 0.72276 0.62672 -0.29128
vn 0.51794 0.68992 -0.50571
vn 0.62962 0.75112 -0.19849
vn 0.74280 0.44349 0.50157
vn 0.92598 0.19942 0.32061
vn 0.72276 0.62672 -0.29128
vn 0.74280 0.44349 0.50157
vn 0.09122 -0.41340 0.90597
vn 0.22272 -0.59074 0.77552
vn 0.92598 0.19942 0.32061
vn 0.09122 -0.41340 0.90597
vn -0.26214 -0.63348 0.72800
vn -0.19347 -0.72621 0.65969
vn 0.22272 -0.59074 0.77552
vn -0.26214 -0.63348 0.72800
vn -0.43997 -0.68927 0.57562
vn -0.39775 -0.74623 0.53380
vn -0.19347 -0.72621 0.65969
vn -0.39775 -0.74623 0.53380
vn -0.57262 -0.73216 0.36885
vn -0.56560 -0.75265 0.33706
vn -0.38048 -0.78687 0.48587
vn -0.57262 -0.73216 0.36885
vn -0.79491 -0.60670 -0.00508
vn -0.79267 -0.60904 -0.02710
vn -0.56560 -0.75265 0.33706
vn -0.79491 -0.60670 -0.00508
vn -0.55332 0.17621 -0.81411
vn -0.55597 0.16445 -0.81477
vn -0.79267 -0.60904 -0.02710
vn -0.55332 0.17621 -0.81411
vn 0.08176 0.61666 -0.78297
vn 0.07853 0.59369 -0.80085
vn -0.55597 0.16445 -0.81477
vn 0.08176 0.61666 -0.78297
vn 0.34062 0.68714 -0.64173
vn 0.34833 0.65036 -0.67505
vn 0.07853 0.59369 -0.80085
vn 0.34062 0.68714 -0.64173
vn 0.51794 0.68992 -0.50571
vn 0.53814 0.62894 -0.56110
vn 0.34833 0.65036 -0.67505
vn 0.51794 0.68992 -0.50571
vn 0.72276 0.62672 -0.29128
vn 0.76199 0.51657 -0.39054
vn 0.53814 0.62894 -0.56110
vn 0.72276 0.62672 -0.29128
vn 0.92598 0.19942 0.32061
vn 0.99328 -0.01037 0.11531
vn 0.76199 0.51657 -0.39054
vn 0.92598 0.19942 0.32061
vn 0.22272 -0.59074 0.77552
vn 0.28546 -0.73070 0.62015
vn 0.99328 -0.01037 0.11531
vn 0.22272 -0.59074 0.77552
vn -0.19347 -0.72621 0.65969
vn -0.16022 -0.79839 0.58043
vn 0.28546 -0.73070 0.62015
vn -0.19347 -0.72621 0.65969
vn -0.39775 -0.74623 0.53380
vn -0.38048 -0.78687 0.48587
vn -0.16022 -0.79839 0.58043
vn -0.38048 -0.78687 0.48587
vn -0.56560 -0.75265 0.33706
vn -0.56413 -0.77395 0.28766
vn -0.37469 -0.82528 0.42251
vn -0.56560 -0.75265 0.33706
vn -0.79267 -0.60904 -0.02710
vn -0.78536 -0.61479 -0.07241
vn -0.56413 -0.77395 0.28766
vn -0.79267 -0.60904 -0.02710
vn -0.55597 0.16445 -0.81477
vn -0.55175 0.12954 -0.82389
vn -0.78536 -0.61479 -0.07241
vn -0.55597 0.16445 -0.81477
vn 0.07853 0.59369 -0.80085
vn 0.06592 0.55543 -0.82895
vn -0.55175 0.12954 -0.82389
vn 0.07853 0.59369 -0.80085
vn 0.34833 0.65036 -0.67505
vn 0.34279 0.60584 -0.71795
vn 0.06592 0.55543 -0.82895
vn 0.34833 0.65036 -0.67505
vn 0.53814 0.62894 -0.56110
vn 0.53834 0.56408 -0.62609
vn 0.34279 0.60584 -0.71795
vn 0.53814 0.62894 -0.56110
vn 0.76199 0.51657 -0.39054
vn 0.76414 0.40633 -0.50099
vn 0.53834 0.56408 -0.62609
vn 0.76199 0.51657 -0.39054
vn 0.99328 -0.01037 0.11531
vn 0.97467 -0.19642 -0.10691
vn 0.76414 0.40633 -0.50099
vn 0.99328 -0.01037 0.11531
vn 0.28546 -0.73070 0.62015
vn 0.30147 -0.84688 0.43808
vn 0.97467 -0.19642 -0.10691
vn 0.28546 -0.73070 0.62015
vn -0.16022 -0.79839 0.58043
vn -0.14755 -0.86291 0.48333
vn 0.30147 -0.84688 0.43808
vn -0.16022 -0.79839 0.58043
vn -0.38048 -0.78687 0.48587
vn -0.37469 -0.82528 0.42251
vn -0.14755 -0.86291 0.48333
vn -0.37469 -0.82528 0.42251
vn -0.56413 -0.77395 0.28766
vn -0.55203 -0.81349 0.18300
vn -0.36848 -0.87564 0.31220
vn -0.56413 -0.77395 0.28766
vn -0.78536 -0.61479 -0.07241
vn -0.73747 -0.64880 -0.18761
vn -0.55203 -0.81349 0.18300
vn -0.78536 -0.61479 -0.07241
vn -0.55175 0.12954 -0.82389
vn -0.50305 0.01422 -0.86414
vn -0.73747 -0.64880 -0.18761
vn -0.55175 0.12954 -0.82389
vn 0.06592 0.55543 -0.82895
vn 0.05090 0.45450 -0.88929
vn -0.50305 0.01422 -0.86414
vn 0.06592 0.55543 -0.82895
vn 0.34279 0.60584 -0.71795
vn 0.32645 0.51942 -0.78971
vn 0.05090 0.45450 -0.88929
vn 0.34279 0.60584 -0.71795
vn 0.53834 0.56408 -0.62609
vn 0.51953 0.46388 -0.71756
vn 0.32645 0.51942 -0.78971
vn 0.53834 0.56408 -0.62609
vn 0.76414 0.40633 -0.50099
vn 0.72518 0.26058 -0.63735
vn 0.51953 0.46388 -0.71756
vn 0.76414 0.40633 -0.50099
vn 0.97467 -0.19642 -0.10691
vn 0.85506 -0.37636 -0.35668
vn 0.72518 0.26058 -0.63735
vn 0.97467 -0.19642 -0.10691
vn 0.30147 -0.84688 0.43808
vn 0.27859 -0.94101 0.19204
vn 0.85506 -0.37636 -0.35668
vn 0.30147 -0.84688 0.43808
vn -0.14755 -0.86291 0.48333
vn -0.14347 -0.93099 0.33566
vn 0.27859 -0.94101 0.19204
vn -0.14755 -0.86291 0.48333
vn -0.37469 -0.82528 0.42251
vn -0.36848 -0.87564 0.31220
vn -0.14347 -0.93099 0.33566
vn -0.36848 -0.87564 0.31220
vn -0.55203 -0.81349 0.18300
vn -0.47281 -0.87614 -0.09395
vn -0.32692 -0.94429 0.03802
vn -0.55203 -0.81349 0.18300
vn -0.73747 -0.64880 -0.18761
vn -0.54765 -0.70776 -0.44627
vn -0.47281 -0.87614 -0.09395
vn -0.73747 -0.64880 -0.18761
vn -0.50305 0.01422 -0.86414
vn -0.34024 -0.24673 -0.90739
vn -0.54765 -0.70776 -0.44627
vn -0.50305 0.01422 -0.86414
vn 0.05090 0.45450 -0.88929
vn 0.03368 0.15734 -0.98697
vn -0.34024 -0.24673 -0.90739
vn 0.05090 0.45450 -0.88929
vn 0.32645 0.51942 -0.78971
vn 0.27809 0.27187 -0.92128
vn 0.03368 0.15734 -0.98697
vn 0.32645 0.51942 -0.78971
vn 0.51953 0.46388 -0.71756
vn 0.44652 0.21569 -0.86839
vn 0.27809 0.27187 -0.92128
vn 0.51953 0.46388 -0.71756
vn 0.72518 0.26058 -0.63735
vn 0.57709 -0.02392 -0.81633
vn 0.44652 0.21569 -0.86839
vn 0.72518 0.26058 -0.63735
vn 0.85506 -0.37636 -0.35668
vn 0.55717 -0.54607 -0.62559
vn 0.57709 -0.02392 -0.81633
vn 0.85506 -0.37636 -0.35668
vn 0.27859 -0.94101 0.19204
vn 0.19904 -0.95683 -0.21180
vn 0.55717 -0.54607 -0.62559
vn 0.27859 -0.94101 0.19204
vn -0.14347 -0.93099 0.33566
vn -0.12556 -0.99197 0.01509
vn 0.19904 -0.95683 -0.21180
vn -0.14347 -0.93099 0.33566
vn -0.36848 -0.87564 0.31220
vn -0.32692 -0.94429 0.03802
vn -0.12556 -0.99197 0.01509
vn -0.32692 -0.94429 0.03802
vn -0.47281 -0.87614 -0.09395
vn 0.01604 -0.61623 -0.78740
vn -0.47281 -0.87614 -0.09395
vn -0.54765 -0.70776 -0.44627
vn 0.01604 -0.61623 -0.78740
vn -0.54765 -0.70776 -0.44627
vn -0.34024 -0.24673 -0.90739
vn 0.01604 -0.61623 -0.78740
vn -0.34024 -0.24673 -0.90739
vn 0.03368 0.15734 -0.98697
vn 0.01604 -0.61623 -0.78740
vn 0.03368 0.15734 -0.98697
vn 0.27809 0.27187 -0.92128
vn 0.01604 -0.61623 -0.78740
vn 0.27809 0.27187 -0.92128
vn 0.44652 0.21569 -0.86839
vn 0.01604 -0.61623 -0.78740
vn 0.44652 0.21569 -0.86839
vn 0.57709 -0.02392 -0.81633
vn 0.01604 -0.61623 -0.78740
vn 0.57709 -0.02392 -0.81633
vn 0.55717 -0.54607 -0.62559
vn 0.01604 -0.61623 -0.78740
vn 0.55717 -0.54607 -0.62559
vn 0.19904 -0.95683 -0.21180
vn 0.01604 -0.61623 -0.78740
vn 0.19904 -0.95683 -0.21180
vn -0.12556 -0.99197 0.01509
vn 0.01604 -0.61623 -0.78740
vn -0.12556 -0.99197 0.01509
vn -0.32692 -0.94429 0.03802
vn 0.01604 -0.61623 -0.78740
f 673/853/2773 674/854/2774 675/855/2775 
f 673/856/2776 676/857/2777 674/854/2778 
f 673/858/2779 677/859/2780 676/857/2781 
f 673/860/2782 678/861/2783 677/859/2784 
f 673/862/2785 679/863/2786 678/861/2787 
f 673/864/2788 680/865/2789 679/863/2790 
f 673/866/2791 681/867/2792 680/865/2793 
f 673/868/2794 682/869/2795 681/867/2796 
f 673/870/2797 683/871/2798 682/869/2799 
f 673/872/2800 684/873/2801 683/871/2802 
f 673/874/2803 675/875/2804 684/873/2805 
f 675/855/2806 674/854/2807 685/876/2808 686/877/2809 
f 674/854/2810 676/857/2811 687/878/2812 685/876/2813 
f 676/857/2814 677/859/2815 688/879/2816 687/878/2817 
f 677/859/2818 678/861/2819 689/880/2820 688/879/2821 
f 678/861/2822 679/863/2823 690/881/2824 689/880/2825 
f 679/863/2826 680/865/2827 691/882/2828 690/881/2829 
f 680/865/2830 681/867/2831 692/883/2832 691/882/2833 
f 681/867/2834 682/869/2835 693/884/2836 692/883/2837 
f 682/869/2838 683/871/2839 694/885/2840 693/884/2841 
f 683/871/2842 684/873/2843 695/886/2844 694/885/2845 
f 684/873/2846 675/875/2847 686/887/2848 695/886/2849 
f 686/877/2850 685/876/2851 696/888/2852 697/889/2853 
f 685/876/2854 687/878/2855 698/890/2856 696/888/2857 
f 687/878/2858 688/879/2859 699/891/2860 698/890/2861 
f 688/879/2862 689/880/2863 700/892/2864 699/891/2865 
f 689/880/2866 690/881/2867 701/893/2868 700/892/2869 
f 690/881/2870 691/882/2871 702/894/2872 701/893/2873 
f 691/882/2874 692/883/2875 703/895/2876 702/894/2877 
f 692/883/2878 693/884/2879 704/896/2880 703/895/2881 
f 693/884/2882 694/885/2883 705/897/2884 704/896/2885 
f 694/885/2886 695/886/2887 706/898/2888 705/897/2889 
f 695/886/2890 686/887/2891 697/899/2892 706/898/2893 
f 697/889/2894 696/888/2895 707/900/2896 708/901/2897 
f 696/888/2898 698/890/2899 709/902/2900 707/900/2901 
f 698/890/2902 699/891/2903 710/903/2904 709/902/2905 
f 699/891/2906 700/892/2907 711/904/2908 710/903/2909 
f 700/892/2910 701/893/2911 712/905/2912 711/904/2913 
f 701/893/2914 702/894/2915 713/906/2916 712/905/2917 
f 702/894/2918 703/895/2919 714/907/2920 713/906/2921 
f 703/895/2922 704/896/2923 715/908/2924 714/907/2925 
f 704/896/2926 705/897/2927 716/909/2928 715/908/2929 
f 705/897/2930 706/898/2931 717/910/2932 716/909/2933 
f 706/898/2934 697/899/2935 708/911/2936 717/910/2937 
f 708/901/2938 707/900/2939 718/912/2940 719/913/2941 
f 707/900/2942 709/902/2943 720/914/2944 718/912/2945 
f 709/902/2946 710/903/2947 721/915/2948 720/914/2949 
f 710/903/2950 711/904/2951 722/916/2952 721/915/2953 
f 711/904/2954 712/905/2955 723/917/2956 722/916/2957 
f 712/905/2958 713/906/2959 724/918/2960 723/917/2961 
f 713/906/2962 714/907/2963 725/919/2964 724/918/2965 
f 714/907/2966 715/908/2967 726/920/2968 725/919/2969 
f 715/908/2970 716/909/2971 727/921/2972 726/920/2973 
f 716/909/2974 717/910/2975 728/922/2976 727/921/2977 
f 717/910/2978 708/911/2979 719/923/2980 728/922/2981 
f 719/913/2982 718/912/2983 729/924/2984 730/925/2985 
f 718/912/2986 720/914/2987 731/926/2988 729/924/2989 
f 720/914/2990 721/915/2991 732/927/2992 731/926/2993 
f 721/915/2994 722/916/2995 733/928/2996 732/927/2997 
f 722/916/2998 723/917/2999 734/929/3000 733/928/3001 
f 723/917/3002 724/918/3003 735/930/3004 734/929/3005 
f 724/918/3006 725/919/3007 736/931/3008 735/930/3009 
f 725/919/3010 726/920/3011 737/932/3012 736/931/3013 
f 726/920/3014 727/921/3015 738/933/3016 737/932/3017 
f 727/921/3018 728/922/3019 739/934/3020 738/933/3021 
f 728/922/3022 719/923/3023 730/935/3024 739/934/3025 
f 730/925/3026 729/924/3027 740/936/3028 741/937/3029 
f 729/924/3030 731/926/3031 742/938/3032 740/936/3033 
f 731/926/3034 732/927/3035 743/939/3036 742/938/3037 
f 732/927/3038 733/928/3039 744/940/3040 743/939/3041 
f 733/928/3042 734/929/3043 745/941/3044 744/940/3045 
f 734/929/3046 735/930/3047 746/942/3048 745/941/3049 
f 735/930/3050 736/931/3051 747/943/3052 746/942/3053 
f 736/931/3054 737/932/3055 748/944/3056 747/943/3057 
f 737/932/3058 738/933/3059 749/945/3060 748/944/3061 
f 738/933/3062 739/934/3063 750/946/3064 749/945/3065 
f 739/934/3066 730/935/3067 741/947/3068 750/946/3069 
f 741/937/3070 740/936/3071 751/948/3072 752/949/3073 
f 740/936/3074 742/938/3075 753/950/3076 751/948/3077 
f 742/938/3078 743/939/3079 754/951/3080 753/950/3081 
f 743/939/3082 744/940/3083 755/952/3084 754/951/3085 
f 744/940/3086 745/941/3087 756/953/3088 755/952/3089 
f 745/941/3090 746/942/3091 757/954/3092 756/953/3093 
f 746/942/3094 747/943/3095 758/955/3096 757/954/3097 
f 747/943/3098 748/944/3099 759/956/3100 758/955/3101 
f 748/944/3102 749/945/3103 760/957/3104 759/956/3105 
f 749/945/3106 750/946/3107 761/958/3108 760/957/3109 
f 750/946/3110 741/947/3111 752/959/3112 761/958/3113 
f 752/949/3114 751/948/3115 762/960/3116 763/961/3117 
f 751/948/3118 753/950/3119 764/962/3120 762/960/3121 
f 753/950/3122 754/951/3123 765/963/3124 764/962/3125 
f 754/951/3126 755/952/3127 766/964/3128 765/963/3129 
f 755/952/3130 756/953/3131 767/965/3132 766/964/3133 
f 756/953/3134 757/954/3135 768/966/3136 767/965/3137 
f 757/954/3138 758/955/3139 769/967/3140 768/966/3141 
f 758/955/3142 759/956/3143 770/968/3144 769/967/3145 
f 759/956/3146 760/957/3147 771/969/3148 770/968/3149 
f 760/957/3150 761/958/3151 772/970/3152 771/969/3153 
f 761/958/3154 752/959/3155 763/971/3156 772/970/3157 
f 763/961/3158 762/960/3159 773/972/3160 774/973/3161 
f 762/960/3162 764/962/3163 775/974/3164 773/972/3165 
f 764/962/3166 765/963/3167 776/975/3168 775/974/3169 
f 765/963/3170 766/964/3171 777/976/3172 776/975/3173 
f 766/964/3174 767/965/3175 778/977/3176 777/976/3177 
f 767/965/3178 768/966/3179 779/978/3180 778/977/3181 
f 768/966/3182 769/967/3183 780/979/3184 779/978/3185 
f 769/967/3186 770/968/3187 781/980/3188 780/979/3189 
f 770/968/3190 771/969/3191 782/981/3192 781/980/3193 
f 771/969/3194 772/970/3195 783/982/3196 782/981/3197 
f 772/970/3198 763/971/3199 774/983/3200 783/982/3201 
f 774/973/3202 773/972/3203 784/984/3204 
f 773/972/3205 775/974/3206 784/985/3207 
f 775/974/3208 776/975/3209 784/986/3210 
f 776/975/3211 777/976/3212 784/987/3213 
f 777/976/3214 778/977/3215 784/988/3216 
f 778/977/3217 779/978/3218 784/989/3219 
f 779/978/3220 780/979/3221 784/990/3222 
f 780/979/3223 781/980/3224 784/991/3225 
f 781/980/3226 782/981/3227 784/992/3228 
f 782/981/3229 783/982/3230 784/993/3231 
f 783/982/3232 774/983/3233 784/994/3234 
o 007_Sphere_3
g Sphere_3
usemtl Samba 0
v 70.504 -20.715 45.414
v 72.285 -25.257 44.949
v 70.269 -22.650 47.599
v 74.017 -26.417 42.664
v 74.916 -25.761 41.468
v 74.696 -23.499 41.741
v 73.426 -20.349 43.397
v 71.511 -17.309 45.909
v 69.558 -15.347 48.480
v 68.187 -15.084 50.294
v 67.833 -16.604 50.775
v 68.609 -19.425 49.770
v 75.305 -29.443 45.494
v 71.904 -24.481 50.866
v 78.307 -31.649 40.917
v 79.956 -30.398 38.588
v 79.728 -26.087 39.247
v 77.696 -20.085 42.684
v 74.504 -14.298 47.808
v 71.168 -10.563 52.992
v 68.744 -10.066 56.591
v 68.004 -12.964 57.461
v 69.182 -18.338 55.327
v 79.122 -32.926 46.679
v 75.473 -26.247 54.632
v 82.541 -35.873 40.008
v 84.644 -34.151 36.738
v 84.763 -28.307 37.905
v 82.860 -20.198 43.141
v 79.540 -12.396 50.782
v 75.857 -7.380 58.402
v 72.979 -6.742 63.582
v 71.822 -10.684 64.678
v 72.751 -17.955 61.342
v 83.530 -35.306 48.319
v 80.897 -28.007 58.105
v 86.381 -38.459 40.230
v 88.543 -36.464 36.406
v 89.330 -29.955 38.061
v 88.493 -20.998 44.670
v 86.297 -12.438 54.135
v 83.439 -6.991 63.450
v 80.827 -6.388 69.658
v 79.290 -10.819 70.788
v 79.316 -18.879 66.482
v 88.653 -36.395 50.380
v 87.810 -29.801 60.522
v 90.250 -39.120 42.088
v 92.095 -37.110 38.280
v 93.602 -31.003 40.165
v 94.292 -22.739 47.144
v 93.947 -14.941 57.001
v 92.675 -10.085 66.608
v 90.881 -9.713 72.913
v 89.134 -13.942 73.915
v 87.989 -21.431 69.296
v 94.670 -36.651 52.638
v 95.468 -31.720 61.489
v 94.982 -38.527 45.450
v 96.305 -36.755 42.206
v 98.219 -31.895 43.938
v 100.117 -25.491 50.094
v 101.395 -19.577 58.721
v 101.649 -16.030 67.079
v 100.796 -15.976 72.515
v 99.109 -19.432 73.302
v 97.123 -25.301 69.192
v 101.008 -37.427 54.262
v 102.748 -34.110 61.325
v 100.495 -38.520 48.538
v 101.371 -37.042 45.972
v 103.358 -33.462 47.378
v 105.825 -28.917 52.309
v 107.989 -24.851 59.200
v 109.163 -22.553 65.864
v 108.974 -22.754 70.184
v 107.482 -25.390 70.788
v 105.161 -29.623 67.486
v 106.893 -38.712 55.067
v 108.903 -36.649 60.343
v 106.028 -39.240 50.787
v 106.583 -38.064 48.863
v 108.381 -35.560 49.904
v 110.851 -32.520 53.582
v 113.210 -29.912 58.727
v 114.707 -28.562 63.706
v 114.869 -28.899 66.939
v 113.643 -30.817 67.399
v 111.419 -33.706 64.940
v 111.828 -39.886 55.385
v 113.556 -38.728 58.929
v 110.996 -40.075 52.502
v 111.322 -39.234 51.196
v 112.705 -37.631 51.881
v 114.703 -35.774 54.340
v 116.684 -34.253 57.792
v 118.018 -33.551 61.141
v 118.282 -33.891 63.324
v 117.392 -35.164 63.648
v 115.630 -36.968 62.010
v 115.587 -40.298 55.726
v 116.586 -39.788 57.520
v 115.083 -40.336 54.262
v 115.235 -39.890 53.594
v 115.994 -39.102 53.933
v 117.120 -38.221 55.173
v 118.255 -37.529 56.919
v 119.038 -37.243 58.617
v 119.221 -37.456 59.728
v 118.746 -38.099 59.899
v 117.764 -38.969 59.076
v 117.979 -39.507 56.487
vt 0.04545 0.00000
vt 0.09091 0.09091
vt 0.00000 0.09091
vt 0.13636 0.00000
vt 0.18182 0.09091
vt 0.22727 0.00000
vt 0.27273 0.09091
vt 0.31818 0.00000
vt 0.36364 0.09091
vt 0.40909 0.00000
vt 0.45455 0.09091
vt 0.50000 0.00000
vt 0.54545 0.09091
vt 0.59091 0.00000
vt 0.63636 0.09091
vt 0.68182 0.00000
vt 0.72727 0.09091
vt 0.77273 0.00000
vt 0.81818 0.09091
vt 0.86364 0.00000
vt 0.90909 0.09091
vt 0.95455 0.00000
vt 1.00000 0.09091
vt 0.09091 0.18182
vt 0.00000 0.18182
vt 0.18182 0.18182
vt 0.27273 0.18182
vt 0.36364 0.18182
vt 0.45455 0.18182
vt 0.54545 0.18182
vt 0.63636 0.18182
vt 0.72727 0.18182
vt 0.81818 0.18182
vt 0.90909 0.18182
vt 1.00000 0.18182
vt 0.09091 0.27273
vt 0.00000 0.27273
vt 0.18182 0.27273
vt 0.27273 0.27273
vt 0.36364 0.27273
vt 0.45455 0.27273
vt 0.54545 0.27273
vt 0.63636 0.27273
vt 0.72727 0.27273
vt 0.81818 0.27273
vt 0.90909 0.27273
vt 1.00000 0.27273
vt 0.09091 0.36364
vt 0.00000 0.36364
vt 0.18182 0.36364
vt 0.27273 0.36364
vt 0.36364 0.36364
vt 0.45455 0.36364
vt 0.54545 0.36364
vt 0.63636 0.36364
vt 0.72727 0.36364
vt 0.81818 0.36364
vt 0.90909 0.36364
vt 1.00000 0.36364
vt 0.09091 0.45455
vt 0.00000 0.45455
vt 0.18182 0.45455
vt 0.27273 0.45455
vt 0.36364 0.45455
vt 0.45455 0.45455
vt 0.54545 0.45455
vt 0.63636 0.45455
vt 0.72727 0.45455
vt 0.81818 0.45455
vt 0.90909 0.45455
vt 1.00000 0.45455
vt 0.09091 0.54545
vt 0.00000 0.54545
vt 0.18182 0.54545
vt 0.27273 0.54545
vt 0.36364 0.54545
vt 0.45455 0.54545
vt 0.54545 0.54545
vt 0.63636 0.54545
vt 0.72727 0.54545
vt 0.81818 0.54545
vt 0.90909 0.54545
vt 1.00000 0.54545
vt 0.09091 0.63636
vt 0.00000 0.63636
vt 0.18182 0.63636
vt 0.27273 0.63636
vt 0.36364 0.63636
vt 0.45455 0.63636
vt 0.54545 0.63636
vt 0.63636 0.63636
vt 0.72727 0.63636
vt 0.81818 0.63636
vt 0.90909 0.63636
vt 1.00000 0.63636
vt 0.09091 0.72727
vt 0.00000 0.72727
vt 0.18182 0.72727
vt 0.27273 0.72727
vt 0.36364 0.72727
vt 0.45455 0.72727
vt 0.54545 0.72727
vt 0.63636 0.72727
vt 0.72727 0.72727
vt 0.81818 0.72727
vt 0.90909 0.72727
vt 1.00000 0.72727
vt 0.09091 0.81818
vt 0.00000 0.81818
vt 0.18182 0.81818
vt 0.27273 0.81818
vt 0.36364 0.81818
vt 0.45455 0.81818
vt 0.54545 0.81818
vt 0.63636 0.81818
vt 0.72727 0.81818
vt 0.81818 0.81818
vt 0.90909 0.81818
vt 1.00000 0.81818
vt 0.09091 0.90909
vt 0.00000 0.90909
vt 0.18182 0.90909
vt 0.27273 0.90909
vt 0.36364 0.90909
vt 0.45455 0.90909
vt 0.54545 0.90909
vt 0.63636 0.90909
vt 0.72727 0.90909
vt 0.81818 0.90909
vt 0.90909 0.90909
vt 1.00000 0.90909
vt 0.04545 1.00000
vt 0.13636 1.00000
vt 0.22727 1.00000
vt 0.31818 1.00000
vt 0.40909 1.00000
vt 0.50000 1.00000
vt 0.59091 1.00000
vt 0.68182 1.00000
vt 0.77273 1.00000
vt 0.86364 1.00000
vt 0.95455 1.00000
vn -0.78773 -0.02116 -0.61566
vn -0.82743 -0.50694 -0.24161
vn -0.87744 -0.46875 -0.10189
vn -0.78773 -0.02116 -0.61566
vn -0.75661 -0.40537 -0.51305
vn -0.82743 -0.50694 -0.24161
vn -0.78773 -0.02116 -0.61566
vn -0.59261 -0.11444 -0.79732
vn -0.75661 -0.40537 -0.51305
vn -0.78773 -0.02116 -0.61566
vn -0.40526 0.20582 -0.89073
vn -0.59261 -0.11444 -0.79732
vn -0.78773 -0.02116 -0.61566
vn -0.33022 0.40436 -0.85291
vn -0.40526 0.20582 -0.89073
vn -0.78773 -0.02116 -0.61566
vn -0.38629 0.49334 -0.77936
vn -0.33022 0.40436 -0.85291
vn -0.78773 -0.02116 -0.61566
vn -0.57191 0.47026 -0.67215
vn -0.38629 0.49334 -0.77936
vn -0.78773 -0.02116 -0.61566
vn -0.83497 0.27014 -0.47942
vn -0.57191 0.47026 -0.67215
vn -0.78773 -0.02116 -0.61566
vn -0.97025 -0.06637 -0.23282
vn -0.83497 0.27014 -0.47942
vn -0.78773 -0.02116 -0.61566
vn -0.93963 -0.32890 -0.09444
vn -0.97025 -0.06637 -0.23282
vn -0.78773 -0.02116 -0.61566
vn -0.87744 -0.46875 -0.10189
vn -0.93963 -0.32890 -0.09444
vn -0.87744 -0.46875 -0.10189
vn -0.82743 -0.50694 -0.24161
vn -0.71009 -0.70240 0.04899
vn -0.75661 -0.61466 0.22300
vn -0.82743 -0.50694 -0.24161
vn -0.75661 -0.40537 -0.51305
vn -0.66145 -0.66115 -0.35408
vn -0.71009 -0.70240 0.04899
vn -0.75661 -0.40537 -0.51305
vn -0.59261 -0.11444 -0.79732
vn -0.38799 -0.17275 -0.90533
vn -0.66145 -0.66115 -0.35408
vn -0.59261 -0.11444 -0.79732
vn -0.40526 0.20582 -0.89073
vn -0.08151 0.35240 -0.93229
vn -0.38799 -0.17275 -0.90533
vn -0.40526 0.20582 -0.89073
vn -0.33022 0.40436 -0.85291
vn -0.00804 0.58526 -0.81081
vn -0.08151 0.35240 -0.93229
vn -0.33022 0.40436 -0.85291
vn -0.38629 0.49334 -0.77936
vn -0.07577 0.70809 -0.70205
vn -0.00804 0.58526 -0.81081
vn -0.38629 0.49334 -0.77936
vn -0.57191 0.47026 -0.67215
vn -0.30764 0.76249 -0.56918
vn -0.07577 0.70809 -0.70205
vn -0.57191 0.47026 -0.67215
vn -0.83497 0.27014 -0.47942
vn -0.78961 0.55560 -0.26042
vn -0.30764 0.76249 -0.56918
vn -0.83497 0.27014 -0.47942
vn -0.97025 -0.06637 -0.23282
vn -0.98359 -0.07695 0.16320
vn -0.78961 0.55560 -0.26042
vn -0.97025 -0.06637 -0.23282
vn -0.93963 -0.32890 -0.09444
vn -0.85136 -0.44622 0.27583
vn -0.98359 -0.07695 0.16320
vn -0.93963 -0.32890 -0.09444
vn -0.87744 -0.46875 -0.10189
vn -0.75661 -0.61466 0.22300
vn -0.85136 -0.44622 0.27583
vn -0.75661 -0.61466 0.22300
vn -0.71009 -0.70240 0.04899
vn -0.60025 -0.76991 0.21665
vn -0.64014 -0.65907 0.39476
vn -0.71009 -0.70240 0.04899
vn -0.66145 -0.66115 -0.35408
vn -0.55539 -0.80481 -0.20933
vn -0.60025 -0.76991 0.21665
vn -0.66145 -0.66115 -0.35408
vn -0.38799 -0.17275 -0.90533
vn -0.19622 -0.20869 -0.95810
vn -0.55539 -0.80481 -0.20933
vn -0.38799 -0.17275 -0.90533
vn -0.08151 0.35240 -0.93229
vn 0.12567 0.42700 -0.89548
vn -0.19622 -0.20869 -0.95810
vn -0.08151 0.35240 -0.93229
vn -0.00804 0.58526 -0.81081
vn 0.17303 0.65328 -0.73708
vn 0.12567 0.42700 -0.89548
vn -0.00804 0.58526 -0.81081
vn -0.07577 0.70809 -0.70205
vn 0.11646 0.78622 -0.60688
vn 0.17303 0.65328 -0.73708
vn -0.07577 0.70809 -0.70205
vn -0.30764 0.76249 -0.56918
vn -0.07457 0.89750 -0.43466
vn 0.11646 0.78622 -0.60688
vn -0.30764 0.76249 -0.56918
vn -0.78961 0.55560 -0.26042
vn -0.61916 0.78512 0.01525
vn -0.07457 0.89750 -0.43466
vn -0.78961 0.55560 -0.26042
vn -0.98359 -0.07695 0.16320
vn -0.86298 -0.08207 0.49854
vn -0.61916 0.78512 0.01525
vn -0.98359 -0.07695 0.16320
vn -0.85136 -0.44622 0.27583
vn -0.72046 -0.48747 0.49327
vn -0.86298 -0.08207 0.49854
vn -0.85136 -0.44622 0.27583
vn -0.75661 -0.61466 0.22300
vn -0.64014 -0.65907 0.39476
vn -0.72046 -0.48747 0.49327
vn -0.64014 -0.65907 0.39476
vn -0.60025 -0.76991 0.21665
vn -0.51129 -0.80098 0.31147
vn -0.53905 -0.68310 0.49275
vn -0.60025 -0.76991 0.21665
vn -0.55539 -0.80481 -0.20933
vn -0.45852 -0.88219 -0.10720
vn -0.51129 -0.80098 0.31147
vn -0.55539 -0.80481 -0.20933
vn -0.19622 -0.20869 -0.95810
vn -0.03113 -0.23682 -0.97105
vn -0.45852 -0.88219 -0.10720
vn -0.19622 -0.20869 -0.95810
vn 0.12567 0.42700 -0.89548
vn 0.25866 0.45593 -0.85160
vn -0.03113 -0.23682 -0.97105
vn 0.12567 0.42700 -0.89548
vn 0.17303 0.65328 -0.73708
vn 0.29195 0.67361 -0.67898
vn 0.25866 0.45593 -0.85160
vn 0.17303 0.65328 -0.73708
vn 0.11646 0.78622 -0.60688
vn 0.25786 0.80646 -0.53210
vn 0.29195 0.67361 -0.67898
vn 0.11646 0.78622 -0.60688
vn -0.07457 0.89750 -0.43466
vn 0.13488 0.93838 -0.31819
vn 0.25786 0.80646 -0.53210
vn -0.07457 0.89750 -0.43466
vn -0.61916 0.78512 0.01525
vn -0.32320 0.90157 0.28758
vn 0.13488 0.93838 -0.31819
vn -0.61916 0.78512 0.01525
vn -0.86298 -0.08207 0.49854
vn -0.65655 -0.11036 0.74616
vn -0.32320 0.90157 0.28758
vn -0.86298 -0.08207 0.49854
vn -0.72046 -0.48747 0.49327
vn -0.58427 -0.51654 0.62596
vn -0.65655 -0.11036 0.74616
vn -0.72046 -0.48747 0.49327
vn -0.64014 -0.65907 0.39476
vn -0.53905 -0.68310 0.49275
vn -0.58427 -0.51654 0.62596
vn -0.53905 -0.68310 0.49275
vn -0.51129 -0.80098 0.31147
vn -0.44140 -0.82298 0.35758
vn -0.45157 -0.70739 0.54377
vn -0.51129 -0.80098 0.31147
vn -0.45852 -0.88219 -0.10720
vn -0.38326 -0.92202 -0.05462
vn -0.44140 -0.82298 0.35758
vn -0.45852 -0.88219 -0.10720
vn -0.03113 -0.23682 -0.97105
vn 0.08371 -0.26236 -0.96133
vn -0.38326 -0.92202 -0.05462
vn -0.03113 -0.23682 -0.97105
vn 0.25866 0.45593 -0.85160
vn 0.34202 0.45487 -0.82226
vn 0.08371 -0.26236 -0.96133
vn 0.25866 0.45593 -0.85160
vn 0.29195 0.67361 -0.67898
vn 0.37664 0.66640 -0.64346
vn 0.34202 0.45487 -0.82226
vn 0.29195 0.67361 -0.67898
vn 0.25786 0.80646 -0.53210
vn 0.37106 0.79233 -0.48428
vn 0.37664 0.66640 -0.64346
vn 0.25786 0.80646 -0.53210
vn 0.13488 0.93838 -0.31819
vn 0.32158 0.91620 -0.23909
vn 0.37106 0.79233 -0.48428
vn 0.13488 0.93838 -0.31819
vn -0.32320 0.90157 0.28758
vn 0.03322 0.87712 0.47911
vn 0.32158 0.91620 -0.23909
vn -0.32320 0.90157 0.28758
vn -0.65655 -0.11036 0.74616
vn -0.41646 -0.17272 0.89260
vn 0.03322 0.87712 0.47911
vn -0.65655 -0.11036 0.74616
vn -0.58427 -0.51654 0.62596
vn -0.45338 -0.55267 0.69929
vn -0.41646 -0.17272 0.89260
vn -0.58427 -0.51654 0.62596
vn -0.53905 -0.68310 0.49275
vn -0.45157 -0.70739 0.54377
vn -0.45338 -0.55267 0.69929
vn -0.45157 -0.70739 0.54377
vn -0.44140 -0.82298 0.35758
vn -0.39520 -0.84122 0.36901
vn -0.38375 -0.73413 0.56017
vn -0.44140 -0.82298 0.35758
vn -0.38326 -0.92202 -0.05462
vn -0.34370 -0.93802 -0.04454
vn -0.39520 -0.84122 0.36901
vn -0.38326 -0.92202 -0.05462
vn 0.08371 -0.26236 -0.96133
vn 0.12859 -0.27965 -0.95145
vn -0.34370 -0.93802 -0.04454
vn 0.08371 -0.26236 -0.96133
vn 0.34202 0.45487 -0.82226
vn 0.38302 0.43940 -0.81254
vn 0.12859 -0.27965 -0.95145
vn 0.34202 0.45487 -0.82226
vn 0.37664 0.66640 -0.64346
vn 0.43206 0.64503 -0.63029
vn 0.38302 0.43940 -0.81254
vn 0.37664 0.66640 -0.64346
vn 0.37106 0.79233 -0.48428
vn 0.45670 0.75902 -0.46401
vn 0.43206 0.64503 -0.63029
vn 0.37106 0.79233 -0.48428
vn 0.32158 0.91620 -0.23909
vn 0.47331 0.85713 -0.20324
vn 0.45670 0.75902 -0.46401
vn 0.32158 0.91620 -0.23909
vn 0.03322 0.87712 0.47911
vn 0.35188 0.75345 0.55542
vn 0.47331 0.85713 -0.20324
vn 0.03322 0.87712 0.47911
vn -0.41646 -0.17272 0.89260
vn -0.19699 -0.25926 0.94550
vn 0.35188 0.75345 0.55542
vn -0.41646 -0.17272 0.89260
vn -0.45338 -0.55267 0.69929
vn -0.34231 -0.59650 0.72596
vn -0.19699 -0.25926 0.94550
vn -0.45338 -0.55267 0.69929
vn -0.45157 -0.70739 0.54377
vn -0.38375 -0.73413 0.56017
vn -0.34231 -0.59650 0.72596
vn -0.38375 -0.73413 0.56017
vn -0.39520 -0.84122 0.36901
vn -0.36562 -0.85818 0.36033
vn -0.33232 -0.76290 0.55456
vn -0.39520 -0.84122 0.36901
vn -0.34370 -0.93802 -0.04454
vn -0.32779 -0.94296 -0.05818
vn -0.36562 -0.85818 0.36033
vn -0.34370 -0.93802 -0.04454
vn 0.12859 -0.27965 -0.95145
vn 0.13074 -0.29148 -0.94760
vn -0.32779 -0.94296 -0.05818
vn 0.12859 -0.27965 -0.95145
vn 0.38302 0.43940 -0.81254
vn 0.39912 0.41780 -0.81618
vn 0.13074 -0.29148 -0.94760
vn 0.38302 0.43940 -0.81254
vn 0.43206 0.64503 -0.63029
vn 0.46803 0.61695 -0.63271
vn 0.39912 0.41780 -0.81618
vn 0.43206 0.64503 -0.63029
vn 0.45670 0.75902 -0.46401
vn 0.52084 0.71619 -0.46454
vn 0.46803 0.61695 -0.63271
vn 0.45670 0.75902 -0.46401
vn 0.47331 0.85713 -0.20324
vn 0.59199 0.78021 -0.20204
vn 0.52084 0.71619 -0.46454
vn 0.47331 0.85713 -0.20324
vn 0.35188 0.75345 0.55542
vn 0.59894 0.58831 0.54328
vn 0.59199 0.78021 -0.20204
vn 0.35188 0.75345 0.55542
vn -0.19699 -0.25926 0.94550
vn -0.01629 -0.35761 0.93373
vn 0.59894 0.58831 0.54328
vn -0.19699 -0.25926 0.94550
vn -0.34231 -0.59650 0.72596
vn -0.25236 -0.64535 0.72100
vn -0.01629 -0.35761 0.93373
vn -0.34231 -0.59650 0.72596
vn -0.38375 -0.73413 0.56017
vn -0.33232 -0.76290 0.55456
vn -0.25236 -0.64535 0.72100
vn -0.33232 -0.76290 0.55456
vn -0.36562 -0.85818 0.36033
vn -0.32851 -0.88198 0.33792
vn -0.27915 -0.79877 0.53295
vn -0.36562 -0.85818 0.36033
vn -0.32779 -0.94296 -0.05818
vn -0.29287 -0.95239 -0.08475
vn -0.32851 -0.88198 0.33792
vn -0.32779 -0.94296 -0.05818
vn 0.13074 -0.29148 -0.94760
vn 0.15017 -0.32029 -0.93534
vn -0.29287 -0.95239 -0.08475
vn 0.13074 -0.29148 -0.94760
vn 0.39912 0.41780 -0.81618
vn 0.42059 0.37817 -0.82467
vn 0.15017 -0.32029 -0.93534
vn 0.39912 0.41780 -0.81618
vn 0.46803 0.61695 -0.63271
vn 0.50436 0.57503 -0.64417
vn 0.42059 0.37817 -0.82467
vn 0.46803 0.61695 -0.63271
vn 0.52084 0.71619 -0.46454
vn 0.58023 0.65896 -0.47865
vn 0.50436 0.57503 -0.64417
vn 0.52084 0.71619 -0.46454
vn 0.59199 0.78021 -0.20204
vn 0.69561 0.68237 -0.22470
vn 0.58023 0.65896 -0.47865
vn 0.59199 0.78021 -0.20204
vn 0.59894 0.58831 0.54328
vn 0.79307 0.39084 0.46721
vn 0.69561 0.68237 -0.22470
vn 0.59894 0.58831 0.54328
vn -0.01629 -0.35761 0.93373
vn 0.14570 -0.46728 0.87202
vn 0.79307 0.39084 0.46721
vn -0.01629 -0.35761 0.93373
vn -0.25236 -0.64535 0.72100
vn -0.16615 -0.70238 0.69214
vn 0.14570 -0.46728 0.87202
vn -0.25236 -0.64535 0.72100
vn -0.33232 -0.76290 0.55456
vn -0.27915 -0.79877 0.53295
vn -0.16615 -0.70238 0.69214
vn -0.27915 -0.79877 0.53295
vn -0.32851 -0.88198 0.33792
vn -0.24549 -0.92452 0.29156
vn -0.19334 -0.85210 0.48636
vn -0.32851 -0.88198 0.33792
vn -0.29287 -0.95239 -0.08475
vn -0.17818 -0.97534 -0.13028
vn -0.24549 -0.92452 0.29156
vn -0.29287 -0.95239 -0.08475
vn 0.15017 -0.32029 -0.93534
vn 0.24499 -0.39619 -0.88488
vn -0.17818 -0.97534 -0.13028
vn 0.15017 -0.32029 -0.93534
vn 0.42059 0.37817 -0.82467
vn 0.48055 0.28425 -0.82962
vn 0.24499 -0.39619 -0.88488
vn 0.42059 0.37817 -0.82467
vn 0.50436 0.57503 -0.64417
vn 0.56530 0.49226 -0.66190
vn 0.48055 0.28425 -0.82962
vn 0.50436 0.57503 -0.64417
vn 0.58023 0.65896 -0.47865
vn 0.65619 0.56204 -0.50352
vn 0.56530 0.49226 -0.66190
vn 0.58023 0.65896 -0.47865
vn 0.69561 0.68237 -0.22470
vn 0.80346 0.53219 -0.26688
vn 0.65619 0.56204 -0.50352
vn 0.69561 0.68237 -0.22470
vn 0.79307 0.39084 0.46721
vn 0.93721 0.13530 0.32146
vn 0.80346 0.53219 -0.26688
vn 0.79307 0.39084 0.46721
vn 0.14570 -0.46728 0.87202
vn 0.32072 -0.59228 0.73915
vn 0.93721 0.13530 0.32146
vn 0.14570 -0.46728 0.87202
vn -0.16615 -0.70238 0.69214
vn -0.05216 -0.77608 0.62848
vn 0.32072 -0.59228 0.73915
vn -0.16615 -0.70238 0.69214
vn -0.27915 -0.79877 0.53295
vn -0.19334 -0.85210 0.48636
vn -0.05216 -0.77608 0.62848
vn -0.19334 -0.85210 0.48636
vn -0.24549 -0.92452 0.29156
vn -0.00224 -0.98600 0.16674
vn 0.02499 -0.93467 0.35463
vn -0.24549 -0.92452 0.29156
vn -0.17818 -0.97534 -0.13028
vn 0.13662 -0.96856 -0.20789
vn -0.00224 -0.98600 0.16674
vn -0.17818 -0.97534 -0.13028
vn 0.24499 -0.39619 -0.88488
vn 0.46397 -0.53141 -0.70876
vn 0.13662 -0.96856 -0.20789
vn 0.24499 -0.39619 -0.88488
vn 0.48055 0.28425 -0.82962
vn 0.62886 0.02492 -0.77712
vn 0.46397 -0.53141 -0.70876
vn 0.48055 0.28425 -0.82962
vn 0.56530 0.49226 -0.66190
vn 0.69888 0.26018 -0.66624
vn 0.62886 0.02492 -0.77712
vn 0.56530 0.49226 -0.66190
vn 0.65619 0.56204 -0.50352
vn 0.78840 0.31484 -0.52849
vn 0.69888 0.26018 -0.66624
vn 0.65619 0.56204 -0.50352
vn 0.80346 0.53219 -0.26688
vn 0.92385 0.20502 -0.32322
vn 0.78840 0.31484 -0.52849
vn 0.80346 0.53219 -0.26688
vn 0.93721 0.13530 0.32146
vn 0.97250 -0.22093 0.07372
vn 0.92385 0.20502 -0.32322
vn 0.93721 0.13530 0.32146
vn 0.32072 -0.59228 0.73915
vn 0.55081 -0.71568 0.42942
vn 0.97250 -0.22093 0.07372
vn 0.32072 -0.59228 0.73915
vn -0.05216 -0.77608 0.62848
vn 0.18366 -0.87250 0.45278
vn 0.55081 -0.71568 0.42942
vn -0.05216 -0.77608 0.62848
vn -0.19334 -0.85210 0.48636
vn 0.02499 -0.93467 0.35463
vn 0.18366 -0.87250 0.45278
vn 0.02499 -0.93467 0.35463
vn -0.00224 -0.98600 0.16674
vn 0.73645 -0.62447 -0.26015
vn -0.00224 -0.98600 0.16674
vn 0.13662 -0.96856 -0.20789
vn 0.73645 -0.62447 -0.26015
vn 0.13662 -0.96856 -0.20789
vn 0.46397 -0.53141 -0.70876
vn 0.73645 -0.62447 -0.26015
vn 0.46397 -0.53141 -0.70876
vn 0.62886 0.02492 -0.77712
vn 0.73645 -0.62447 -0.26015
vn 0.62886 0.02492 -0.77712
vn 0.69888 0.26018 -0.66624
vn 0.73645 -0.62447 -0.26015
vn 0.69888 0.26018 -0.66624
vn 0.78840 0.31484 -0.52849
vn 0.73645 -0.62447 -0.26015
vn 0.78840 0.31484 -0.52849
vn 0.92385 0.20502 -0.32322
vn 0.73645 -0.62447 -0.26015
vn 0.92385 0.20502 -0.32322
vn 0.97250 -0.22093 0.07372
vn 0.73645 -0.62447 -0.26015
vn 0.97250 -0.22093 0.07372
vn 0.55081 -0.71568 0.42942
vn 0.73645 -0.62447 -0.26015
vn 0.55081 -0.71568 0.42942
vn 0.18366 -0.87250 0.45278
vn 0.73645 -0.62447 -0.26015
vn 0.18366 -0.87250 0.45278
vn 0.02499 -0.93467 0.35463
vn 0.73645 -0.62447 -0.26015
f 785/995/3235 786/996/3236 787/997/3237 
f 785/998/3238 788/999/3239 786/996/3240 
f 785/1000/3241 789/1001/3242 788/999/3243 
f 785/1002/3244 790/1003/3245 789/1001/3246 
f 785/1004/3247 791/1005/3248 790/1003/3249 
f 785/1006/3250 792/1007/3251 791/1005/3252 
f 785/1008/3253 793/1009/3254 792/1007/3255 
f 785/1010/3256 794/1011/3257 793/1009/3258 
f 785/1012/3259 795/1013/3260 794/1011/3261 
f 785/1014/3262 796/1015/3263 795/1013/3264 
f 785/1016/3265 787/1017/3266 796/1015/3267 
f 787/997/3268 786/996/3269 797/1018/3270 798/1019/3271 
f 786/996/3272 788/999/3273 799/1020/3274 797/1018/3275 
f 788/999/3276 789/1001/3277 800/1021/3278 799/1020/3279 
f 789/1001/3280 790/1003/3281 801/1022/3282 800/1021/3283 
f 790/1003/3284 791/1005/3285 802/1023/3286 801/1022/3287 
f 791/1005/3288 792/1007/3289 803/1024/3290 802/1023/3291 
f 792/1007/3292 793/1009/3293 804/1025/3294 803/1024/3295 
f 793/1009/3296 794/1011/3297 805/1026/3298 804/1025/3299 
f 794/1011/3300 795/1013/3301 806/1027/3302 805/1026/3303 
f 795/1013/3304 796/1015/3305 807/1028/3306 806/1027/3307 
f 796/1015/3308 787/1017/3309 798/1029/3310 807/1028/3311 
f 798/1019/3312 797/1018/3313 808/1030/3314 809/1031/3315 
f 797/1018/3316 799/1020/3317 810/1032/3318 808/1030/3319 
f 799/1020/3320 800/1021/3321 811/1033/3322 810/1032/3323 
f 800/1021/3324 801/1022/3325 812/1034/3326 811/1033/3327 
f 801/1022/3328 802/1023/3329 813/1035/3330 812/1034/3331 
f 802/1023/3332 803/1024/3333 814/1036/3334 813/1035/3335 
f 803/1024/3336 804/1025/3337 815/1037/3338 814/1036/3339 
f 804/1025/3340 805/1026/3341 816/1038/3342 815/1037/3343 
f 805/1026/3344 806/1027/3345 817/1039/3346 816/1038/3347 
f 806/1027/3348 807/1028/3349 818/1040/3350 817/1039/3351 
f 807/1028/3352 798/1029/3353 809/1041/3354 818/1040/3355 
f 809/1031/3356 808/1030/3357 819/1042/3358 820/1043/3359 
f 808/1030/3360 810/1032/3361 821/1044/3362 819/1042/3363 
f 810/1032/3364 811/1033/3365 822/1045/3366 821/1044/3367 
f 811/1033/3368 812/1034/3369 823/1046/3370 822/1045/3371 
f 812/1034/3372 813/1035/3373 824/1047/3374 823/1046/3375 
f 813/1035/3376 814/1036/3377 825/1048/3378 824/1047/3379 
f 814/1036/3380 815/1037/3381 826/1049/3382 825/1048/3383 
f 815/1037/3384 816/1038/3385 827/1050/3386 826/1049/3387 
f 816/1038/3388 817/1039/3389 828/1051/3390 827/1050/3391 
f 817/1039/3392 818/1040/3393 829/1052/3394 828/1051/3395 
f 818/1040/3396 809/1041/3397 820/1053/3398 829/1052/3399 
f 820/1043/3400 819/1042/3401 830/1054/3402 831/1055/3403 
f 819/1042/3404 821/1044/3405 832/1056/3406 830/1054/3407 
f 821/1044/3408 822/1045/3409 833/1057/3410 832/1056/3411 
f 822/1045/3412 823/1046/3413 834/1058/3414 833/1057/3415 
f 823/1046/3416 824/1047/3417 835/1059/3418 834/1058/3419 
f 824/1047/3420 825/1048/3421 836/1060/3422 835/1059/3423 
f 825/1048/3424 826/1049/3425 837/1061/3426 836/1060/3427 
f 826/1049/3428 827/1050/3429 838/1062/3430 837/1061/3431 
f 827/1050/3432 828/1051/3433 839/1063/3434 838/1062/3435 
f 828/1051/3436 829/1052/3437 840/1064/3438 839/1063/3439 
f 829/1052/3440 820/1053/3441 831/1065/3442 840/1064/3443 
f 831/1055/3444 830/1054/3445 841/1066/3446 842/1067/3447 
f 830/1054/3448 832/1056/3449 843/1068/3450 841/1066/3451 
f 832/1056/3452 833/1057/3453 844/1069/3454 843/1068/3455 
f 833/1057/3456 834/1058/3457 845/1070/3458 844/1069/3459 
f 834/1058/3460 835/1059/3461 846/1071/3462 845/1070/3463 
f 835/1059/3464 836/1060/3465 847/1072/3466 846/1071/3467 
f 836/1060/3468 837/1061/3469 848/1073/3470 847/1072/3471 
f 837/1061/3472 838/1062/3473 849/1074/3474 848/1073/3475 
f 838/1062/3476 839/1063/3477 850/1075/3478 849/1074/3479 
f 839/1063/3480 840/1064/3481 851/1076/3482 850/1075/3483 
f 840/1064/3484 831/1065/3485 842/1077/3486 851/1076/3487 
f 842/1067/3488 841/1066/3489 852/1078/3490 853/1079/3491 
f 841/1066/3492 843/1068/3493 854/1080/3494 852/1078/3495 
f 843/1068/3496 844/1069/3497 855/1081/3498 854/1080/3499 
f 844/1069/3500 845/1070/3501 856/1082/3502 855/1081/3503 
f 845/1070/3504 846/1071/3505 857/1083/3506 856/1082/3507 
f 846/1071/3508 847/1072/3509 858/1084/3510 857/1083/3511 
f 847/1072/3512 848/1073/3513 859/1085/3514 858/1084/3515 
f 848/1073/3516 849/1074/3517 860/1086/3518 859/1085/3519 
f 849/1074/3520 850/1075/3521 861/1087/3522 860/1086/3523 
f 850/1075/3524 851/1076/3525 862/1088/3526 861/1087/3527 
f 851/1076/3528 842/1077/3529 853/1089/3530 862/1088/3531 
f 853/1079/3532 852/1078/3533 863/1090/3534 864/1091/3535 
f 852/1078/3536 854/1080/3537 865/1092/3538 863/1090/3539 
f 854/1080/3540 855/1081/3541 866/1093/3542 865/1092/3543 
f 855/1081/3544 856/1082/3545 867/1094/3546 866/1093/3547 
f 856/1082/3548 857/1083/3549 868/1095/3550 867/1094/3551 
f 857/1083/3552 858/1084/3553 869/1096/3554 868/1095/3555 
f 858/1084/3556 859/1085/3557 870/1097/3558 869/1096/3559 
f 859/1085/3560 860/1086/3561 871/1098/3562 870/1097/3563 
f 860/1086/3564 861/1087/3565 872/1099/3566 871/1098/3567 
f 861/1087/3568 862/1088/3569 873/1100/3570 872/1099/3571 
f 862/1088/3572 853/1089/3573 864/1101/3574 873/1100/3575 
f 864/1091/3576 863/1090/3577 874/1102/3578 875/1103/3579 
f 863/1090/3580 865/1092/3581 876/1104/3582 874/1102/3583 
f 865/1092/3584 866/1093/3585 877/1105/3586 876/1104/3587 
f 866/1093/3588 867/1094/3589 878/1106/3590 877/1105/3591 
f 867/1094/3592 868/1095/3593 879/1107/3594 878/1106/3595 
f 868/1095/3596 869/1096/3597 880/1108/3598 879/1107/3599 
f 869/1096/3600 870/1097/3601 881/1109/3602 880/1108/3603 
f 870/1097/3604 871/1098/3605 882/1110/3606 881/1109/3607 
f 871/1098/3608 872/1099/3609 883/1111/3610 882/1110/3611 
f 872/1099/3612 873/1100/3613 884/1112/3614 883/1111/3615 
f 873/1100/3616 864/1101/3617 875/1113/3618 884/1112/3619 
f 875/1103/3620 874/1102/3621 885/1114/3622 886/1115/3623 
f 874/1102/3624 876/1104/3625 887/1116/3626 885/1114/3627 
f 876/1104/3628 877/1105/3629 888/1117/3630 887/1116/3631 
f 877/1105/3632 878/1106/3633 889/1118/3634 888/1117/3635 
f 878/1106/3636 879/1107/3637 890/1119/3638 889/1118/3639 
f 879/1107/3640 880/1108/3641 891/1120/3642 890/1119/3643 
f 880/1108/3644 881/1109/3645 892/1121/3646 891/1120/3647 
f 881/1109/3648 882/1110/3649 893/1122/3650 892/1121/3651 
f 882/1110/3652 883/1111/3653 894/1123/3654 893/1122/3655 
f 883/1111/3656 884/1112/3657 895/1124/3658 894/1123/3659 
f 884/1112/3660 875/1113/3661 886/1125/3662 895/1124/3663 
f 886/1115/3664 885/1114/3665 896/1126/3666 
f 885/1114/3667 887/1116/3668 896/1127/3669 
f 887/1116/3670 888/1117/3671 896/1128/3672 
f 888/1117/3673 889/1118/3674 896/1129/3675 
f 889/1118/3676 890/1119/3677 896/1130/3678 
f 890/1119/3679 891/1120/3680 896/1131/3681 
f 891/1120/3682 892/1121/3683 896/1132/3684 
f 892/1121/3685 893/1122/3686 896/1133/3687 
f 893/1122/3688 894/1123/3689 896/1134/3690 
f 894/1123/3691 895/1124/3692 896/1135/3693 
f 895/1124/3694 886/1125/3695 896/1136/3696 
o 008_Sphere_3
g Sphere_3
usemtl Samba 1
v 70.504 -20.715 45.414
v 73.917 -24.003 47.796
v 69.686 -22.049 47.944
v 77.162 -24.717 47.217
v 78.389 -23.965 46.392
v 77.210 -21.985 45.583
v 73.998 -19.407 45.045
v 69.774 -17.048 44.950
v 65.878 -15.658 45.329
v 63.548 -15.678 46.060
v 63.523 -17.101 46.912
v 65.811 -19.476 47.614
v 77.599 -26.116 51.522
v 69.699 -22.103 52.306
v 83.670 -27.675 50.077
v 85.986 -26.283 48.429
v 83.810 -22.382 47.101
v 77.835 -17.212 46.515
v 69.956 -12.413 46.857
v 62.676 -9.509 48.018
v 58.305 -9.423 49.630
v 58.232 -12.181 51.181
v 62.479 -16.907 52.178
v 81.281 -27.052 55.911
v 70.968 -21.016 58.053
v 89.248 -29.560 53.205
v 92.339 -27.743 50.797
v 89.573 -22.178 49.449
v 81.828 -14.631 49.590
v 71.562 -7.500 51.176
v 62.036 -3.048 53.702
v 56.274 -2.688 56.367
v 56.104 -6.535 58.325
v 61.582 -13.367 58.953
v 84.764 -26.599 60.535
v 73.933 -19.069 64.500
v 93.210 -29.909 56.419
v 96.588 -27.949 53.459
v 93.826 -21.340 52.594
v 85.801 -12.181 54.099
v 75.061 -3.380 57.496
v 65.016 2.269 61.706
v 58.854 2.973 65.394
v 58.533 -1.493 67.387
v 64.154 -9.710 67.054
v 88.100 -24.536 65.352
v 78.777 -16.660 70.824
v 95.485 -28.135 60.247
v 98.588 -26.315 57.132
v 96.424 -19.653 56.995
v 89.679 -10.265 59.879
v 80.495 -1.132 64.869
v 71.788 4.847 70.381
v 66.323 5.774 74.665
v 65.834 1.355 76.359
v 70.476 -7.009 74.928
v 91.742 -21.233 70.451
v 85.166 -14.334 76.349
v 97.087 -24.453 65.278
v 99.504 -22.973 62.473
v 98.225 -17.261 62.926
v 93.657 -9.131 66.493
v 87.250 -1.165 72.043
v 81.038 4.109 77.812
v 76.993 5.015 81.969
v 76.400 1.267 83.195
v 79.447 -5.946 81.100
v 96.226 -18.387 75.390
v 92.108 -12.885 80.915
v 99.710 -20.971 70.717
v 101.455 -19.817 68.379
v 100.906 -15.291 69.118
v 98.238 -8.831 72.701
v 94.298 -2.486 77.988
v 90.337 1.727 83.303
v 87.612 2.473 86.956
v 86.989 -0.487 87.789
v 88.665 -6.212 85.537
v 101.028 -16.414 79.611
v 98.686 -12.322 84.271
v 103.132 -18.327 75.752
v 104.332 -17.453 73.919
v 104.246 -14.070 74.694
v 102.902 -9.251 77.831
v 100.726 -4.527 82.334
v 98.409 -1.397 86.774
v 96.687 -0.856 89.740
v 96.106 -3.075 90.291
v 96.852 -7.349 88.253
v 105.308 -14.931 82.888
v 104.128 -12.198 86.305
v 106.459 -16.195 80.092
v 107.217 -15.588 78.804
v 107.341 -13.303 79.434
v 106.791 -10.065 81.781
v 105.741 -6.902 85.101
v 104.526 -4.819 88.339
v 103.531 -4.476 90.466
v 103.072 -5.984 90.809
v 103.294 -8.862 89.258
v 108.330 -13.347 85.268
v 107.863 -11.969 87.093
v 108.827 -13.977 83.783
v 109.196 -13.660 83.110
v 109.321 -12.496 83.463
v 109.161 -10.855 84.730
v 108.767 -9.257 86.508
v 108.265 -8.211 88.233
v 107.813 -8.048 89.357
v 107.556 -8.820 89.524
v 107.574 -10.282 88.680
v 109.533 -11.267 86.813
vt 0.04545 0.00000
vt 0.09091 0.09091
vt 0.00000 0.09091
vt 0.13636 0.00000
vt 0.18182 0.09091
vt 0.22727 0.00000
vt 0.27273 0.09091
vt 0.31818 0.00000
vt 0.36364 0.09091
vt 0.40909 0.00000
vt 0.45455 0.09091
vt 0.50000 0.00000
vt 0.54545 0.09091
vt 0.59091 0.00000
vt 0.63636 0.09091
vt 0.68182 0.00000
vt 0.72727 0.09091
vt 0.77273 0.00000
vt 0.81818 0.09091
vt 0.86364 0.00000
vt 0.90909 0.09091
vt 0.95455 0.00000
vt 1.00000 0.09091
vt 0.09091 0.18182
vt 0.00000 0.18182
vt 0.18182 0.18182
vt 0.27273 0.18182
vt 0.36364 0.18182
vt 0.45455 0.18182
vt 0.54545 0.18182
vt 0.63636 0.18182
vt 0.72727 0.18182
vt 0.81818 0.18182
vt 0.90909 0.18182
vt 1.00000 0.18182
vt 0.09091 0.27273
vt 0.00000 0.27273
vt 0.18182 0.27273
vt 0.27273 0.27273
vt 0.36364 0.27273
vt 0.45455 0.27273
vt 0.54545 0.27273
vt 0.63636 0.27273
vt 0.72727 0.27273
vt 0.81818 0.27273
vt 0.90909 0.27273
vt 1.00000 0.27273
vt 0.09091 0.36364
vt 0.00000 0.36364
vt 0.18182 0.36364
vt 0.27273 0.36364
vt 0.36364 0.36364
vt 0.45455 0.36364
vt 0.54545 0.36364
vt 0.63636 0.36364
vt 0.72727 0.36364
vt 0.81818 0.36364
vt 0.90909 0.36364
vt 1.00000 0.36364
vt 0.09091 0.45455
vt 0.00000 0.45455
vt 0.18182 0.45455
vt 0.27273 0.45455
vt 0.36364 0.45455
vt 0.45455 0.45455
vt 0.54545 0.45455
vt 0.63636 0.45455
vt 0.72727 0.45455
vt 0.81818 0.45455
vt 0.90909 0.45455
vt 1.00000 0.45455
vt 0.09091 0.54545
vt 0.00000 0.54545
vt 0.18182 0.54545
vt 0.27273 0.54545
vt 0.36364 0.54545
vt 0.45455 0.54545
vt 0.54545 0.54545
vt 0.63636 0.54545
vt 0.72727 0.54545
vt 0.81818 0.54545
vt 0.90909 0.54545
vt 1.00000 0.54545
vt 0.09091 0.63636
vt 0.00000 0.63636
vt 0.18182 0.63636
vt 0.27273 0.63636
vt 0.36364 0.63636
vt 0.45455 0.63636
vt 0.54545 0.63636
vt 0.63636 0.63636
vt 0.72727 0.63636
vt 0.81818 0.63636
vt 0.90909 0.63636
vt 1.00000 0.63636
vt 0.09091 0.72727
vt 0.00000 0.72727
vt 0.18182 0.72727
vt 0.27273 0.72727
vt 0.36364 0.72727
vt 0.45455 0.72727
vt 0.54545 0.72727
vt 0.63636 0.72727
vt 0.72727 0.72727
vt 0.81818 0.72727
vt 0.90909 0.72727
vt 1.00000 0.72727
vt 0.09091 0.81818
vt 0.00000 0.81818
vt 0.18182 0.81818
vt 0.27273 0.81818
vt 0.36364 0.81818
vt 0.45455 0.81818
vt 0.54545 0.81818
vt 0.63636 0.81818
vt 0.72727 0.81818
vt 0.81818 0.81818
vt 0.90909 0.81818
vt 1.00000 0.81818
vt 0.09091 0.90909
vt 0.00000 0.90909
vt 0.18182 0.90909
vt 0.27273 0.90909
vt 0.36364 0.90909
vt 0.45455 0.90909
vt 0.54545 0.90909
vt 0.63636 0.90909
vt 0.72727 0.90909
vt 0.81818 0.90909
vt 0.90909 0.90909
vt 1.00000 0.90909
vt 0.04545 1.00000
vt 0.13636 1.00000
vt 0.22727 1.00000
vt 0.31818 1.00000
vt 0.40909 1.00000
vt 0.50000 1.00000
vt 0.59091 1.00000
vt 0.68182 1.00000
vt 0.77273 1.00000
vt 0.86364 1.00000
vt 0.95455 1.00000
vn -0.23624 -0.50430 -0.83059
vn -0.34617 -0.88670 -0.30649
vn -0.47060 -0.85204 -0.22926
vn -0.23624 -0.50430 -0.83059
vn -0.16654 -0.81651 -0.55279
vn -0.34617 -0.88670 -0.30649
vn -0.23624 -0.50430 -0.83059
vn 0.04970 -0.51359 -0.85659
vn -0.16654 -0.81651 -0.55279
vn -0.23624 -0.50430 -0.83059
vn 0.15963 -0.13532 -0.97786
vn 0.04970 -0.51359 -0.85659
vn -0.23624 -0.50430 -0.83059
vn 0.13882 0.08269 -0.98686
vn 0.15963 -0.13532 -0.97786
vn -0.23624 -0.50430 -0.83059
vn 0.03132 0.14270 -0.98927
vn 0.13882 0.08269 -0.98686
vn -0.23624 -0.50430 -0.83059
vn -0.16541 0.04617 -0.98514
vn 0.03132 0.14270 -0.98927
vn -0.23624 -0.50430 -0.83059
vn -0.43384 -0.24360 -0.86743
vn -0.16541 0.04617 -0.98514
vn -0.23624 -0.50430 -0.83059
vn -0.58867 -0.58081 -0.56225
vn -0.43384 -0.24360 -0.86743
vn -0.23624 -0.50430 -0.83059
vn -0.56267 -0.76581 -0.31134
vn -0.58867 -0.58081 -0.56225
vn -0.23624 -0.50430 -0.83059
vn -0.47060 -0.85204 -0.22926
vn -0.56267 -0.76581 -0.31134
vn -0.47060 -0.85204 -0.22926
vn -0.34617 -0.88670 -0.30649
vn -0.36200 -0.93043 0.05703
vn -0.51110 -0.84877 0.13555
vn -0.34617 -0.88670 -0.30649
vn -0.16654 -0.81651 -0.55279
vn -0.11604 -0.95776 -0.26312
vn -0.36200 -0.93043 0.05703
vn -0.16654 -0.81651 -0.55279
vn 0.04970 -0.51359 -0.85659
vn 0.28790 -0.47520 -0.83145
vn -0.11604 -0.95776 -0.26312
vn 0.04970 -0.51359 -0.85659
vn 0.15963 -0.13532 -0.97786
vn 0.37774 0.14653 -0.91424
vn 0.28790 -0.47520 -0.83145
vn 0.15963 -0.13532 -0.97786
vn 0.13882 0.08269 -0.98686
vn 0.29642 0.39060 -0.87153
vn 0.37774 0.14653 -0.91424
vn 0.13882 0.08269 -0.98686
vn 0.03132 0.14270 -0.98927
vn 0.15608 0.47609 -0.86544
vn 0.29642 0.39060 -0.87153
vn 0.03132 0.14270 -0.98927
vn -0.16541 0.04617 -0.98514
vn -0.10034 0.43773 -0.89349
vn 0.15608 0.47609 -0.86544
vn -0.16541 0.04617 -0.98514
vn -0.43384 -0.24360 -0.86743
vn -0.60574 0.06911 -0.79266
vn -0.10034 0.43773 -0.89349
vn -0.43384 -0.24360 -0.86743
vn -0.58867 -0.58081 -0.56225
vn -0.81348 -0.53295 -0.23285
vn -0.60574 0.06911 -0.79266
vn -0.58867 -0.58081 -0.56225
vn -0.56267 -0.76581 -0.31134
vn -0.65663 -0.75097 0.06982
vn -0.81348 -0.53295 -0.23285
vn -0.56267 -0.76581 -0.31134
vn -0.47060 -0.85204 -0.22926
vn -0.51110 -0.84877 0.13555
vn -0.65663 -0.75097 0.06982
vn -0.51110 -0.84877 0.13555
vn -0.36200 -0.93043 0.05703
vn -0.35344 -0.90032 0.25399
vn -0.50473 -0.79914 0.32652
vn -0.36200 -0.93043 0.05703
vn -0.11604 -0.95776 -0.26312
vn -0.08089 -0.99590 -0.04042
vn -0.35344 -0.90032 0.25399
vn -0.11604 -0.95776 -0.26312
vn 0.28790 -0.47520 -0.83145
vn 0.47508 -0.41559 -0.77562
vn -0.08089 -0.99590 -0.04042
vn 0.28790 -0.47520 -0.83145
vn 0.37774 0.14653 -0.91424
vn 0.48071 0.30992 -0.82028
vn 0.47508 -0.41559 -0.77562
vn 0.37774 0.14653 -0.91424
vn 0.29642 0.39060 -0.87153
vn 0.36327 0.53547 -0.76244
vn 0.48071 0.30992 -0.82028
vn 0.29642 0.39060 -0.87153
vn 0.15608 0.47609 -0.86544
vn 0.21851 0.63603 -0.74008
vn 0.36327 0.53547 -0.76244
vn 0.15608 0.47609 -0.86544
vn -0.10034 0.43773 -0.89349
vn -0.03985 0.67155 -0.73988
vn 0.21851 0.63603 -0.74008
vn -0.10034 0.43773 -0.89349
vn -0.60574 0.06911 -0.79266
vn -0.69798 0.39934 -0.59444
vn -0.03985 0.67155 -0.73988
vn -0.60574 0.06911 -0.79266
vn -0.81348 -0.53295 -0.23285
vn -0.90030 -0.42665 0.08614
vn -0.69798 0.39934 -0.59444
vn -0.81348 -0.53295 -0.23285
vn -0.65663 -0.75097 0.06982
vn -0.66248 -0.68562 0.30172
vn -0.90030 -0.42665 0.08614
vn -0.65663 -0.75097 0.06982
vn -0.51110 -0.84877 0.13555
vn -0.50473 -0.79914 0.32652
vn -0.66248 -0.68562 0.30172
vn -0.50473 -0.79914 0.32652
vn -0.35344 -0.90032 0.25399
vn -0.33226 -0.86725 0.37079
vn -0.47825 -0.75607 0.44680
vn -0.35344 -0.90032 0.25399
vn -0.08089 -0.99590 -0.04042
vn -0.04701 -0.99273 0.11079
vn -0.33226 -0.86725 0.37079
vn -0.08089 -0.99590 -0.04042
vn 0.47508 -0.41559 -0.77562
vn 0.61492 -0.35791 -0.70269
vn -0.04701 -0.99273 0.11079
vn 0.47508 -0.41559 -0.77562
vn 0.48071 0.30992 -0.82028
vn 0.54012 0.39954 -0.74070
vn 0.61492 -0.35791 -0.70269
vn 0.48071 0.30992 -0.82028
vn 0.36327 0.53547 -0.76244
vn 0.40838 0.61162 -0.67760
vn 0.54012 0.39954 -0.74070
vn 0.36327 0.53547 -0.76244
vn 0.21851 0.63603 -0.74008
vn 0.27121 0.72403 -0.63422
vn 0.40838 0.61162 -0.67760
vn 0.21851 0.63603 -0.74008
vn -0.03985 0.67155 -0.73988
vn 0.03549 0.81307 -0.58109
vn 0.27121 0.72403 -0.63422
vn -0.03985 0.67155 -0.73988
vn -0.69798 0.39934 -0.59444
vn -0.66132 0.68793 -0.29902
vn 0.03549 0.81307 -0.58109
vn -0.69798 0.39934 -0.59444
vn -0.90030 -0.42665 0.08614
vn -0.87279 -0.31604 0.37197
vn -0.66132 0.68793 -0.29902
vn -0.90030 -0.42665 0.08614
vn -0.66248 -0.68562 0.30172
vn -0.62707 -0.62566 0.46404
vn -0.87279 -0.31604 0.37197
vn -0.66248 -0.68562 0.30172
vn -0.50473 -0.79914 0.32652
vn -0.47825 -0.75607 0.44680
vn -0.62707 -0.62566 0.46404
vn -0.47825 -0.75607 0.44680
vn -0.33226 -0.86725 0.37079
vn -0.30187 -0.84553 0.44041
vn -0.43762 -0.72821 0.52745
vn -0.33226 -0.86725 0.37079
vn -0.04701 -0.99273 0.11079
vn -0.01139 -0.98022 0.19760
vn -0.30187 -0.84553 0.44041
vn -0.04701 -0.99273 0.11079
vn 0.61492 -0.35791 -0.70269
vn 0.70269 -0.32120 -0.63486
vn -0.01139 -0.98022 0.19760
vn 0.61492 -0.35791 -0.70269
vn 0.54012 0.39954 -0.74070
vn 0.58201 0.44014 -0.68377
vn 0.70269 -0.32120 -0.63486
vn 0.54012 0.39954 -0.74070
vn 0.40838 0.61162 -0.67760
vn 0.44972 0.64808 -0.61461
vn 0.58201 0.44014 -0.68377
vn 0.40838 0.61162 -0.67760
vn 0.27121 0.72403 -0.63422
vn 0.32789 0.76925 -0.54841
vn 0.44972 0.64808 -0.61461
vn 0.27121 0.72403 -0.63422
vn 0.03549 0.81307 -0.58109
vn 0.13039 0.88929 -0.43837
vn 0.32789 0.76925 -0.54841
vn 0.03549 0.81307 -0.58109
vn -0.66132 0.68793 -0.29902
vn -0.49425 0.86918 0.01553
vn 0.13039 0.88929 -0.43837
vn -0.66132 0.68793 -0.29902
vn -0.87279 -0.31604 0.37197
vn -0.76092 -0.23480 0.60488
vn -0.49425 0.86918 0.01553
vn -0.87279 -0.31604 0.37197
vn -0.62707 -0.62566 0.46404
vn -0.56428 -0.58456 0.58300
vn -0.76092 -0.23480 0.60488
vn -0.62707 -0.62566 0.46404
vn -0.47825 -0.75607 0.44680
vn -0.43762 -0.72821 0.52745
vn -0.56428 -0.58456 0.58300
vn -0.43762 -0.72821 0.52745
vn -0.30187 -0.84553 0.44041
vn -0.27092 -0.83778 0.47406
vn -0.39219 -0.71694 0.57635
vn -0.30187 -0.84553 0.44041
vn -0.01139 -0.98022 0.19760
vn 0.01584 -0.97361 0.22768
vn -0.27092 -0.83778 0.47406
vn -0.01139 -0.98022 0.19760
vn 0.70269 -0.32120 -0.63486
vn 0.73578 -0.31287 -0.60062
vn 0.01584 -0.97361 0.22768
vn 0.70269 -0.32120 -0.63486
vn 0.58201 0.44014 -0.68377
vn 0.60970 0.44755 -0.65419
vn 0.73578 -0.31287 -0.60062
vn 0.58201 0.44014 -0.68377
vn 0.44972 0.64808 -0.61461
vn 0.48684 0.65761 -0.57492
vn 0.60970 0.44755 -0.65419
vn 0.44972 0.64808 -0.61461
vn 0.32789 0.76925 -0.54841
vn 0.38540 0.78374 -0.48706
vn 0.48684 0.65761 -0.57492
vn 0.32789 0.76925 -0.54841
vn 0.13039 0.88929 -0.43837
vn 0.23356 0.91520 -0.32842
vn 0.38540 0.78374 -0.48706
vn 0.13039 0.88929 -0.43837
vn -0.49425 0.86918 0.01553
vn -0.26241 0.92817 0.26389
vn 0.23356 0.91520 -0.32842
vn -0.49425 0.86918 0.01553
vn -0.76092 -0.23480 0.60488
vn -0.60865 -0.19718 0.76854
vn -0.26241 0.92817 0.26389
vn -0.76092 -0.23480 0.60488
vn -0.56428 -0.58456 0.58300
vn -0.48944 -0.56609 0.66332
vn -0.60865 -0.19718 0.76854
vn -0.56428 -0.58456 0.58300
vn -0.43762 -0.72821 0.52745
vn -0.39219 -0.71694 0.57635
vn -0.48944 -0.56609 0.66332
vn -0.39219 -0.71694 0.57635
vn -0.27092 -0.83778 0.47406
vn -0.24127 -0.83992 0.48613
vn -0.34606 -0.71813 0.60376
vn -0.27092 -0.83778 0.47406
vn 0.01584 -0.97361 0.22768
vn 0.03641 -0.97351 0.22574
vn -0.24127 -0.83992 0.48613
vn 0.01584 -0.97361 0.22768
vn 0.73578 -0.31287 -0.60062
vn 0.73892 -0.32217 -0.59179
vn 0.03641 -0.97351 0.22574
vn 0.73578 -0.31287 -0.60062
vn 0.60970 0.44755 -0.65419
vn 0.62933 0.43704 -0.64260
vn 0.73892 -0.32217 -0.59179
vn 0.60970 0.44755 -0.65419
vn 0.48684 0.65761 -0.57492
vn 0.52083 0.65116 -0.55202
vn 0.62933 0.43704 -0.64260
vn 0.48684 0.65761 -0.57492
vn 0.38540 0.78374 -0.48706
vn 0.44179 0.77843 -0.44595
vn 0.52083 0.65116 -0.55202
vn 0.38540 0.78374 -0.48706
vn 0.23356 0.91520 -0.32842
vn 0.33715 0.90752 -0.25047
vn 0.44179 0.77843 -0.44595
vn 0.23356 0.91520 -0.32842
vn -0.26241 0.92817 0.26389
vn -0.02191 0.90291 0.42927
vn 0.33715 0.90752 -0.25047
vn -0.26241 0.92817 0.26389
vn -0.60865 -0.19718 0.76854
vn -0.44599 -0.19674 0.87315
vn -0.02191 0.90291 0.42927
vn -0.60865 -0.19718 0.76854
vn -0.48944 -0.56609 0.66332
vn -0.41138 -0.56601 0.71442
vn -0.44599 -0.19674 0.87315
vn -0.48944 -0.56609 0.66332
vn -0.39219 -0.71694 0.57635
vn -0.34606 -0.71813 0.60376
vn -0.41138 -0.56601 0.71442
vn -0.34606 -0.71813 0.60376
vn -0.24127 -0.83992 0.48613
vn -0.19722 -0.84679 0.49401
vn -0.28840 -0.72693 0.62322
vn -0.24127 -0.83992 0.48613
vn 0.03641 -0.97351 0.22574
vn 0.07953 -0.97146 0.22346
vn -0.19722 -0.84679 0.49401
vn 0.03641 -0.97351 0.22574
vn 0.73892 -0.32217 -0.59179
vn 0.75543 -0.33722 -0.56179
vn 0.07953 -0.97146 0.22346
vn 0.73892 -0.32217 -0.59179
vn 0.62933 0.43704 -0.64260
vn 0.66096 0.41384 -0.62599
vn 0.75543 -0.33722 -0.56179
vn 0.62933 0.43704 -0.64260
vn 0.52083 0.65116 -0.55202
vn 0.56396 0.63283 -0.53055
vn 0.66096 0.41384 -0.62599
vn 0.52083 0.65116 -0.55202
vn 0.44179 0.77843 -0.44595
vn 0.50632 0.75795 -0.41127
vn 0.56396 0.63283 -0.53055
vn 0.44179 0.77843 -0.44595
vn 0.33715 0.90752 -0.25047
vn 0.44928 0.87341 -0.18791
vn 0.50632 0.75795 -0.41127
vn 0.33715 0.90752 -0.25047
vn -0.02191 0.90291 0.42927
vn 0.22519 0.81393 0.53554
vn 0.44928 0.87341 -0.18791
vn -0.02191 0.90291 0.42927
vn -0.44599 -0.19674 0.87315
vn -0.26583 -0.22169 0.93818
vn 0.22519 0.81393 0.53554
vn -0.44599 -0.19674 0.87315
vn -0.41138 -0.56601 0.71442
vn -0.32103 -0.57800 0.75024
vn -0.26583 -0.22169 0.93818
vn -0.41138 -0.56601 0.71442
vn -0.34606 -0.71813 0.60376
vn -0.28840 -0.72693 0.62322
vn -0.32103 -0.57800 0.75024
vn -0.28840 -0.72693 0.62322
vn -0.19722 -0.84679 0.49401
vn -0.10293 -0.85361 0.51064
vn -0.19006 -0.74008 0.64510
vn -0.19722 -0.84679 0.49401
vn 0.07953 -0.97146 0.22346
vn 0.19665 -0.94945 0.24470
vn -0.10293 -0.85361 0.51064
vn 0.07953 -0.97146 0.22346
vn 0.75543 -0.33722 -0.56179
vn 0.82120 -0.35225 -0.44894
vn 0.19665 -0.94945 0.24470
vn 0.75543 -0.33722 -0.56179
vn 0.66096 0.41384 -0.62599
vn 0.73510 0.36481 -0.57144
vn 0.82120 -0.35225 -0.44894
vn 0.66096 0.41384 -0.62599
vn 0.56396 0.63283 -0.53055
vn 0.63998 0.59276 -0.48894
vn 0.73510 0.36481 -0.57144
vn 0.56396 0.63283 -0.53055
vn 0.50632 0.75795 -0.41127
vn 0.60018 0.71275 -0.36301
vn 0.63998 0.59276 -0.48894
vn 0.50632 0.75795 -0.41127
vn 0.44928 0.87341 -0.18791
vn 0.59147 0.79779 -0.11703
vn 0.60018 0.71275 -0.36301
vn 0.44928 0.87341 -0.18791
vn 0.22519 0.81393 0.53554
vn 0.49247 0.63877 0.59114
vn 0.59147 0.79779 -0.11703
vn 0.22519 0.81393 0.53554
vn -0.26583 -0.22169 0.93818
vn -0.03069 -0.26406 0.96402
vn 0.49247 0.63877 0.59114
vn -0.26583 -0.22169 0.93818
vn -0.32103 -0.57800 0.75024
vn -0.18799 -0.59718 0.77976
vn -0.03069 -0.26406 0.96402
vn -0.32103 -0.57800 0.75024
vn -0.28840 -0.72693 0.62322
vn -0.19006 -0.74008 0.64510
vn -0.18799 -0.59718 0.77976
vn -0.19006 -0.74008 0.64510
vn -0.10293 -0.85361 0.51064
vn 0.15754 -0.82333 0.54527
vn 0.05812 -0.73622 0.67424
vn -0.10293 -0.85361 0.51064
vn 0.19665 -0.94945 0.24470
vn 0.48177 -0.81876 0.31231
vn 0.15754 -0.82333 0.54527
vn 0.19665 -0.94945 0.24470
vn 0.82120 -0.35225 -0.44894
vn 0.92682 -0.34239 -0.15415
vn 0.48177 -0.81876 0.31231
vn 0.82120 -0.35225 -0.44894
vn 0.73510 0.36481 -0.57144
vn 0.89928 0.22715 -0.37375
vn 0.92682 -0.34239 -0.15415
vn 0.73510 0.36481 -0.57144
vn 0.63998 0.59276 -0.48894
vn 0.80973 0.46944 -0.35209
vn 0.89928 0.22715 -0.37375
vn 0.63998 0.59276 -0.48894
vn 0.60018 0.71275 -0.36301
vn 0.78357 0.57558 -0.23394
vn 0.80973 0.46944 -0.35209
vn 0.60018 0.71275 -0.36301
vn 0.59147 0.79779 -0.11703
vn 0.81130 0.58415 0.02365
vn 0.78357 0.57558 -0.23394
vn 0.59147 0.79779 -0.11703
vn 0.49247 0.63877 0.59114
vn 0.76771 0.30322 0.56452
vn 0.81130 0.58415 0.02365
vn 0.49247 0.63877 0.59114
vn -0.03069 -0.26406 0.96402
vn 0.35535 -0.30583 0.88329
vn 0.76771 0.30322 0.56452
vn -0.03069 -0.26406 0.96402
vn -0.18799 -0.59718 0.77976
vn 0.10285 -0.60142 0.79228
vn 0.35535 -0.30583 0.88329
vn -0.18799 -0.59718 0.77976
vn -0.19006 -0.74008 0.64510
vn 0.05812 -0.73622 0.67424
vn 0.10285 -0.60142 0.79228
vn 0.05812 -0.73622 0.67424
vn 0.15754 -0.82333 0.54527
vn 0.89882 -0.22953 0.37341
vn 0.15754 -0.82333 0.54527
vn 0.48177 -0.81876 0.31231
vn 0.89882 -0.22953 0.37341
vn 0.48177 -0.81876 0.31231
vn 0.92682 -0.34239 -0.15415
vn 0.89882 -0.22953 0.37341
vn 0.92682 -0.34239 -0.15415
vn 0.89928 0.22715 -0.37375
vn 0.89882 -0.22953 0.37341
vn 0.89928 0.22715 -0.37375
vn 0.80973 0.46944 -0.35209
vn 0.89882 -0.22953 0.37341
vn 0.80973 0.46944 -0.35209
vn 0.78357 0.57558 -0.23394
vn 0.89882 -0.22953 0.37341
vn 0.78357 0.57558 -0.23394
vn 0.81130 0.58415 0.02365
vn 0.89882 -0.22953 0.37341
vn 0.81130 0.58415 0.02365
vn 0.76771 0.30322 0.56452
vn 0.89882 -0.22953 0.37341
vn 0.76771 0.30322 0.56452
vn 0.35535 -0.30583 0.88329
vn 0.89882 -0.22953 0.37341
vn 0.35535 -0.30583 0.88329
vn 0.10285 -0.60142 0.79228
vn 0.89882 -0.22953 0.37341
vn 0.10285 -0.60142 0.79228
vn 0.05812 -0.73622 0.67424
vn 0.89882 -0.22953 0.37341
f 897/1137/3697 898/1138/3698 899/1139/3699 
f 897/1140/3700 900/1141/3701 898/1138/3702 
f 897/1142/3703 901/1143/3704 900/1141/3705 
f 897/1144/3706 902/1145/3707 901/1143/3708 
f 897/1146/3709 903/1147/3710 902/1145/3711 
f 897/1148/3712 904/1149/3713 903/1147/3714 
f 897/1150/3715 905/1151/3716 904/1149/3717 
f 897/1152/3718 906/1153/3719 905/1151/3720 
f 897/1154/3721 907/1155/3722 906/1153/3723 
f 897/1156/3724 908/1157/3725 907/1155/3726 
f 897/1158/3727 899/1159/3728 908/1157/3729 
f 899/1139/3730 898/1138/3731 909/1160/3732 910/1161/3733 
f 898/1138/3734 900/1141/3735 911/1162/3736 909/1160/3737 
f 900/1141/3738 901/1143/3739 912/1163/3740 911/1162/3741 
f 901/1143/3742 902/1145/3743 913/1164/3744 912/1163/3745 
f 902/1145/3746 903/1147/3747 914/1165/3748 913/1164/3749 
f 903/1147/3750 904/1149/3751 915/1166/3752 914/1165/3753 
f 904/1149/3754 905/1151/3755 916/1167/3756 915/1166/3757 
f 905/1151/3758 906/1153/3759 917/1168/3760 916/1167/3761 
f 906/1153/3762 907/1155/3763 918/1169/3764 917/1168/3765 
f 907/1155/3766 908/1157/3767 919/1170/3768 918/1169/3769 
f 908/1157/3770 899/1159/3771 910/1171/3772 919/1170/3773 
f 910/1161/3774 909/1160/3775 920/1172/3776 921/1173/3777 
f 909/1160/3778 911/1162/3779 922/1174/3780 920/1172/3781 
f 911/1162/3782 912/1163/3783 923/1175/3784 922/1174/3785 
f 912/1163/3786 913/1164/3787 924/1176/3788 923/1175/3789 
f 913/1164/3790 914/1165/3791 925/1177/3792 924/1176/3793 
f 914/1165/3794 915/1166/3795 926/1178/3796 925/1177/3797 
f 915/1166/3798 916/1167/3799 927/1179/3800 926/1178/3801 
f 916/1167/3802 917/1168/3803 928/1180/3804 927/1179/3805 
f 917/1168/3806 918/1169/3807 929/1181/3808 928/1180/3809 
f 918/1169/3810 919/1170/3811 930/1182/3812 929/1181/3813 
f 919/1170/3814 910/1171/3815 921/1183/3816 930/1182/3817 
f 921/1173/3818 920/1172/3819 931/1184/3820 932/1185/3821 
f 920/1172/3822 922/1174/3823 933/1186/3824 931/1184/3825 
f 922/1174/3826 923/1175/3827 934/1187/3828 933/1186/3829 
f 923/1175/3830 924/1176/3831 935/1188/3832 934/1187/3833 
f 924/1176/3834 925/1177/3835 936/1189/3836 935/1188/3837 
f 925/1177/3838 926/1178/3839 937/1190/3840 936/1189/3841 
f 926/1178/3842 927/1179/3843 938/1191/3844 937/1190/3845 
f 927/1179/3846 928/1180/3847 939/1192/3848 938/1191/3849 
f 928/1180/3850 929/1181/3851 940/1193/3852 939/1192/3853 
f 929/1181/3854 930/1182/3855 941/1194/3856 940/1193/3857 
f 930/1182/3858 921/1183/3859 932/1195/3860 941/1194/3861 
f 932/1185/3862 931/1184/3863 942/1196/3864 943/1197/3865 
f 931/1184/3866 933/1186/3867 944/1198/3868 942/1196/3869 
f 933/1186/3870 934/1187/3871 945/1199/3872 944/1198/3873 
f 934/1187/3874 935/1188/3875 946/1200/3876 945/1199/3877 
f 935/1188/3878 936/1189/3879 947/1201/3880 946/1200/3881 
f 936/1189/3882 937/1190/3883 948/1202/3884 947/1201/3885 
f 937/1190/3886 938/1191/3887 949/1203/3888 948/1202/3889 
f 938/1191/3890 939/1192/3891 950/1204/3892 949/1203/3893 
f 939/1192/3894 940/1193/3895 951/1205/3896 950/1204/3897 
f 940/1193/3898 941/1194/3899 952/1206/3900 951/1205/3901 
f 941/1194/3902 932/1195/3903 943/1207/3904 952/1206/3905 
f 943/1197/3906 942/1196/3907 953/1208/3908 954/1209/3909 
f 942/1196/3910 944/1198/3911 955/1210/3912 953/1208/3913 
f 944/1198/3914 945/1199/3915 956/1211/3916 955/1210/3917 
f 945/1199/3918 946/1200/3919 957/1212/3920 956/1211/3921 
f 946/1200/3922 947/1201/3923 958/1213/3924 957/1212/3925 
f 947/1201/3926 948/1202/3927 959/1214/3928 958/1213/3929 
f 948/1202/3930 949/1203/3931 960/1215/3932 959/1214/3933 
f 949/1203/3934 950/1204/3935 961/1216/3936 960/1215/3937 
f 950/1204/3938 951/1205/3939 962/1217/3940 961/1216/3941 
f 951/1205/3942 952/1206/3943 963/1218/3944 962/1217/3945 
f 952/1206/3946 943/1207/3947 954/1219/3948 963/1218/3949 
f 954/1209/3950 953/1208/3951 964/1220/3952 965/1221/3953 
f 953/1208/3954 955/1210/3955 966/1222/3956 964/1220/3957 
f 955/1210/3958 956/1211/3959 967/1223/3960 966/1222/3961 
f 956/1211/3962 957/1212/3963 968/1224/3964 967/1223/3965 
f 957/1212/3966 958/1213/3967 969/1225/3968 968/1224/3969 
f 958/1213/3970 959/1214/3971 970/1226/3972 969/1225/3973 
f 959/1214/3974 960/1215/3975 971/1227/3976 970/1226/3977 
f 960/1215/3978 961/1216/3979 972/1228/3980 971/1227/3981 
f 961/1216/3982 962/1217/3983 973/1229/3984 972/1228/3985 
f 962/1217/3986 963/1218/3987 974/1230/3988 973/1229/3989 
f 963/1218/3990 954/1219/3991 965/1231/3992 974/1230/3993 
f 965/1221/3994 964/1220/3995 975/1232/3996 976/1233/3997 
f 964/1220/3998 966/1222/3999 977/1234/4000 975/1232/4001 
f 966/1222/4002 967/1223/4003 978/1235/4004 977/1234/4005 
f 967/1223/4006 968/1224/4007 979/1236/4008 978/1235/4009 
f 968/1224/4010 969/1225/4011 980/1237/4012 979/1236/4013 
f 969/1225/4014 970/1226/4015 981/1238/4016 980/1237/4017 
f 970/1226/4018 971/1227/4019 982/1239/4020 981/1238/4021 
f 971/1227/4022 972/1228/4023 983/1240/4024 982/1239/4025 
f 972/1228/4026 973/1229/4027 984/1241/4028 983/1240/4029 
f 973/1229/4030 974/1230/4031 985/1242/4032 984/1241/4033 
f 974/1230/4034 965/1231/4035 976/1243/4036 985/1242/4037 
f 976/1233/4038 975/1232/4039 986/1244/4040 987/1245/4041 
f 975/1232/4042 977/1234/4043 988/1246/4044 986/1244/4045 
f 977/1234/4046 978/1235/4047 989/1247/4048 988/1246/4049 
f 978/1235/4050 979/1236/4051 990/1248/4052 989/1247/4053 
f 979/1236/4054 980/1237/4055 991/1249/4056 990/1248/4057 
f 980/1237/4058 981/1238/4059 992/1250/4060 991/1249/4061 
f 981/1238/4062 982/1239/4063 993/1251/4064 992/1250/4065 
f 982/1239/4066 983/1240/4067 994/1252/4068 993/1251/4069 
f 983/1240/4070 984/1241/4071 995/1253/4072 994/1252/4073 
f 984/1241/4074 985/1242/4075 996/1254/4076 995/1253/4077 
f 985/1242/4078 976/1243/4079 987/1255/4080 996/1254/4081 
f 987/1245/4082 986/1244/4083 997/1256/4084 998/1257/4085 
f 986/1244/4086 988/1246/4087 999/1258/4088 997/1256/4089 
f 988/1246/4090 989/1247/4091 1000/1259/4092 999/1258/4093 
f 989/1247/4094 990/1248/4095 1001/1260/4096 1000/1259/4097 
f 990/1248/4098 991/1249/4099 1002/1261/4100 1001/1260/4101 
f 991/1249/4102 992/1250/4103 1003/1262/4104 1002/1261/4105 
f 992/1250/4106 993/1251/4107 1004/1263/4108 1003/1262/4109 
f 993/1251/4110 994/1252/4111 1005/1264/4112 1004/1263/4113 
f 994/1252/4114 995/1253/4115 1006/1265/4116 1005/1264/4117 
f 995/1253/4118 996/1254/4119 1007/1266/4120 1006/1265/4121 
f 996/1254/4122 987/1255/4123 998/1267/4124 1007/1266/4125 
f 998/1257/4126 997/1256/4127 1008/1268/4128 
f 997/1256/4129 999/1258/4130 1008/1269/4131 
f 999/1258/4132 1000/1259/4133 1008/1270/4134 
f 1000/1259/4135 1001/1260/4136 1008/1271/4137 
f 1001/1260/4138 1002/1261/4139 1008/1272/4140 
f 1002/1261/4141 1003/1262/4142 1008/1273/4143 
f 1003/1262/4144 1004/1263/4145 1008/1274/4146 
f 1004/1263/4147 1005/1264/4148 1008/1275/4149 
f 1005/1264/4150 1006/1265/4151 1008/1276/4152 
f 1006/1265/4153 1007/1266/4154 1008/1277/4155 
f 1007/1266/4156 998/1267/4157 1008/1278/4158 
o 009_Sphere_3
g Sphere_3
usemtl Samba 2
v -71.016 -23.220 46.830
v -69.763 -24.517 43.438
v -71.292 -20.715 45.414
v -69.264 -24.783 40.646
v -69.678 -23.934 39.340
v -70.873 -22.239 39.934
v -72.470 -20.236 42.241
v -73.961 -18.561 45.527
v -74.873 -17.746 48.750
v -74.918 -18.049 50.885
v -74.079 -19.375 51.256
v -72.625 -21.303 49.744
v -69.621 -28.859 41.419
v -72.415 -26.664 47.828
v -68.394 -29.176 36.134
v -69.123 -27.514 33.651
v -71.578 -24.401 34.759
v -74.978 -20.826 39.106
v -78.244 -17.922 45.311
v -80.340 -16.613 51.405
v -80.599 -17.314 55.453
v -78.940 -19.802 56.169
v -75.889 -23.288 53.327
v -70.622 -33.173 39.424
v -75.265 -30.814 47.963
v -68.382 -33.170 32.353
v -69.254 -30.807 28.995
v -72.963 -26.835 30.417
v -78.331 -22.513 36.167
v -83.654 -19.215 44.419
v -87.241 -17.988 52.554
v -87.953 -19.220 57.989
v -85.566 -22.522 58.997
v -80.836 -26.844 55.260
v -72.777 -37.002 37.501
v -79.153 -35.315 46.735
v -69.477 -36.324 29.789
v -70.303 -33.497 26.047
v -74.992 -29.418 27.463
v -82.054 -25.382 33.588
v -89.249 -22.671 42.478
v -94.291 -22.145 51.309
v -95.580 -23.971 57.278
v -92.707 -27.570 58.489
v -86.583 -31.799 54.560
v -76.247 -40.216 35.573
v -83.511 -39.730 43.844
v -72.312 -38.771 28.558
v -72.955 -35.854 25.028
v -77.972 -32.393 26.102
v -85.769 -29.484 31.441
v -93.872 -28.053 39.348
v -99.708 -28.553 47.314
v -101.424 -30.826 52.809
v -98.475 -34.150 54.089
v -91.797 -37.469 50.747
v -80.809 -43.112 33.318
v -87.661 -43.742 39.476
v -76.989 -41.194 27.967
v -77.414 -38.596 25.124
v -81.949 -36.144 25.689
v -89.155 -34.615 29.484
v -96.742 -34.496 35.305
v -102.303 -35.824 41.302
v -104.072 -38.178 45.572
v -101.487 -40.809 46.759
v -95.369 -42.883 44.487
v -85.025 -46.195 30.365
v -90.848 -47.475 34.514
v -81.724 -44.150 26.630
v -81.995 -41.990 24.496
v -85.750 -40.401 24.640
v -91.797 -39.887 27.017
v -98.218 -40.611 30.871
v -102.972 -42.344 34.979
v -104.551 -44.535 38.038
v -102.453 -46.489 39.075
v -97.345 -47.585 37.761
v -88.341 -49.159 27.073
v -92.911 -50.629 29.678
v -85.729 -47.276 24.617
v -85.904 -45.577 23.089
v -88.810 -44.601 22.974
v -93.525 -44.660 24.309
v -98.552 -45.733 26.670
v -102.294 -47.481 29.307
v -103.565 -49.348 31.384
v -101.959 -50.741 32.240
v -97.988 -51.219 31.604
v -90.922 -51.549 24.057
v -94.105 -52.815 25.543
v -89.096 -50.083 22.579
v -89.207 -48.883 21.578
v -91.219 -48.329 21.372
v -94.494 -48.598 22.026
v -97.992 -49.604 23.333
v -100.602 -51.027 24.877
v -101.495 -52.417 26.169
v -100.389 -53.331 26.798
v -97.634 -53.479 26.565
v -93.188 -53.039 21.884
v -94.836 -53.773 22.550
v -92.241 -52.228 21.192
v -92.297 -51.597 20.691
v -93.337 -51.348 20.541
v -95.032 -51.558 20.790
v -96.843 -52.162 21.359
v -98.195 -52.968 22.067
v -98.659 -53.719 22.689
v -98.088 -54.178 23.027
v -96.663 -54.198 22.976
v -95.425 -53.427 21.000
vt 0.00000 0.09091
vt 0.09091 0.09091
vt 0.04545 0.00000
vt 0.18182 0.09091
vt 0.13636 0.00000
vt 0.27273 0.09091
vt 0.22727 0.00000
vt 0.36364 0.09091
vt 0.31818 0.00000
vt 0.45455 0.09091
vt 0.40909 0.00000
vt 0.54545 0.09091
vt 0.50000 0.00000
vt 0.63636 0.09091
vt 0.59091 0.00000
vt 0.72727 0.09091
vt 0.68182 0.00000
vt 0.81818 0.09091
vt 0.77273 0.00000
vt 0.90909 0.09091
vt 0.86364 0.00000
vt 1.00000 0.09091
vt 0.95455 0.00000
vt 0.09091 0.18182
vt 0.00000 0.18182
vt 0.18182 0.18182
vt 0.27273 0.18182
vt 0.36364 0.18182
vt 0.45455 0.18182
vt 0.54545 0.18182
vt 0.63636 0.18182
vt 0.72727 0.18182
vt 0.81818 0.18182
vt 0.90909 0.18182
vt 1.00000 0.18182
vt 0.09091 0.27273
vt 0.00000 0.27273
vt 0.18182 0.27273
vt 0.27273 0.27273
vt 0.36364 0.27273
vt 0.45455 0.27273
vt 0.54545 0.27273
vt 0.63636 0.27273
vt 0.72727 0.27273
vt 0.81818 0.27273
vt 0.90909 0.27273
vt 1.00000 0.27273
vt 0.09091 0.36364
vt 0.00000 0.36364
vt 0.18182 0.36364
vt 0.27273 0.36364
vt 0.36364 0.36364
vt 0.45455 0.36364
vt 0.54545 0.36364
vt 0.63636 0.36364
vt 0.72727 0.36364
vt 0.81818 0.36364
vt 0.90909 0.36364
vt 1.00000 0.36364
vt 0.09091 0.45455
vt 0.00000 0.45455
vt 0.18182 0.45455
vt 0.27273 0.45455
vt 0.36364 0.45455
vt 0.45455 0.45455
vt 0.54545 0.45455
vt 0.63636 0.45455
vt 0.72727 0.45455
vt 0.81818 0.45455
vt 0.90909 0.45455
vt 1.00000 0.45455
vt 0.09091 0.54545
vt 0.00000 0.54545
vt 0.18182 0.54545
vt 0.27273 0.54545
vt 0.36364 0.54545
vt 0.45455 0.54545
vt 0.54545 0.54545
vt 0.63636 0.54545
vt 0.72727 0.54545
vt 0.81818 0.54545
vt 0.90909 0.54545
vt 1.00000 0.54545
vt 0.09091 0.63636
vt 0.00000 0.63636
vt 0.18182 0.63636
vt 0.27273 0.63636
vt 0.36364 0.63636
vt 0.45455 0.63636
vt 0.54545 0.63636
vt 0.63636 0.63636
vt 0.72727 0.63636
vt 0.81818 0.63636
vt 0.90909 0.63636
vt 1.00000 0.63636
vt 0.09091 0.72727
vt 0.00000 0.72727
vt 0.18182 0.72727
vt 0.27273 0.72727
vt 0.36364 0.72727
vt 0.45455 0.72727
vt 0.54545 0.72727
vt 0.63636 0.72727
vt 0.72727 0.72727
vt 0.81818 0.72727
vt 0.90909 0.72727
vt 1.00000 0.72727
vt 0.09091 0.81818
vt 0.00000 0.81818
vt 0.18182 0.81818
vt 0.27273 0.81818
vt 0.36364 0.81818
vt 0.45455 0.81818
vt 0.54545 0.81818
vt 0.63636 0.81818
vt 0.72727 0.81818
vt 0.81818 0.81818
vt 0.90909 0.81818
vt 1.00000 0.81818
vt 0.09091 0.90909
vt 0.00000 0.90909
vt 0.18182 0.90909
vt 0.27273 0.90909
vt 0.36364 0.90909
vt 0.45455 0.90909
vt 0.54545 0.90909
vt 0.63636 0.90909
vt 0.72727 0.90909
vt 0.81818 0.90909
vt 0.90909 0.90909
vt 1.00000 0.90909
vt 0.04545 1.00000
vt 0.13636 1.00000
vt 0.22727 1.00000
vt 0.31818 1.00000
vt 0.40909 1.00000
vt 0.50000 1.00000
vt 0.59091 1.00000
vt 0.68182 1.00000
vt 0.77273 1.00000
vt 0.86364 1.00000
vt 0.95455 1.00000
vn 0.91041 -0.00113 0.41370
vn 0.96311 0.01615 0.26863
vn 0.83763 0.54090 0.07618
vn 0.96311 0.01615 0.26863
vn 0.98005 0.19294 0.04768
vn 0.83763 0.54090 0.07618
vn 0.98005 0.19294 0.04768
vn 0.85268 0.48425 -0.19605
vn 0.83763 0.54090 0.07618
vn 0.85268 0.48425 -0.19605
vn 0.61729 0.71806 -0.32148
vn 0.83763 0.54090 0.07618
vn 0.61729 0.71806 -0.32148
vn 0.44621 0.84078 -0.30658
vn 0.83763 0.54090 0.07618
vn 0.44621 0.84078 -0.30658
vn 0.39634 0.89679 -0.19668
vn 0.83763 0.54090 0.07618
vn 0.39634 0.89679 -0.19668
vn 0.47139 0.88192 0.00003
vn 0.83763 0.54090 0.07618
vn 0.47139 0.88192 0.00003
vn 0.64453 0.71805 0.26267
vn 0.83763 0.54090 0.07618
vn 0.64453 0.71805 0.26267
vn 0.79509 0.40069 0.45528
vn 0.83763 0.54090 0.07618
vn 0.79509 0.40069 0.45528
vn 0.86393 0.12755 0.48720
vn 0.83763 0.54090 0.07618
vn 0.86393 0.12755 0.48720
vn 0.91041 -0.00113 0.41370
vn 0.83763 0.54090 0.07618
vn 0.87002 -0.32658 0.36933
vn 0.96311 0.01615 0.26863
vn 0.91041 -0.00113 0.41370
vn 0.76559 -0.32514 0.55512
vn 0.99272 -0.11209 0.04418
vn 0.98005 0.19294 0.04768
vn 0.96311 0.01615 0.26863
vn 0.87002 -0.32658 0.36933
vn 0.80699 0.41804 -0.41715
vn 0.85268 0.48425 -0.19605
vn 0.98005 0.19294 0.04768
vn 0.99272 -0.11209 0.04418
vn 0.35301 0.75718 -0.54961
vn 0.61729 0.71806 -0.32148
vn 0.85268 0.48425 -0.19605
vn 0.80699 0.41804 -0.41715
vn 0.10907 0.87634 -0.46919
vn 0.44621 0.84078 -0.30658
vn 0.61729 0.71806 -0.32148
vn 0.35301 0.75718 -0.54961
vn 0.02703 0.94926 -0.31333
vn 0.39634 0.89679 -0.19668
vn 0.44621 0.84078 -0.30658
vn 0.10907 0.87634 -0.46919
vn 0.08477 0.99560 -0.04003
vn 0.47139 0.88192 0.00003
vn 0.39634 0.89679 -0.19668
vn 0.02703 0.94926 -0.31333
vn 0.35213 0.82233 0.44696
vn 0.64453 0.71805 0.26267
vn 0.47139 0.88192 0.00003
vn 0.08477 0.99560 -0.04003
vn 0.61915 0.21995 0.75384
vn 0.79509 0.40069 0.45528
vn 0.64453 0.71805 0.26267
vn 0.35213 0.82233 0.44696
vn 0.70011 -0.17556 0.69212
vn 0.86393 0.12755 0.48720
vn 0.79509 0.40069 0.45528
vn 0.61915 0.21995 0.75384
vn 0.76559 -0.32514 0.55512
vn 0.91041 -0.00113 0.41370
vn 0.86393 0.12755 0.48720
vn 0.70011 -0.17556 0.69212
vn 0.75447 -0.51251 0.41002
vn 0.87002 -0.32658 0.36933
vn 0.76559 -0.32514 0.55512
vn 0.62515 -0.49701 0.60181
vn 0.94071 -0.33591 0.04720
vn 0.99272 -0.11209 0.04418
vn 0.87002 -0.32658 0.36933
vn 0.75447 -0.51251 0.41002
vn 0.72989 0.34814 -0.58826
vn 0.80699 0.41804 -0.41715
vn 0.99272 -0.11209 0.04418
vn 0.94071 -0.33591 0.04720
vn 0.15175 0.73629 -0.65944
vn 0.35301 0.75718 -0.54961
vn 0.80699 0.41804 -0.41715
vn 0.72989 0.34814 -0.58826
vn -0.09879 0.84048 -0.53276
vn 0.10907 0.87634 -0.46919
vn 0.35301 0.75718 -0.54961
vn 0.15175 0.73629 -0.65944
vn -0.20780 0.90803 -0.36374
vn 0.02703 0.94926 -0.31333
vn 0.10907 0.87634 -0.46919
vn -0.09879 0.84048 -0.53276
vn -0.22733 0.97118 -0.07167
vn 0.08477 0.99560 -0.04003
vn 0.02703 0.94926 -0.31333
vn -0.20780 0.90803 -0.36374
vn -0.02314 0.81476 0.57934
vn 0.35213 0.82233 0.44696
vn 0.08477 0.99560 -0.04003
vn -0.22733 0.97118 -0.07167
vn 0.37279 0.01600 0.92778
vn 0.61915 0.21995 0.75384
vn 0.35213 0.82233 0.44696
vn -0.02314 0.81476 0.57934
vn 0.52411 -0.36977 0.76719
vn 0.70011 -0.17556 0.69212
vn 0.61915 0.21995 0.75384
vn 0.37279 0.01600 0.92778
vn 0.62515 -0.49701 0.60181
vn 0.76559 -0.32514 0.55512
vn 0.70011 -0.17556 0.69212
vn 0.52411 -0.36977 0.76719
vn 0.66237 -0.62353 0.41531
vn 0.75447 -0.51251 0.41002
vn 0.62515 -0.49701 0.60181
vn 0.51602 -0.60822 0.60315
vn 0.87276 -0.48654 0.03958
vn 0.94071 -0.33591 0.04720
vn 0.75447 -0.51251 0.41002
vn 0.66237 -0.62353 0.41531
vn 0.64492 0.27477 -0.71315
vn 0.72989 0.34814 -0.58826
vn 0.94071 -0.33591 0.04720
vn 0.87276 -0.48654 0.03958
vn 0.01831 0.69474 -0.71903
vn 0.15175 0.73629 -0.65944
vn 0.72989 0.34814 -0.58826
vn 0.64492 0.27477 -0.71315
vn -0.22902 0.78796 -0.57155
vn -0.09879 0.84048 -0.53276
vn 0.15175 0.73629 -0.65944
vn 0.01831 0.69474 -0.71903
vn -0.36410 0.83886 -0.40466
vn -0.20780 0.90803 -0.36374
vn -0.09879 0.84048 -0.53276
vn -0.22902 0.78796 -0.57155
vn -0.46502 0.87688 -0.12185
vn -0.22733 0.97118 -0.07167
vn -0.20780 0.90803 -0.36374
vn -0.36410 0.83886 -0.40466
vn -0.42120 0.67651 0.60408
vn -0.02314 0.81476 0.57934
vn -0.22733 0.97118 -0.07167
vn -0.46502 0.87688 -0.12185
vn 0.11790 -0.20208 0.97225
vn 0.37279 0.01600 0.92778
vn -0.02314 0.81476 0.57934
vn -0.42120 0.67651 0.60408
vn 0.37442 -0.51502 0.77108
vn 0.52411 -0.36977 0.76719
vn 0.37279 0.01600 0.92778
vn 0.11790 -0.20208 0.97225
vn 0.51602 -0.60822 0.60315
vn 0.62515 -0.49701 0.60181
vn 0.52411 -0.36977 0.76719
vn 0.37442 -0.51502 0.77108
vn 0.60133 -0.69339 0.39701
vn 0.66237 -0.62353 0.41531
vn 0.51602 -0.60822 0.60315
vn 0.43997 -0.68927 0.57562
vn 0.81858 -0.57410 0.01814
vn 0.87276 -0.48654 0.03958
vn 0.66237 -0.62353 0.41531
vn 0.60133 -0.69339 0.39701
vn 0.57872 0.21007 -0.78801
vn 0.64492 0.27477 -0.71315
vn 0.87276 -0.48654 0.03958
vn 0.81858 -0.57410 0.01814
vn -0.05629 0.64985 -0.75797
vn 0.01831 0.69474 -0.71903
vn 0.64492 0.27477 -0.71315
vn 0.57872 0.21007 -0.78801
vn -0.30598 0.73305 -0.60746
vn -0.22902 0.78796 -0.57155
vn 0.01831 0.69474 -0.71903
vn -0.05629 0.64985 -0.75797
vn -0.46462 0.76107 -0.45265
vn -0.36410 0.83886 -0.40466
vn -0.22902 0.78796 -0.57155
vn -0.30598 0.73305 -0.60746
vn -0.62962 0.75112 -0.19849
vn -0.46502 0.87688 -0.12185
vn -0.36410 0.83886 -0.40466
vn -0.46462 0.76107 -0.45265
vn -0.74280 0.44349 0.50157
vn -0.42120 0.67651 0.60408
vn -0.46502 0.87688 -0.12185
vn -0.62962 0.75112 -0.19849
vn -0.09122 -0.41340 0.90597
vn 0.11790 -0.20208 0.97225
vn -0.42120 0.67651 0.60408
vn -0.74280 0.44349 0.50157
vn 0.26214 -0.63348 0.72800
vn 0.37442 -0.51502 0.77108
vn 0.11790 -0.20208 0.97225
vn -0.09122 -0.41340 0.90597
vn 0.43997 -0.68927 0.57562
vn 0.51602 -0.60822 0.60315
vn 0.37442 -0.51502 0.77108
vn 0.26214 -0.63348 0.72800
vn 0.57262 -0.73216 0.36885
vn 0.60133 -0.69339 0.39701
vn 0.43997 -0.68927 0.57562
vn 0.39775 -0.74623 0.53380
vn 0.79491 -0.60670 -0.00508
vn 0.81858 -0.57410 0.01814
vn 0.60133 -0.69339 0.39701
vn 0.57262 -0.73216 0.36885
vn 0.55332 0.17621 -0.81411
vn 0.57872 0.21007 -0.78801
vn 0.81858 -0.57410 0.01814
vn 0.79491 -0.60670 -0.00508
vn -0.08176 0.61666 -0.78297
vn -0.05629 0.64985 -0.75797
vn 0.57872 0.21007 -0.78801
vn 0.55332 0.17621 -0.81411
vn -0.34062 0.68714 -0.64173
vn -0.30598 0.73305 -0.60746
vn -0.05629 0.64985 -0.75797
vn -0.08176 0.61666 -0.78297
vn -0.51794 0.68992 -0.50571
vn -0.46462 0.76107 -0.45265
vn -0.30598 0.73305 -0.60746
vn -0.34062 0.68714 -0.64173
vn -0.72276 0.62672 -0.29128
vn -0.62962 0.75112 -0.19849
vn -0.46462 0.76107 -0.45265
vn -0.51794 0.68992 -0.50571
vn -0.92598 0.19942 0.32061
vn -0.74280 0.44349 0.50157
vn -0.62962 0.75112 -0.19849
vn -0.72276 0.62672 -0.29128
vn -0.22272 -0.59074 0.77552
vn -0.09122 -0.41340 0.90597
vn -0.74280 0.44349 0.50157
vn -0.92598 0.19942 0.32061
vn 0.19347 -0.72621 0.65969
vn 0.26214 -0.63348 0.72800
vn -0.09122 -0.41340 0.90597
vn -0.22272 -0.59074 0.77552
vn 0.39775 -0.74623 0.53380
vn 0.43997 -0.68927 0.57562
vn 0.26214 -0.63348 0.72800
vn 0.19347 -0.72621 0.65969
vn 0.56560 -0.75265 0.33706
vn 0.57262 -0.73216 0.36885
vn 0.39775 -0.74623 0.53380
vn 0.38048 -0.78687 0.48587
vn 0.79267 -0.60904 -0.02710
vn 0.79491 -0.60670 -0.00508
vn 0.57262 -0.73216 0.36885
vn 0.56560 -0.75265 0.33706
vn 0.55597 0.16445 -0.81477
vn 0.55332 0.17621 -0.81411
vn 0.79491 -0.60670 -0.00508
vn 0.79267 -0.60904 -0.02710
vn -0.07853 0.59369 -0.80085
vn -0.08176 0.61666 -0.78297
vn 0.55332 0.17621 -0.81411
vn 0.55597 0.16445 -0.81477
vn -0.34833 0.65036 -0.67505
vn -0.34062 0.68714 -0.64173
vn -0.08176 0.61666 -0.78297
vn -0.07853 0.59369 -0.80085
vn -0.53814 0.62894 -0.56110
vn -0.51794 0.68992 -0.50571
vn -0.34062 0.68714 -0.64173
vn -0.34833 0.65036 -0.67505
vn -0.76199 0.51657 -0.39054
vn -0.72276 0.62672 -0.29128
vn -0.51794 0.68992 -0.50571
vn -0.53814 0.62894 -0.56110
vn -0.99328 -0.01037 0.11531
vn -0.92598 0.19942 0.32061
vn -0.72276 0.62672 -0.29128
vn -0.76199 0.51657 -0.39054
vn -0.28546 -0.73070 0.62015
vn -0.22272 -0.59074 0.77552
vn -0.92598 0.19942 0.32061
vn -0.99328 -0.01037 0.11531
vn 0.16022 -0.79839 0.58043
vn 0.19347 -0.72621 0.65969
vn -0.22272 -0.59074 0.77552
vn -0.28546 -0.73070 0.62015
vn 0.38048 -0.78687 0.48587
vn 0.39775 -0.74623 0.53380
vn 0.19347 -0.72621 0.65969
vn 0.16022 -0.79839 0.58043
vn 0.56413 -0.77395 0.28766
vn 0.56560 -0.75265 0.33706
vn 0.38048 -0.78687 0.48587
vn 0.37469 -0.82528 0.42251
vn 0.78536 -0.61479 -0.07241
vn 0.79267 -0.60904 -0.02710
vn 0.56560 -0.75265 0.33706
vn 0.56413 -0.77395 0.28766
vn 0.55175 0.12954 -0.82389
vn 0.55597 0.16445 -0.81477
vn 0.79267 -0.60904 -0.02710
vn 0.78536 -0.61479 -0.07241
vn -0.06592 0.55543 -0.82895
vn -0.07853 0.59369 -0.80085
vn 0.55597 0.16445 -0.81477
vn 0.55175 0.12954 -0.82389
vn -0.34279 0.60584 -0.71795
vn -0.34833 0.65036 -0.67505
vn -0.07853 0.59369 -0.80085
vn -0.06592 0.55543 -0.82895
vn -0.53834 0.56408 -0.62609
vn -0.53814 0.62894 -0.56110
vn -0.34833 0.65036 -0.67505
vn -0.34279 0.60584 -0.71795
vn -0.76414 0.40633 -0.50099
vn -0.76199 0.51657 -0.39054
vn -0.53814 0.62894 -0.56110
vn -0.53834 0.56408 -0.62609
vn -0.97467 -0.19642 -0.10691
vn -0.99328 -0.01037 0.11531
vn -0.76199 0.51657 -0.39054
vn -0.76414 0.40633 -0.50099
vn -0.30147 -0.84688 0.43808
vn -0.28546 -0.73070 0.62015
vn -0.99328 -0.01037 0.11531
vn -0.97467 -0.19642 -0.10691
vn 0.14755 -0.86291 0.48333
vn 0.16022 -0.79839 0.58043
vn -0.28546 -0.73070 0.62015
vn -0.30147 -0.84688 0.43808
vn 0.37469 -0.82528 0.42251
vn 0.38048 -0.78687 0.48587
vn 0.16022 -0.79839 0.58043
vn 0.14755 -0.86291 0.48333
vn 0.55203 -0.81349 0.18300
vn 0.56413 -0.77395 0.28766
vn 0.37469 -0.82528 0.42251
vn 0.36848 -0.87564 0.31220
vn 0.73747 -0.64880 -0.18761
vn 0.78536 -0.61479 -0.07241
vn 0.56413 -0.77395 0.28766
vn 0.55203 -0.81349 0.18300
vn 0.50305 0.01422 -0.86414
vn 0.55175 0.12954 -0.82389
vn 0.78536 -0.61479 -0.07241
vn 0.73747 -0.64880 -0.18761
vn -0.05090 0.45450 -0.88929
vn -0.06592 0.55543 -0.82895
vn 0.55175 0.12954 -0.82389
vn 0.50305 0.01422 -0.86414
vn -0.32645 0.51942 -0.78971
vn -0.34279 0.60584 -0.71795
vn -0.06592 0.55543 -0.82895
vn -0.05090 0.45450 -0.88929
vn -0.51953 0.46388 -0.71756
vn -0.53834 0.56408 -0.62609
vn -0.34279 0.60584 -0.71795
vn -0.32645 0.51942 -0.78971
vn -0.72518 0.26058 -0.63735
vn -0.76414 0.40633 -0.50099
vn -0.53834 0.56408 -0.62609
vn -0.51953 0.46388 -0.71756
vn -0.85506 -0.37636 -0.35668
vn -0.97467 -0.19642 -0.10691
vn -0.76414 0.40633 -0.50099
vn -0.72518 0.26058 -0.63735
vn -0.27859 -0.94101 0.19204
vn -0.30147 -0.84688 0.43808
vn -0.97467 -0.19642 -0.10691
vn -0.85506 -0.37636 -0.35668
vn 0.14347 -0.93099 0.33566
vn 0.14755 -0.86291 0.48333
vn -0.30147 -0.84688 0.43808
vn -0.27859 -0.94101 0.19204
vn 0.36848 -0.87564 0.31220
vn 0.37469 -0.82528 0.42251
vn 0.14755 -0.86291 0.48333
vn 0.14347 -0.93099 0.33566
vn 0.47281 -0.87614 -0.09395
vn 0.55203 -0.81349 0.18300
vn 0.36848 -0.87564 0.31220
vn 0.32692 -0.94429 0.03802
vn 0.54765 -0.70776 -0.44627
vn 0.73747 -0.64880 -0.18761
vn 0.55203 -0.81349 0.18300
vn 0.47281 -0.87614 -0.09395
vn 0.34024 -0.24673 -0.90739
vn 0.50305 0.01422 -0.86414
vn 0.73747 -0.64880 -0.18761
vn 0.54765 -0.70776 -0.44627
vn -0.03368 0.15734 -0.98697
vn -0.05090 0.45450 -0.88929
vn 0.50305 0.01422 -0.86414
vn 0.34024 -0.24673 -0.90739
vn -0.27809 0.27187 -0.92128
vn -0.32645 0.51942 -0.78971
vn -0.05090 0.45450 -0.88929
vn -0.03368 0.15734 -0.98697
vn -0.44652 0.21569 -0.86839
vn -0.51953 0.46388 -0.71756
vn -0.32645 0.51942 -0.78971
vn -0.27809 0.27187 -0.92128
vn -0.57709 -0.02392 -0.81633
vn -0.72518 0.26058 -0.63735
vn -0.51953 0.46388 -0.71756
vn -0.44652 0.21569 -0.86839
vn -0.55717 -0.54607 -0.62559
vn -0.85506 -0.37636 -0.35668
vn -0.72518 0.26058 -0.63735
vn -0.57709 -0.02392 -0.81633
vn -0.19904 -0.95683 -0.21180
vn -0.27859 -0.94101 0.19204
vn -0.85506 -0.37636 -0.35668
vn -0.55717 -0.54607 -0.62559
vn 0.12556 -0.99197 0.01509
vn 0.14347 -0.93099 0.33566
vn -0.27859 -0.94101 0.19204
vn -0.19904 -0.95683 -0.21180
vn 0.32692 -0.94429 0.03802
vn 0.36848 -0.87564 0.31220
vn 0.14347 -0.93099 0.33566
vn 0.12556 -0.99197 0.01509
vn -0.01604 -0.61623 -0.78740
vn 0.47281 -0.87614 -0.09395
vn 0.32692 -0.94429 0.03802
vn -0.01604 -0.61623 -0.78740
vn 0.54765 -0.70776 -0.44627
vn 0.47281 -0.87614 -0.09395
vn -0.01604 -0.61623 -0.78740
vn 0.34024 -0.24673 -0.90739
vn 0.54765 -0.70776 -0.44627
vn -0.01604 -0.61623 -0.78740
vn -0.03368 0.15734 -0.98697
vn 0.34024 -0.24673 -0.90739
vn -0.01604 -0.61623 -0.78740
vn -0.27809 0.27187 -0.92128
vn -0.03368 0.15734 -0.98697
vn -0.01604 -0.61623 -0.78740
vn -0.44652 0.21569 -0.86839
vn -0.27809 0.27187 -0.92128
vn -0.01604 -0.61623 -0.78740
vn -0.57709 -0.02392 -0.81633
vn -0.44652 0.21569 -0.86839
vn -0.01604 -0.61623 -0.78740
vn -0.55717 -0.54607 -0.62559
vn -0.57709 -0.02392 -0.81633
vn -0.01604 -0.61623 -0.78740
vn -0.19904 -0.95683 -0.21180
vn -0.55717 -0.54607 -0.62559
vn -0.01604 -0.61623 -0.78740
vn 0.12556 -0.99197 0.01509
vn -0.19904 -0.95683 -0.21180
vn -0.01604 -0.61623 -0.78740
vn 0.32692 -0.94429 0.03802
vn 0.12556 -0.99197 0.01509
f 1009/1279/4159 1010/1280/4160 1011/1281/4161 
f 1010/1280/4162 1012/1282/4163 1011/1283/4164 
f 1012/1282/4165 1013/1284/4166 1011/1285/4167 
f 1013/1284/4168 1014/1286/4169 1011/1287/4170 
f 1014/1286/4171 1015/1288/4172 1011/1289/4173 
f 1015/1288/4174 1016/1290/4175 1011/1291/4176 
f 1016/1290/4177 1017/1292/4178 1011/1293/4179 
f 1017/1292/4180 1018/1294/4181 1011/1295/4182 
f 1018/1294/4183 1019/1296/4184 1011/1297/4185 
f 1019/1296/4186 1020/1298/4187 1011/1299/4188 
f 1020/1298/4189 1009/1300/4190 1011/1301/4191 
f 1021/1302/4192 1010/1280/4193 1009/1279/4194 1022/1303/4195 
f 1023/1304/4196 1012/1282/4197 1010/1280/4198 1021/1302/4199 
f 1024/1305/4200 1013/1284/4201 1012/1282/4202 1023/1304/4203 
f 1025/1306/4204 1014/1286/4205 1013/1284/4206 1024/1305/4207 
f 1026/1307/4208 1015/1288/4209 1014/1286/4210 1025/1306/4211 
f 1027/1308/4212 1016/1290/4213 1015/1288/4214 1026/1307/4215 
f 1028/1309/4216 1017/1292/4217 1016/1290/4218 1027/1308/4219 
f 1029/1310/4220 1018/1294/4221 1017/1292/4222 1028/1309/4223 
f 1030/1311/4224 1019/1296/4225 1018/1294/4226 1029/1310/4227 
f 1031/1312/4228 1020/1298/4229 1019/1296/4230 1030/1311/4231 
f 1022/1313/4232 1009/1300/4233 1020/1298/4234 1031/1312/4235 
f 1032/1314/4236 1021/1302/4237 1022/1303/4238 1033/1315/4239 
f 1034/1316/4240 1023/1304/4241 1021/1302/4242 1032/1314/4243 
f 1035/1317/4244 1024/1305/4245 1023/1304/4246 1034/1316/4247 
f 1036/1318/4248 1025/1306/4249 1024/1305/4250 1035/1317/4251 
f 1037/1319/4252 1026/1307/4253 1025/1306/4254 1036/1318/4255 
f 1038/1320/4256 1027/1308/4257 1026/1307/4258 1037/1319/4259 
f 1039/1321/4260 1028/1309/4261 1027/1308/4262 1038/1320/4263 
f 1040/1322/4264 1029/1310/4265 1028/1309/4266 1039/1321/4267 
f 1041/1323/4268 1030/1311/4269 1029/1310/4270 1040/1322/4271 
f 1042/1324/4272 1031/1312/4273 1030/1311/4274 1041/1323/4275 
f 1033/1325/4276 1022/1313/4277 1031/1312/4278 1042/1324/4279 
f 1043/1326/4280 1032/1314/4281 1033/1315/4282 1044/1327/4283 
f 1045/1328/4284 1034/1316/4285 1032/1314/4286 1043/1326/4287 
f 1046/1329/4288 1035/1317/4289 1034/1316/4290 1045/1328/4291 
f 1047/1330/4292 1036/1318/4293 1035/1317/4294 1046/1329/4295 
f 1048/1331/4296 1037/1319/4297 1036/1318/4298 1047/1330/4299 
f 1049/1332/4300 1038/1320/4301 1037/1319/4302 1048/1331/4303 
f 1050/1333/4304 1039/1321/4305 1038/1320/4306 1049/1332/4307 
f 1051/1334/4308 1040/1322/4309 1039/1321/4310 1050/1333/4311 
f 1052/1335/4312 1041/1323/4313 1040/1322/4314 1051/1334/4315 
f 1053/1336/4316 1042/1324/4317 1041/1323/4318 1052/1335/4319 
f 1044/1337/4320 1033/1325/4321 1042/1324/4322 1053/1336/4323 
f 1054/1338/4324 1043/1326/4325 1044/1327/4326 1055/1339/4327 
f 1056/1340/4328 1045/1328/4329 1043/1326/4330 1054/1338/4331 
f 1057/1341/4332 1046/1329/4333 1045/1328/4334 1056/1340/4335 
f 1058/1342/4336 1047/1330/4337 1046/1329/4338 1057/1341/4339 
f 1059/1343/4340 1048/1331/4341 1047/1330/4342 1058/1342/4343 
f 1060/1344/4344 1049/1332/4345 1048/1331/4346 1059/1343/4347 
f 1061/1345/4348 1050/1333/4349 1049/1332/4350 1060/1344/4351 
f 1062/1346/4352 1051/1334/4353 1050/1333/4354 1061/1345/4355 
f 1063/1347/4356 1052/1335/4357 1051/1334/4358 1062/1346/4359 
f 1064/1348/4360 1053/1336/4361 1052/1335/4362 1063/1347/4363 
f 1055/1349/4364 1044/1337/4365 1053/1336/4366 1064/1348/4367 
f 1065/1350/4368 1054/1338/4369 1055/1339/4370 1066/1351/4371 
f 1067/1352/4372 1056/1340/4373 1054/1338/4374 1065/1350/4375 
f 1068/1353/4376 1057/1341/4377 1056/1340/4378 1067/1352/4379 
f 1069/1354/4380 1058/1342/4381 1057/1341/4382 1068/1353/4383 
f 1070/1355/4384 1059/1343/4385 1058/1342/4386 1069/1354/4387 
f 1071/1356/4388 1060/1344/4389 1059/1343/4390 1070/1355/4391 
f 1072/1357/4392 1061/1345/4393 1060/1344/4394 1071/1356/4395 
f 1073/1358/4396 1062/1346/4397 1061/1345/4398 1072/1357/4399 
f 1074/1359/4400 1063/1347/4401 1062/1346/4402 1073/1358/4403 
f 1075/1360/4404 1064/1348/4405 1063/1347/4406 1074/1359/4407 
f 1066/1361/4408 1055/1349/4409 1064/1348/4410 1075/1360/4411 
f 1076/1362/4412 1065/1350/4413 1066/1351/4414 1077/1363/4415 
f 1078/1364/4416 1067/1352/4417 1065/1350/4418 1076/1362/4419 
f 1079/1365/4420 1068/1353/4421 1067/1352/4422 1078/1364/4423 
f 1080/1366/4424 1069/1354/4425 1068/1353/4426 1079/1365/4427 
f 1081/1367/4428 1070/1355/4429 1069/1354/4430 1080/1366/4431 
f 1082/1368/4432 1071/1356/4433 1070/1355/4434 1081/1367/4435 
f 1083/1369/4436 1072/1357/4437 1071/1356/4438 1082/1368/4439 
f 1084/1370/4440 1073/1358/4441 1072/1357/4442 1083/1369/4443 
f 1085/1371/4444 1074/1359/4445 1073/1358/4446 1084/1370/4447 
f 1086/1372/4448 1075/1360/4449 1074/1359/4450 1085/1371/4451 
f 1077/1373/4452 1066/1361/4453 1075/1360/4454 1086/1372/4455 
f 1087/1374/4456 1076/1362/4457 1077/1363/4458 1088/1375/4459 
f 1089/1376/4460 1078/1364/4461 1076/1362/4462 1087/1374/4463 
f 1090/1377/4464 1079/1365/4465 1078/1364/4466 1089/1376/4467 
f 1091/1378/4468 1080/1366/4469 1079/1365/4470 1090/1377/4471 
f 1092/1379/4472 1081/1367/4473 1080/1366/4474 1091/1378/4475 
f 1093/1380/4476 1082/1368/4477 1081/1367/4478 1092/1379/4479 
f 1094/1381/4480 1083/1369/4481 1082/1368/4482 1093/1380/4483 
f 1095/1382/4484 1084/1370/4485 1083/1369/4486 1094/1381/4487 
f 1096/1383/4488 1085/1371/4489 1084/1370/4490 1095/1382/4491 
f 1097/1384/4492 1086/1372/4493 1085/1371/4494 1096/1383/4495 
f 1088/1385/4496 1077/1373/4497 1086/1372/4498 1097/1384/4499 
f 1098/1386/4500 1087/1374/4501 1088/1375/4502 1099/1387/4503 
f 1100/1388/4504 1089/1376/4505 1087/1374/4506 1098/1386/4507 
f 1101/1389/4508 1090/1377/4509 1089/1376/4510 1100/1388/4511 
f 1102/1390/4512 1091/1378/4513 1090/1377/4514 1101/1389/4515 
f 1103/1391/4516 1092/1379/4517 1091/1378/4518 1102/1390/4519 
f 1104/1392/4520 1093/1380/4521 1092/1379/4522 1103/1391/4523 
f 1105/1393/4524 1094/1381/4525 1093/1380/4526 1104/1392/4527 
f 1106/1394/4528 1095/1382/4529 1094/1381/4530 1105/1393/4531 
f 1107/1395/4532 1096/1383/4533 1095/1382/4534 1106/1394/4535 
f 1108/1396/4536 1097/1384/4537 1096/1383/4538 1107/1395/4539 
f 1099/1397/4540 1088/1385/4541 1097/1384/4542 1108/1396/4543 
f 1109/1398/4544 1098/1386/4545 1099/1387/4546 1110/1399/4547 
f 1111/1400/4548 1100/1388/4549 1098/1386/4550 1109/1398/4551 
f 1112/1401/4552 1101/1389/4553 1100/1388/4554 1111/1400/4555 
f 1113/1402/4556 1102/1390/4557 1101/1389/4558 1112/1401/4559 
f 1114/1403/4560 1103/1391/4561 1102/1390/4562 1113/1402/4563 
f 1115/1404/4564 1104/1392/4565 1103/1391/4566 1114/1403/4567 
f 1116/1405/4568 1105/1393/4569 1104/1392/4570 1115/1404/4571 
f 1117/1406/4572 1106/1394/4573 1105/1393/4574 1116/1405/4575 
f 1118/1407/4576 1107/1395/4577 1106/1394/4578 1117/1406/4579 
f 1119/1408/4580 1108/1396/4581 1107/1395/4582 1118/1407/4583 
f 1110/1409/4584 1099/1397/4585 1108/1396/4586 1119/1408/4587 
f 1120/1410/4588 1109/1398/4589 1110/1399/4590 
f 1120/1411/4591 1111/1400/4592 1109/1398/4593 
f 1120/1412/4594 1112/1401/4595 1111/1400/4596 
f 1120/1413/4597 1113/1402/4598 1112/1401/4599 
f 1120/1414/4600 1114/1403/4601 1113/1402/4602 
f 1120/1415/4603 1115/1404/4604 1114/1403/4605 
f 1120/1416/4606 1116/1405/4607 1115/1404/4608 
f 1120/1417/4609 1117/1406/4610 1116/1405/4611 
f 1120/1418/4612 1118/1407/4613 1117/1406/4614 
f 1120/1419/4615 1119/1408/4616 1118/1407/4617 
f 1120/1420/4618 1110/1409/4619 1119/1408/4620 
o 010_Sphere_3
g Sphere_3
usemtl Samba 3
v -71.056 -22.650 47.599
v -73.072 -25.257 44.949
v -71.292 -20.715 45.414
v -74.805 -26.417 42.664
v -75.703 -25.761 41.468
v -75.483 -23.499 41.741
v -74.214 -20.349 43.397
v -72.299 -17.309 45.909
v -70.345 -15.347 48.480
v -68.974 -15.084 50.294
v -68.621 -16.604 50.775
v -69.397 -19.425 49.770
v -76.093 -29.443 45.494
v -72.691 -24.481 50.866
v -79.095 -31.649 40.917
v -80.743 -30.398 38.588
v -80.515 -26.087 39.247
v -78.483 -20.085 42.684
v -75.292 -14.298 47.808
v -71.955 -10.563 52.992
v -69.532 -10.066 56.591
v -68.791 -12.964 57.461
v -69.969 -18.338 55.327
v -79.910 -32.926 46.679
v -76.260 -26.247 54.632
v -83.329 -35.873 40.008
v -85.431 -34.151 36.738
v -85.550 -28.307 37.905
v -83.648 -20.198 43.141
v -80.328 -12.396 50.782
v -76.644 -7.380 58.402
v -73.767 -6.742 63.582
v -72.609 -10.684 64.678
v -73.539 -17.955 61.342
v -84.318 -35.306 48.319
v -81.684 -28.007 58.105
v -87.168 -38.459 40.230
v -89.331 -36.464 36.406
v -90.118 -29.955 38.061
v -89.281 -20.998 44.670
v -87.084 -12.438 54.135
v -84.226 -6.991 63.450
v -81.614 -6.388 69.658
v -80.077 -10.819 70.788
v -80.103 -18.879 66.482
v -89.440 -36.395 50.380
v -88.597 -29.801 60.522
v -91.038 -39.120 42.088
v -92.883 -37.110 38.280
v -94.390 -31.003 40.165
v -95.080 -22.739 47.144
v -94.734 -14.941 57.001
v -93.463 -10.085 66.608
v -91.669 -9.713 72.913
v -89.922 -13.942 73.915
v -88.777 -21.431 69.296
v -95.458 -36.651 52.638
v -96.256 -31.720 61.489
v -95.770 -38.527 45.450
v -97.093 -36.755 42.206
v -99.007 -31.895 43.938
v -100.904 -25.491 50.094
v -102.183 -19.577 58.721
v -102.436 -16.030 67.079
v -101.584 -15.976 72.515
v -99.897 -19.432 73.302
v -97.911 -25.301 69.192
v -101.796 -37.427 54.262
v -103.535 -34.110 61.325
v -101.282 -38.520 48.538
v -102.158 -37.042 45.972
v -104.145 -33.462 47.378
v -106.613 -28.917 52.309
v -108.777 -24.851 59.200
v -109.951 -22.553 65.864
v -109.762 -22.754 70.184
v -108.270 -25.390 70.788
v -105.949 -29.623 67.486
v -107.681 -38.712 55.067
v -109.690 -36.649 60.343
v -106.816 -39.240 50.787
v -107.370 -38.064 48.863
v -109.168 -35.560 49.904
v -111.639 -32.520 53.582
v -113.997 -29.912 58.727
v -115.495 -28.562 63.706
v -115.657 -28.899 66.939
v -114.431 -30.817 67.399
v -112.207 -33.706 64.940
v -112.616 -39.886 55.385
v -114.343 -38.728 58.929
v -111.783 -40.075 52.502
v -112.110 -39.234 51.196
v -113.492 -37.631 51.881
v -115.491 -35.774 54.340
v -117.472 -34.253 57.792
v -118.806 -33.551 61.141
v -119.070 -33.891 63.324
v -118.179 -35.164 63.648
v -116.417 -36.968 62.010
v -116.374 -40.298 55.726
v -117.374 -39.788 57.520
v -115.870 -40.336 54.262
v -116.022 -39.890 53.594
v -116.782 -39.102 53.933
v -117.908 -38.221 55.173
v -119.042 -37.529 56.919
v -119.826 -37.243 58.617
v -120.009 -37.456 59.728
v -119.534 -38.099 59.899
v -118.552 -38.969 59.076
v -118.767 -39.507 56.487
vt 0.00000 0.09091
vt 0.09091 0.09091
vt 0.04545 0.00000
vt 0.18182 0.09091
vt 0.13636 0.00000
vt 0.27273 0.09091
vt 0.22727 0.00000
vt 0.36364 0.09091
vt 0.31818 0.00000
vt 0.45455 0.09091
vt 0.40909 0.00000
vt 0.54545 0.09091
vt 0.50000 0.00000
vt 0.63636 0.09091
vt 0.59091 0.00000
vt 0.72727 0.09091
vt 0.68182 0.00000
vt 0.81818 0.09091
vt 0.77273 0.00000
vt 0.90909 0.09091
vt 0.86364 0.00000
vt 1.00000 0.09091
vt 0.95455 0.00000
vt 0.09091 0.18182
vt 0.00000 0.18182
vt 0.18182 0.18182
vt 0.27273 0.18182
vt 0.36364 0.18182
vt 0.45455 0.18182
vt 0.54545 0.18182
vt 0.63636 0.18182
vt 0.72727 0.18182
vt 0.81818 0.18182
vt 0.90909 0.18182
vt 1.00000 0.18182
vt 0.09091 0.27273
vt 0.00000 0.27273
vt 0.18182 0.27273
vt 0.27273 0.27273
vt 0.36364 0.27273
vt 0.45455 0.27273
vt 0.54545 0.27273
vt 0.63636 0.27273
vt 0.72727 0.27273
vt 0.81818 0.27273
vt 0.90909 0.27273
vt 1.00000 0.27273
vt 0.09091 0.36364
vt 0.00000 0.36364
vt 0.18182 0.36364
vt 0.27273 0.36364
vt 0.36364 0.36364
vt 0.45455 0.36364
vt 0.54545 0.36364
vt 0.63636 0.36364
vt 0.72727 0.36364
vt 0.81818 0.36364
vt 0.90909 0.36364
vt 1.00000 0.36364
vt 0.09091 0.45455
vt 0.00000 0.45455
vt 0.18182 0.45455
vt 0.27273 0.45455
vt 0.36364 0.45455
vt 0.45455 0.45455
vt 0.54545 0.45455
vt 0.63636 0.45455
vt 0.72727 0.45455
vt 0.81818 0.45455
vt 0.90909 0.45455
vt 1.00000 0.45455
vt 0.09091 0.54545
vt 0.00000 0.54545
vt 0.18182 0.54545
vt 0.27273 0.54545
vt 0.36364 0.54545
vt 0.45455 0.54545
vt 0.54545 0.54545
vt 0.63636 0.54545
vt 0.72727 0.54545
vt 0.81818 0.54545
vt 0.90909 0.54545
vt 1.00000 0.54545
vt 0.09091 0.63636
vt 0.00000 0.63636
vt 0.18182 0.63636
vt 0.27273 0.63636
vt 0.36364 0.63636
vt 0.45455 0.63636
vt 0.54545 0.63636
vt 0.63636 0.63636
vt 0.72727 0.63636
vt 0.81818 0.63636
vt 0.90909 0.63636
vt 1.00000 0.63636
vt 0.09091 0.72727
vt 0.00000 0.72727
vt 0.18182 0.72727
vt 0.27273 0.72727
vt 0.36364 0.72727
vt 0.45455 0.72727
vt 0.54545 0.72727
vt 0.63636 0.72727
vt 0.72727 0.72727
vt 0.81818 0.72727
vt 0.90909 0.72727
vt 1.00000 0.72727
vt 0.09091 0.81818
vt 0.00000 0.81818
vt 0.18182 0.81818
vt 0.27273 0.81818
vt 0.36364 0.81818
vt 0.45455 0.81818
vt 0.54545 0.81818
vt 0.63636 0.81818
vt 0.72727 0.81818
vt 0.81818 0.81818
vt 0.90909 0.81818
vt 1.00000 0.81818
vt 0.09091 0.90909
vt 0.00000 0.90909
vt 0.18182 0.90909
vt 0.27273 0.90909
vt 0.36364 0.90909
vt 0.45455 0.90909
vt 0.54545 0.90909
vt 0.63636 0.90909
vt 0.72727 0.90909
vt 0.81818 0.90909
vt 0.90909 0.90909
vt 1.00000 0.90909
vt 0.04545 1.00000
vt 0.13636 1.00000
vt 0.22727 1.00000
vt 0.31818 1.00000
vt 0.40909 1.00000
vt 0.50000 1.00000
vt 0.59091 1.00000
vt 0.68182 1.00000
vt 0.77273 1.00000
vt 0.86364 1.00000
vt 0.95455 1.00000
vn 0.87744 -0.46875 -0.10189
vn 0.82743 -0.50694 -0.24161
vn 0.78773 -0.02116 -0.61566
vn 0.82743 -0.50694 -0.24161
vn 0.75661 -0.40537 -0.51305
vn 0.78773 -0.02116 -0.61566
vn 0.75661 -0.40537 -0.51305
vn 0.59261 -0.11444 -0.79732
vn 0.78773 -0.02116 -0.61566
vn 0.59261 -0.11444 -0.79732
vn 0.40526 0.20582 -0.89073
vn 0.78773 -0.02116 -0.61566
vn 0.40526 0.20582 -0.89073
vn 0.33022 0.40436 -0.85291
vn 0.78773 -0.02116 -0.61566
vn 0.33022 0.40436 -0.85291
vn 0.38629 0.49334 -0.77936
vn 0.78773 -0.02116 -0.61566
vn 0.38629 0.49334 -0.77936
vn 0.57191 0.47026 -0.67215
vn 0.78773 -0.02116 -0.61566
vn 0.57191 0.47026 -0.67215
vn 0.83497 0.27014 -0.47942
vn 0.78773 -0.02116 -0.61566
vn 0.83497 0.27014 -0.47942
vn 0.97025 -0.06637 -0.23282
vn 0.78773 -0.02116 -0.61566
vn 0.97025 -0.06637 -0.23282
vn 0.93963 -0.32890 -0.09444
vn 0.78773 -0.02116 -0.61566
vn 0.93963 -0.32890 -0.09444
vn 0.87744 -0.46875 -0.10189
vn 0.78773 -0.02116 -0.61566
vn 0.71009 -0.70240 0.04899
vn 0.82743 -0.50694 -0.24161
vn 0.87744 -0.46875 -0.10189
vn 0.75661 -0.61466 0.22300
vn 0.66145 -0.66115 -0.35408
vn 0.75661 -0.40537 -0.51305
vn 0.82743 -0.50694 -0.24161
vn 0.71009 -0.70240 0.04899
vn 0.38799 -0.17275 -0.90533
vn 0.59261 -0.11444 -0.79732
vn 0.75661 -0.40537 -0.51305
vn 0.66145 -0.66115 -0.35408
vn 0.08151 0.35240 -0.93229
vn 0.40526 0.20582 -0.89073
vn 0.59261 -0.11444 -0.79732
vn 0.38799 -0.17275 -0.90533
vn 0.00804 0.58526 -0.81081
vn 0.33022 0.40436 -0.85291
vn 0.40526 0.20582 -0.89073
vn 0.08151 0.35240 -0.93229
vn 0.07577 0.70809 -0.70205
vn 0.38629 0.49334 -0.77936
vn 0.33022 0.40436 -0.85291
vn 0.00804 0.58526 -0.81081
vn 0.30764 0.76249 -0.56918
vn 0.57191 0.47026 -0.67215
vn 0.38629 0.49334 -0.77936
vn 0.07577 0.70809 -0.70205
vn 0.78961 0.55560 -0.26042
vn 0.83497 0.27014 -0.47942
vn 0.57191 0.47026 -0.67215
vn 0.30764 0.76249 -0.56918
vn 0.98359 -0.07695 0.16320
vn 0.97025 -0.06637 -0.23282
vn 0.83497 0.27014 -0.47942
vn 0.78961 0.55560 -0.26042
vn 0.85136 -0.44622 0.27583
vn 0.93963 -0.32890 -0.09444
vn 0.97025 -0.06637 -0.23282
vn 0.98359 -0.07695 0.16320
vn 0.75661 -0.61466 0.22300
vn 0.87744 -0.46875 -0.10189
vn 0.93963 -0.32890 -0.09444
vn 0.85136 -0.44622 0.27583
vn 0.60025 -0.76991 0.21665
vn 0.71009 -0.70240 0.04899
vn 0.75661 -0.61466 0.22300
vn 0.64014 -0.65907 0.39476
vn 0.55539 -0.80481 -0.20933
vn 0.66145 -0.66115 -0.35408
vn 0.71009 -0.70240 0.04899
vn 0.60025 -0.76991 0.21665
vn 0.19622 -0.20869 -0.95810
vn 0.38799 -0.17275 -0.90533
vn 0.66145 -0.66115 -0.35408
vn 0.55539 -0.80481 -0.20933
vn -0.12567 0.42700 -0.89548
vn 0.08151 0.35240 -0.93229
vn 0.38799 -0.17275 -0.90533
vn 0.19622 -0.20869 -0.95810
vn -0.17303 0.65328 -0.73708
vn 0.00804 0.58526 -0.81081
vn 0.08151 0.35240 -0.93229
vn -0.12567 0.42700 -0.89548
vn -0.11646 0.78622 -0.60688
vn 0.07577 0.70809 -0.70205
vn 0.00804 0.58526 -0.81081
vn -0.17303 0.65328 -0.73708
vn 0.07457 0.89750 -0.43466
vn 0.30764 0.76249 -0.56918
vn 0.07577 0.70809 -0.70205
vn -0.11646 0.78622 -0.60688
vn 0.61916 0.78512 0.01525
vn 0.78961 0.55560 -0.26042
vn 0.30764 0.76249 -0.56918
vn 0.07457 0.89750 -0.43466
vn 0.86298 -0.08207 0.49854
vn 0.98359 -0.07695 0.16320
vn 0.78961 0.55560 -0.26042
vn 0.61916 0.78512 0.01525
vn 0.72046 -0.48747 0.49327
vn 0.85136 -0.44622 0.27583
vn 0.98359 -0.07695 0.16320
vn 0.86298 -0.08207 0.49854
vn 0.64014 -0.65907 0.39476
vn 0.75661 -0.61466 0.22300
vn 0.85136 -0.44622 0.27583
vn 0.72046 -0.48747 0.49327
vn 0.51129 -0.80098 0.31147
vn 0.60025 -0.76991 0.21665
vn 0.64014 -0.65907 0.39476
vn 0.53905 -0.68310 0.49275
vn 0.45852 -0.88219 -0.10720
vn 0.55539 -0.80481 -0.20933
vn 0.60025 -0.76991 0.21665
vn 0.51129 -0.80098 0.31147
vn 0.03113 -0.23682 -0.97105
vn 0.19622 -0.20869 -0.95810
vn 0.55539 -0.80481 -0.20933
vn 0.45852 -0.88219 -0.10720
vn -0.25866 0.45593 -0.85160
vn -0.12567 0.42700 -0.89548
vn 0.19622 -0.20869 -0.95810
vn 0.03113 -0.23682 -0.97105
vn -0.29195 0.67361 -0.67898
vn -0.17303 0.65328 -0.73708
vn -0.12567 0.42700 -0.89548
vn -0.25866 0.45593 -0.85160
vn -0.25786 0.80646 -0.53210
vn -0.11646 0.78622 -0.60688
vn -0.17303 0.65328 -0.73708
vn -0.29195 0.67361 -0.67898
vn -0.13488 0.93838 -0.31819
vn 0.07457 0.89750 -0.43466
vn -0.11646 0.78622 -0.60688
vn -0.25786 0.80646 -0.53210
vn 0.32320 0.90157 0.28758
vn 0.61916 0.78512 0.01525
vn 0.07457 0.89750 -0.43466
vn -0.13488 0.93838 -0.31819
vn 0.65655 -0.11036 0.74616
vn 0.86298 -0.08207 0.49854
vn 0.61916 0.78512 0.01525
vn 0.32320 0.90157 0.28758
vn 0.58427 -0.51654 0.62596
vn 0.72046 -0.48747 0.49327
vn 0.86298 -0.08207 0.49854
vn 0.65655 -0.11036 0.74616
vn 0.53905 -0.68310 0.49275
vn 0.64014 -0.65907 0.39476
vn 0.72046 -0.48747 0.49327
vn 0.58427 -0.51654 0.62596
vn 0.44140 -0.82298 0.35758
vn 0.51129 -0.80098 0.31147
vn 0.53905 -0.68310 0.49275
vn 0.45157 -0.70739 0.54377
vn 0.38326 -0.92202 -0.05462
vn 0.45852 -0.88219 -0.10720
vn 0.51129 -0.80098 0.31147
vn 0.44140 -0.82298 0.35758
vn -0.08371 -0.26236 -0.96133
vn 0.03113 -0.23682 -0.97105
vn 0.45852 -0.88219 -0.10720
vn 0.38326 -0.92202 -0.05462
vn -0.34202 0.45487 -0.82226
vn -0.25866 0.45593 -0.85160
vn 0.03113 -0.23682 -0.97105
vn -0.08371 -0.26236 -0.96133
vn -0.37664 0.66640 -0.64346
vn -0.29195 0.67361 -0.67898
vn -0.25866 0.45593 -0.85160
vn -0.34202 0.45487 -0.82226
vn -0.37106 0.79233 -0.48428
vn -0.25786 0.80646 -0.53210
vn -0.29195 0.67361 -0.67898
vn -0.37664 0.66640 -0.64346
vn -0.32158 0.91620 -0.23909
vn -0.13488 0.93838 -0.31819
vn -0.25786 0.80646 -0.53210
vn -0.37106 0.79233 -0.48428
vn -0.03322 0.87712 0.47911
vn 0.32320 0.90157 0.28758
vn -0.13488 0.93838 -0.31819
vn -0.32158 0.91620 -0.23909
vn 0.41646 -0.17272 0.89260
vn 0.65655 -0.11036 0.74616
vn 0.32320 0.90157 0.28758
vn -0.03322 0.87712 0.47911
vn 0.45338 -0.55267 0.69929
vn 0.58427 -0.51654 0.62596
vn 0.65655 -0.11036 0.74616
vn 0.41646 -0.17272 0.89260
vn 0.45157 -0.70739 0.54377
vn 0.53905 -0.68310 0.49275
vn 0.58427 -0.51654 0.62596
vn 0.45338 -0.55267 0.69929
vn 0.39520 -0.84122 0.36901
vn 0.44140 -0.82298 0.35758
vn 0.45157 -0.70739 0.54377
vn 0.38375 -0.73413 0.56017
vn 0.34370 -0.93802 -0.04454
vn 0.38326 -0.92202 -0.05462
vn 0.44140 -0.82298 0.35758
vn 0.39520 -0.84122 0.36901
vn -0.12859 -0.27965 -0.95145
vn -0.08371 -0.26236 -0.96133
vn 0.38326 -0.92202 -0.05462
vn 0.34370 -0.93802 -0.04454
vn -0.38302 0.43940 -0.81254
vn -0.34202 0.45487 -0.82226
vn -0.08371 -0.26236 -0.96133
vn -0.12859 -0.27965 -0.95145
vn -0.43206 0.64503 -0.63029
vn -0.37664 0.66640 -0.64346
vn -0.34202 0.45487 -0.82226
vn -0.38302 0.43940 -0.81254
vn -0.45670 0.75902 -0.46401
vn -0.37106 0.79233 -0.48428
vn -0.37664 0.66640 -0.64346
vn -0.43206 0.64503 -0.63029
vn -0.47331 0.85713 -0.20324
vn -0.32158 0.91620 -0.23909
vn -0.37106 0.79233 -0.48428
vn -0.45670 0.75902 -0.46401
vn -0.35188 0.75345 0.55542
vn -0.03322 0.87712 0.47911
vn -0.32158 0.91620 -0.23909
vn -0.47331 0.85713 -0.20324
vn 0.19699 -0.25926 0.94550
vn 0.41646 -0.17272 0.89260
vn -0.03322 0.87712 0.47911
vn -0.35188 0.75345 0.55542
vn 0.34231 -0.59650 0.72596
vn 0.45338 -0.55267 0.69929
vn 0.41646 -0.17272 0.89260
vn 0.19699 -0.25926 0.94550
vn 0.38375 -0.73413 0.56017
vn 0.45157 -0.70739 0.54377
vn 0.45338 -0.55267 0.69929
vn 0.34231 -0.59650 0.72596
vn 0.36562 -0.85818 0.36033
vn 0.39520 -0.84122 0.36901
vn 0.38375 -0.73413 0.56017
vn 0.33232 -0.76290 0.55456
vn 0.32779 -0.94296 -0.05818
vn 0.34370 -0.93802 -0.04454
vn 0.39520 -0.84122 0.36901
vn 0.36562 -0.85818 0.36033
vn -0.13074 -0.29148 -0.94760
vn -0.12859 -0.27965 -0.95145
vn 0.34370 -0.93802 -0.04454
vn 0.32779 -0.94296 -0.05818
vn -0.39912 0.41780 -0.81618
vn -0.38302 0.43940 -0.81254
vn -0.12859 -0.27965 -0.95145
vn -0.13074 -0.29148 -0.94760
vn -0.46803 0.61695 -0.63271
vn -0.43206 0.64503 -0.63029
vn -0.38302 0.43940 -0.81254
vn -0.39912 0.41780 -0.81618
vn -0.52084 0.71619 -0.46454
vn -0.45670 0.75902 -0.46401
vn -0.43206 0.64503 -0.63029
vn -0.46803 0.61695 -0.63271
vn -0.59199 0.78021 -0.20204
vn -0.47331 0.85713 -0.20324
vn -0.45670 0.75902 -0.46401
vn -0.52084 0.71619 -0.46454
vn -0.59894 0.58831 0.54328
vn -0.35188 0.75345 0.55542
vn -0.47331 0.85713 -0.20324
vn -0.59199 0.78021 -0.20204
vn 0.01629 -0.35761 0.93373
vn 0.19699 -0.25926 0.94550
vn -0.35188 0.75345 0.55542
vn -0.59894 0.58831 0.54328
vn 0.25236 -0.64535 0.72100
vn 0.34231 -0.59650 0.72596
vn 0.19699 -0.25926 0.94550
vn 0.01629 -0.35761 0.93373
vn 0.33232 -0.76290 0.55456
vn 0.38375 -0.73413 0.56017
vn 0.34231 -0.59650 0.72596
vn 0.25236 -0.64535 0.72100
vn 0.32851 -0.88198 0.33792
vn 0.36562 -0.85818 0.36033
vn 0.33232 -0.76290 0.55456
vn 0.27915 -0.79877 0.53295
vn 0.29287 -0.95239 -0.08475
vn 0.32779 -0.94296 -0.05818
vn 0.36562 -0.85818 0.36033
vn 0.32851 -0.88198 0.33792
vn -0.15017 -0.32029 -0.93534
vn -0.13074 -0.29148 -0.94760
vn 0.32779 -0.94296 -0.05818
vn 0.29287 -0.95239 -0.08475
vn -0.42059 0.37817 -0.82467
vn -0.39912 0.41780 -0.81618
vn -0.13074 -0.29148 -0.94760
vn -0.15017 -0.32029 -0.93534
vn -0.50436 0.57503 -0.64417
vn -0.46803 0.61695 -0.63271
vn -0.39912 0.41780 -0.81618
vn -0.42059 0.37817 -0.82467
vn -0.58023 0.65896 -0.47865
vn -0.52084 0.71619 -0.46454
vn -0.46803 0.61695 -0.63271
vn -0.50436 0.57503 -0.64417
vn -0.69561 0.68237 -0.22470
vn -0.59199 0.78021 -0.20204
vn -0.52084 0.71619 -0.46454
vn -0.58023 0.65896 -0.47865
vn -0.79307 0.39084 0.46721
vn -0.59894 0.58831 0.54328
vn -0.59199 0.78021 -0.20204
vn -0.69561 0.68237 -0.22470
vn -0.14570 -0.46728 0.87202
vn 0.01629 -0.35761 0.93373
vn -0.59894 0.58831 0.54328
vn -0.79307 0.39084 0.46721
vn 0.16615 -0.70238 0.69214
vn 0.25236 -0.64535 0.72100
vn 0.01629 -0.35761 0.93373
vn -0.14570 -0.46728 0.87202
vn 0.27915 -0.79877 0.53295
vn 0.33232 -0.76290 0.55456
vn 0.25236 -0.64535 0.72100
vn 0.16615 -0.70238 0.69214
vn 0.24549 -0.92452 0.29156
vn 0.32851 -0.88198 0.33792
vn 0.27915 -0.79877 0.53295
vn 0.19334 -0.85210 0.48636
vn 0.17818 -0.97534 -0.13028
vn 0.29287 -0.95239 -0.08475
vn 0.32851 -0.88198 0.33792
vn 0.24549 -0.92452 0.29156
vn -0.24499 -0.39619 -0.88488
vn -0.15017 -0.32029 -0.93534
vn 0.29287 -0.95239 -0.08475
vn 0.17818 -0.97534 -0.13028
vn -0.48055 0.28425 -0.82962
vn -0.42059 0.37817 -0.82467
vn -0.15017 -0.32029 -0.93534
vn -0.24499 -0.39619 -0.88488
vn -0.56530 0.49226 -0.66190
vn -0.50436 0.57503 -0.64417
vn -0.42059 0.37817 -0.82467
vn -0.48055 0.28425 -0.82962
vn -0.65619 0.56204 -0.50352
vn -0.58023 0.65896 -0.47865
vn -0.50436 0.57503 -0.64417
vn -0.56530 0.49226 -0.66190
vn -0.80346 0.53219 -0.26688
vn -0.69561 0.68237 -0.22470
vn -0.58023 0.65896 -0.47865
vn -0.65619 0.56204 -0.50352
vn -0.93721 0.13530 0.32146
vn -0.79307 0.39084 0.46721
vn -0.69561 0.68237 -0.22470
vn -0.80346 0.53219 -0.26688
vn -0.32072 -0.59228 0.73915
vn -0.14570 -0.46728 0.87202
vn -0.79307 0.39084 0.46721
vn -0.93721 0.13530 0.32146
vn 0.05216 -0.77608 0.62848
vn 0.16615 -0.70238 0.69214
vn -0.14570 -0.46728 0.87202
vn -0.32072 -0.59228 0.73915
vn 0.19334 -0.85210 0.48636
vn 0.27915 -0.79877 0.53295
vn 0.16615 -0.70238 0.69214
vn 0.05216 -0.77608 0.62848
vn 0.00224 -0.98600 0.16674
vn 0.24549 -0.92452 0.29156
vn 0.19334 -0.85210 0.48636
vn -0.02499 -0.93467 0.35463
vn -0.13662 -0.96856 -0.20789
vn 0.17818 -0.97534 -0.13028
vn 0.24549 -0.92452 0.29156
vn 0.00224 -0.98600 0.16674
vn -0.46397 -0.53141 -0.70876
vn -0.24499 -0.39619 -0.88488
vn 0.17818 -0.97534 -0.13028
vn -0.13662 -0.96856 -0.20789
vn -0.62886 0.02492 -0.77712
vn -0.48055 0.28425 -0.82962
vn -0.24499 -0.39619 -0.88488
vn -0.46397 -0.53141 -0.70876
vn -0.69888 0.26018 -0.66624
vn -0.56530 0.49226 -0.66190
vn -0.48055 0.28425 -0.82962
vn -0.62886 0.02492 -0.77712
vn -0.78840 0.31484 -0.52849
vn -0.65619 0.56204 -0.50352
vn -0.56530 0.49226 -0.66190
vn -0.69888 0.26018 -0.66624
vn -0.92385 0.20502 -0.32322
vn -0.80346 0.53219 -0.26688
vn -0.65619 0.56204 -0.50352
vn -0.78840 0.31484 -0.52849
vn -0.97250 -0.22093 0.07372
vn -0.93721 0.13530 0.32146
vn -0.80346 0.53219 -0.26688
vn -0.92385 0.20502 -0.32322
vn -0.55081 -0.71568 0.42942
vn -0.32072 -0.59228 0.73915
vn -0.93721 0.13530 0.32146
vn -0.97250 -0.22093 0.07372
vn -0.18366 -0.87250 0.45278
vn 0.05216 -0.77608 0.62848
vn -0.32072 -0.59228 0.73915
vn -0.55081 -0.71568 0.42942
vn -0.02499 -0.93467 0.35463
vn 0.19334 -0.85210 0.48636
vn 0.05216 -0.77608 0.62848
vn -0.18366 -0.87250 0.45278
vn -0.73645 -0.62447 -0.26015
vn 0.00224 -0.98600 0.16674
vn -0.02499 -0.93467 0.35463
vn -0.73645 -0.62447 -0.26015
vn -0.13662 -0.96856 -0.20789
vn 0.00224 -0.98600 0.16674
vn -0.73645 -0.62447 -0.26015
vn -0.46397 -0.53141 -0.70876
vn -0.13662 -0.96856 -0.20789
vn -0.73645 -0.62447 -0.26015
vn -0.62886 0.02492 -0.77712
vn -0.46397 -0.53141 -0.70876
vn -0.73645 -0.62447 -0.26015
vn -0.69888 0.26018 -0.66624
vn -0.62886 0.02492 -0.77712
vn -0.73645 -0.62447 -0.26015
vn -0.78840 0.31484 -0.52849
vn -0.69888 0.26018 -0.66624
vn -0.73645 -0.62447 -0.26015
vn -0.92385 0.20502 -0.32322
vn -0.78840 0.31484 -0.52849
vn -0.73645 -0.62447 -0.26015
vn -0.97250 -0.22093 0.07372
vn -0.92385 0.20502 -0.32322
vn -0.73645 -0.62447 -0.26015
vn -0.55081 -0.71568 0.42942
vn -0.97250 -0.22093 0.07372
vn -0.73645 -0.62447 -0.26015
vn -0.18366 -0.87250 0.45278
vn -0.55081 -0.71568 0.42942
vn -0.73645 -0.62447 -0.26015
vn -0.02499 -0.93467 0.35463
vn -0.18366 -0.87250 0.45278
f 1121/1421/4621 1122/1422/4622 1123/1423/4623 
f 1122/1422/4624 1124/1424/4625 1123/1425/4626 
f 1124/1424/4627 1125/1426/4628 1123/1427/4629 
f 1125/1426/4630 1126/1428/4631 1123/1429/4632 
f 1126/1428/4633 1127/1430/4634 1123/1431/4635 
f 1127/1430/4636 1128/1432/4637 1123/1433/4638 
f 1128/1432/4639 1129/1434/4640 1123/1435/4641 
f 1129/1434/4642 1130/1436/4643 1123/1437/4644 
f 1130/1436/4645 1131/1438/4646 1123/1439/4647 
f 1131/1438/4648 1132/1440/4649 1123/1441/4650 
f 1132/1440/4651 1121/1442/4652 1123/1443/4653 
f 1133/1444/4654 1122/1422/4655 1121/1421/4656 1134/1445/4657 
f 1135/1446/4658 1124/1424/4659 1122/1422/4660 1133/1444/4661 
f 1136/1447/4662 1125/1426/4663 1124/1424/4664 1135/1446/4665 
f 1137/1448/4666 1126/1428/4667 1125/1426/4668 1136/1447/4669 
f 1138/1449/4670 1127/1430/4671 1126/1428/4672 1137/1448/4673 
f 1139/1450/4674 1128/1432/4675 1127/1430/4676 1138/1449/4677 
f 1140/1451/4678 1129/1434/4679 1128/1432/4680 1139/1450/4681 
f 1141/1452/4682 1130/1436/4683 1129/1434/4684 1140/1451/4685 
f 1142/1453/4686 1131/1438/4687 1130/1436/4688 1141/1452/4689 
f 1143/1454/4690 1132/1440/4691 1131/1438/4692 1142/1453/4693 
f 1134/1455/4694 1121/1442/4695 1132/1440/4696 1143/1454/4697 
f 1144/1456/4698 1133/1444/4699 1134/1445/4700 1145/1457/4701 
f 1146/1458/4702 1135/1446/4703 1133/1444/4704 1144/1456/4705 
f 1147/1459/4706 1136/1447/4707 1135/1446/4708 1146/1458/4709 
f 1148/1460/4710 1137/1448/4711 1136/1447/4712 1147/1459/4713 
f 1149/1461/4714 1138/1449/4715 1137/1448/4716 1148/1460/4717 
f 1150/1462/4718 1139/1450/4719 1138/1449/4720 1149/1461/4721 
f 1151/1463/4722 1140/1451/4723 1139/1450/4724 1150/1462/4725 
f 1152/1464/4726 1141/1452/4727 1140/1451/4728 1151/1463/4729 
f 1153/1465/4730 1142/1453/4731 1141/1452/4732 1152/1464/4733 
f 1154/1466/4734 1143/1454/4735 1142/1453/4736 1153/1465/4737 
f 1145/1467/4738 1134/1455/4739 1143/1454/4740 1154/1466/4741 
f 1155/1468/4742 1144/1456/4743 1145/1457/4744 1156/1469/4745 
f 1157/1470/4746 1146/1458/4747 1144/1456/4748 1155/1468/4749 
f 1158/1471/4750 1147/1459/4751 1146/1458/4752 1157/1470/4753 
f 1159/1472/4754 1148/1460/4755 1147/1459/4756 1158/1471/4757 
f 1160/1473/4758 1149/1461/4759 1148/1460/4760 1159/1472/4761 
f 1161/1474/4762 1150/1462/4763 1149/1461/4764 1160/1473/4765 
f 1162/1475/4766 1151/1463/4767 1150/1462/4768 1161/1474/4769 
f 1163/1476/4770 1152/1464/4771 1151/1463/4772 1162/1475/4773 
f 1164/1477/4774 1153/1465/4775 1152/1464/4776 1163/1476/4777 
f 1165/1478/4778 1154/1466/4779 1153/1465/4780 1164/1477/4781 
f 1156/1479/4782 1145/1467/4783 1154/1466/4784 1165/1478/4785 
f 1166/1480/4786 1155/1468/4787 1156/1469/4788 1167/1481/4789 
f 1168/1482/4790 1157/1470/4791 1155/1468/4792 1166/1480/4793 
f 1169/1483/4794 1158/1471/4795 1157/1470/4796 1168/1482/4797 
f 1170/1484/4798 1159/1472/4799 1158/1471/4800 1169/1483/4801 
f 1171/1485/4802 1160/1473/4803 1159/1472/4804 1170/1484/4805 
f 1172/1486/4806 1161/1474/4807 1160/1473/4808 1171/1485/4809 
f 1173/1487/4810 1162/1475/4811 1161/1474/4812 1172/1486/4813 
f 1174/1488/4814 1163/1476/4815 1162/1475/4816 1173/1487/4817 
f 1175/1489/4818 1164/1477/4819 1163/1476/4820 1174/1488/4821 
f 1176/1490/4822 1165/1478/4823 1164/1477/4824 1175/1489/4825 
f 1167/1491/4826 1156/1479/4827 1165/1478/4828 1176/1490/4829 
f 1177/1492/4830 1166/1480/4831 1167/1481/4832 1178/1493/4833 
f 1179/1494/4834 1168/1482/4835 1166/1480/4836 1177/1492/4837 
f 1180/1495/4838 1169/1483/4839 1168/1482/4840 1179/1494/4841 
f 1181/1496/4842 1170/1484/4843 1169/1483/4844 1180/1495/4845 
f 1182/1497/4846 1171/1485/4847 1170/1484/4848 1181/1496/4849 
f 1183/1498/4850 1172/1486/4851 1171/1485/4852 1182/1497/4853 
f 1184/1499/4854 1173/1487/4855 1172/1486/4856 1183/1498/4857 
f 1185/1500/4858 1174/1488/4859 1173/1487/4860 1184/1499/4861 
f 1186/1501/4862 1175/1489/4863 1174/1488/4864 1185/1500/4865 
f 1187/1502/4866 1176/1490/4867 1175/1489/4868 1186/1501/4869 
f 1178/1503/4870 1167/1491/4871 1176/1490/4872 1187/1502/4873 
f 1188/1504/4874 1177/1492/4875 1178/1493/4876 1189/1505/4877 
f 1190/1506/4878 1179/1494/4879 1177/1492/4880 1188/1504/4881 
f 1191/1507/4882 1180/1495/4883 1179/1494/4884 1190/1506/4885 
f 1192/1508/4886 1181/1496/4887 1180/1495/4888 1191/1507/4889 
f 1193/1509/4890 1182/1497/4891 1181/1496/4892 1192/1508/4893 
f 1194/1510/4894 1183/1498/4895 1182/1497/4896 1193/1509/4897 
f 1195/1511/4898 1184/1499/4899 1183/1498/4900 1194/1510/4901 
f 1196/1512/4902 1185/1500/4903 1184/1499/4904 1195/1511/4905 
f 1197/1513/4906 1186/1501/4907 1185/1500/4908 1196/1512/4909 
f 1198/1514/4910 1187/1502/4911 1186/1501/4912 1197/1513/4913 
f 1189/1515/4914 1178/1503/4915 1187/1502/4916 1198/1514/4917 
f 1199/1516/4918 1188/1504/4919 1189/1505/4920 1200/1517/4921 
f 1201/1518/4922 1190/1506/4923 1188/1504/4924 1199/1516/4925 
f 1202/1519/4926 1191/1507/4927 1190/1506/4928 1201/1518/4929 
f 1203/1520/4930 1192/1508/4931 1191/1507/4932 1202/1519/4933 
f 1204/1521/4934 1193/1509/4935 1192/1508/4936 1203/1520/4937 
f 1205/1522/4938 1194/1510/4939 1193/1509/4940 1204/1521/4941 
f 1206/1523/4942 1195/1511/4943 1194/1510/4944 1205/1522/4945 
f 1207/1524/4946 1196/1512/4947 1195/1511/4948 1206/1523/4949 
f 1208/1525/4950 1197/1513/4951 1196/1512/4952 1207/1524/4953 
f 1209/1526/4954 1198/1514/4955 1197/1513/4956 1208/1525/4957 
f 1200/1527/4958 1189/1515/4959 1198/1514/4960 1209/1526/4961 
f 1210/1528/4962 1199/1516/4963 1200/1517/4964 1211/1529/4965 
f 1212/1530/4966 1201/1518/4967 1199/1516/4968 1210/1528/4969 
f 1213/1531/4970 1202/1519/4971 1201/1518/4972 1212/1530/4973 
f 1214/1532/4974 1203/1520/4975 1202/1519/4976 1213/1531/4977 
f 1215/1533/4978 1204/1521/4979 1203/1520/4980 1214/1532/4981 
f 1216/1534/4982 1205/1522/4983 1204/1521/4984 1215/1533/4985 
f 1217/1535/4986 1206/1523/4987 1205/1522/4988 1216/1534/4989 
f 1218/1536/4990 1207/1524/4991 1206/1523/4992 1217/1535/4993 
f 1219/1537/4994 1208/1525/4995 1207/1524/4996 1218/1536/4997 
f 1220/1538/4998 1209/1526/4999 1208/1525/5000 1219/1537/5001 
f 1211/1539/5002 1200/1527/5003 1209/1526/5004 1220/1538/5005 
f 1221/1540/5006 1210/1528/5007 1211/1529/5008 1222/1541/5009 
f 1223/1542/5010 1212/1530/5011 1210/1528/5012 1221/1540/5013 
f 1224/1543/5014 1213/1531/5015 1212/1530/5016 1223/1542/5017 
f 1225/1544/5018 1214/1532/5019 1213/1531/5020 1224/1543/5021 
f 1226/1545/5022 1215/1533/5023 1214/1532/5024 1225/1544/5025 
f 1227/1546/5026 1216/1534/5027 1215/1533/5028 1226/1545/5029 
f 1228/1547/5030 1217/1535/5031 1216/1534/5032 1227/1546/5033 
f 1229/1548/5034 1218/1536/5035 1217/1535/5036 1228/1547/5037 
f 1230/1549/5038 1219/1537/5039 1218/1536/5040 1229/1548/5041 
f 1231/1550/5042 1220/1538/5043 1219/1537/5044 1230/1549/5045 
f 1222/1551/5046 1211/1539/5047 1220/1538/5048 1231/1550/5049 
f 1232/1552/5050 1221/1540/5051 1222/1541/5052 
f 1232/1553/5053 1223/1542/5054 1221/1540/5055 
f 1232/1554/5056 1224/1543/5057 1223/1542/5058 
f 1232/1555/5059 1225/1544/5060 1224/1543/5061 
f 1232/1556/5062 1226/1545/5063 1225/1544/5064 
f 1232/1557/5065 1227/1546/5066 1226/1545/5067 
f 1232/1558/5068 1228/1547/5069 1227/1546/5070 
f 1232/1559/5071 1229/1548/5072 1228/1547/5073 
f 1232/1560/5074 1230/1549/5075 1229/1548/5076 
f 1232/1561/5077 1231/1550/5078 1230/1549/5079 
f 1232/1562/5080 1222/1551/5081 1231/1550/5082 
o 011_Sphere_3
g Sphere_3
usemtl Samba 4
v -70.474 -22.049 47.944
v -74.705 -24.003 47.796
v -71.292 -20.715 45.414
v -77.949 -24.717 47.217
v -79.177 -23.965 46.392
v -77.997 -21.985 45.583
v -74.786 -19.407 45.045
v -70.561 -17.048 44.950
v -66.666 -15.658 45.329
v -64.335 -15.678 46.060
v -64.310 -17.101 46.912
v -66.599 -19.476 47.614
v -78.386 -26.116 51.522
v -70.487 -22.103 52.306
v -84.457 -27.675 50.077
v -86.773 -26.283 48.429
v -84.598 -22.382 47.101
v -78.622 -17.212 46.515
v -70.744 -12.413 46.857
v -63.463 -9.509 48.018
v -59.093 -9.423 49.630
v -59.020 -12.181 51.181
v -63.267 -16.907 52.178
v -82.069 -27.052 55.911
v -71.755 -21.016 58.053
v -90.036 -29.560 53.205
v -93.127 -27.743 50.797
v -90.361 -22.178 49.449
v -82.615 -14.631 49.590
v -72.350 -7.500 51.176
v -62.824 -3.048 53.702
v -57.061 -2.688 56.367
v -56.892 -6.535 58.325
v -62.370 -13.367 58.953
v -85.552 -26.599 60.535
v -74.720 -19.069 64.500
v -93.997 -29.909 56.419
v -97.375 -27.949 53.459
v -94.613 -21.340 52.594
v -86.589 -12.181 54.099
v -75.848 -3.380 57.496
v -65.803 2.269 61.706
v -59.642 2.973 65.394
v -59.321 -1.493 67.387
v -64.942 -9.710 67.054
v -88.888 -24.536 65.352
v -79.565 -16.660 70.824
v -96.273 -28.135 60.247
v -99.376 -26.315 57.132
v -97.211 -19.653 56.995
v -90.466 -10.265 59.879
v -81.283 -1.132 64.869
v -72.576 4.847 70.381
v -67.110 5.774 74.665
v -66.621 1.355 76.359
v -71.264 -7.009 74.928
v -92.530 -21.233 70.451
v -85.953 -14.334 76.349
v -97.875 -24.453 65.278
v -100.291 -22.973 62.473
v -99.013 -17.261 62.926
v -94.445 -9.131 66.493
v -88.038 -1.165 72.043
v -81.825 4.109 77.812
v -77.781 5.015 81.969
v -77.187 1.267 83.195
v -80.234 -5.946 81.100
v -97.013 -18.387 75.390
v -92.896 -12.885 80.915
v -100.498 -20.971 70.717
v -102.242 -19.817 68.379
v -101.694 -15.291 69.118
v -99.026 -8.831 72.701
v -95.086 -2.486 77.988
v -91.124 1.727 83.303
v -88.400 2.473 86.956
v -87.776 -0.487 87.789
v -89.453 -6.212 85.537
v -101.815 -16.414 79.611
v -99.474 -12.322 84.271
v -103.920 -18.327 75.752
v -105.120 -17.453 73.919
v -105.034 -14.070 74.694
v -103.689 -9.251 77.831
v -101.513 -4.527 82.334
v -99.197 -1.397 86.774
v -97.474 -0.856 89.740
v -96.894 -3.075 90.291
v -97.639 -7.349 88.253
v -106.095 -14.931 82.888
v -104.915 -12.198 86.305
v -107.247 -16.195 80.092
v -108.005 -15.588 78.804
v -108.128 -13.303 79.434
v -107.578 -10.065 81.781
v -106.529 -6.902 85.101
v -105.314 -4.819 88.339
v -104.319 -4.476 90.466
v -103.860 -5.984 90.809
v -104.082 -8.862 89.258
v -109.117 -13.347 85.268
v -108.650 -11.969 87.093
v -109.614 -13.977 83.783
v -109.984 -13.660 83.110
v -110.108 -12.496 83.463
v -109.948 -10.855 84.730
v -109.555 -9.257 86.508
v -109.052 -8.211 88.233
v -108.601 -8.048 89.357
v -108.343 -8.820 89.524
v -108.362 -10.282 88.680
v -110.320 -11.267 86.813
vt 0.00000 0.09091
vt 0.09091 0.09091
vt 0.04545 0.00000
vt 0.18182 0.09091
vt 0.13636 0.00000
vt 0.27273 0.09091
vt 0.22727 0.00000
vt 0.36364 0.09091
vt 0.31818 0.00000
vt 0.45455 0.09091
vt 0.40909 0.00000
vt 0.54545 0.09091
vt 0.50000 0.00000
vt 0.63636 0.09091
vt 0.59091 0.00000
vt 0.72727 0.09091
vt 0.68182 0.00000
vt 0.81818 0.09091
vt 0.77273 0.00000
vt 0.90909 0.09091
vt 0.86364 0.00000
vt 1.00000 0.09091
vt 0.95455 0.00000
vt 0.09091 0.18182
vt 0.00000 0.18182
vt 0.18182 0.18182
vt 0.27273 0.18182
vt 0.36364 0.18182
vt 0.45455 0.18182
vt 0.54545 0.18182
vt 0.63636 0.18182
vt 0.72727 0.18182
vt 0.81818 0.18182
vt 0.90909 0.18182
vt 1.00000 0.18182
vt 0.09091 0.27273
vt 0.00000 0.27273
vt 0.18182 0.27273
vt 0.27273 0.27273
vt 0.36364 0.27273
vt 0.45455 0.27273
vt 0.54545 0.27273
vt 0.63636 0.27273
vt 0.72727 0.27273
vt 0.81818 0.27273
vt 0.90909 0.27273
vt 1.00000 0.27273
vt 0.09091 0.36364
vt 0.00000 0.36364
vt 0.18182 0.36364
vt 0.27273 0.36364
vt 0.36364 0.36364
vt 0.45455 0.36364
vt 0.54545 0.36364
vt 0.63636 0.36364
vt 0.72727 0.36364
vt 0.81818 0.36364
vt 0.90909 0.36364
vt 1.00000 0.36364
vt 0.09091 0.45455
vt 0.00000 0.45455
vt 0.18182 0.45455
vt 0.27273 0.45455
vt 0.36364 0.45455
vt 0.45455 0.45455
vt 0.54545 0.45455
vt 0.63636 0.45455
vt 0.72727 0.45455
vt 0.81818 0.45455
vt 0.90909 0.45455
vt 1.00000 0.45455
vt 0.09091 0.54545
vt 0.00000 0.54545
vt 0.18182 0.54545
vt 0.27273 0.54545
vt 0.36364 0.54545
vt 0.45455 0.54545
vt 0.54545 0.54545
vt 0.63636 0.54545
vt 0.72727 0.54545
vt 0.81818 0.54545
vt 0.90909 0.54545
vt 1.00000 0.54545
vt 0.09091 0.63636
vt 0.00000 0.63636
vt 0.18182 0.63636
vt 0.27273 0.63636
vt 0.36364 0.63636
vt 0.45455 0.63636
vt 0.54545 0.63636
vt 0.63636 0.63636
vt 0.72727 0.63636
vt 0.81818 0.63636
vt 0.90909 0.63636
vt 1.00000 0.63636
vt 0.09091 0.72727
vt 0.00000 0.72727
vt 0.18182 0.72727
vt 0.27273 0.72727
vt 0.36364 0.72727
vt 0.45455 0.72727
vt 0.54545 0.72727
vt 0.63636 0.72727
vt 0.72727 0.72727
vt 0.81818 0.72727
vt 0.90909 0.72727
vt 1.00000 0.72727
vt 0.09091 0.81818
vt 0.00000 0.81818
vt 0.18182 0.81818
vt 0.27273 0.81818
vt 0.36364 0.81818
vt 0.45455 0.81818
vt 0.54545 0.81818
vt 0.63636 0.81818
vt 0.72727 0.81818
vt 0.81818 0.81818
vt 0.90909 0.81818
vt 1.00000 0.81818
vt 0.09091 0.90909
vt 0.00000 0.90909
vt 0.18182 0.90909
vt 0.27273 0.90909
vt 0.36364 0.90909
vt 0.45455 0.90909
vt 0.54545 0.90909
vt 0.63636 0.90909
vt 0.72727 0.90909
vt 0.81818 0.90909
vt 0.90909 0.90909
vt 1.00000 0.90909
vt 0.04545 1.00000
vt 0.13636 1.00000
vt 0.22727 1.00000
vt 0.31818 1.00000
vt 0.40909 1.00000
vt 0.50000 1.00000
vt 0.59091 1.00000
vt 0.68182 1.00000
vt 0.77273 1.00000
vt 0.86364 1.00000
vt 0.95455 1.00000
vn 0.47060 -0.85204 -0.22926
vn 0.34617 -0.88670 -0.30649
vn 0.23624 -0.50430 -0.83059
vn 0.34617 -0.88670 -0.30649
vn 0.16654 -0.81651 -0.55279
vn 0.23624 -0.50430 -0.83059
vn 0.16654 -0.81651 -0.55279
vn -0.04970 -0.51359 -0.85659
vn 0.23624 -0.50430 -0.83059
vn -0.04970 -0.51359 -0.85659
vn -0.15963 -0.13532 -0.97786
vn 0.23624 -0.50430 -0.83059
vn -0.15963 -0.13532 -0.97786
vn -0.13882 0.08269 -0.98686
vn 0.23624 -0.50430 -0.83059
vn -0.13882 0.08269 -0.98686
vn -0.03132 0.14270 -0.98927
vn 0.23624 -0.50430 -0.83059
vn -0.03132 0.14270 -0.98927
vn 0.16541 0.04617 -0.98514
vn 0.23624 -0.50430 -0.83059
vn 0.16541 0.04617 -0.98514
vn 0.43384 -0.24360 -0.86743
vn 0.23624 -0.50430 -0.83059
vn 0.43384 -0.24360 -0.86743
vn 0.58867 -0.58081 -0.56225
vn 0.23624 -0.50430 -0.83059
vn 0.58867 -0.58081 -0.56225
vn 0.56267 -0.76581 -0.31134
vn 0.23624 -0.50430 -0.83059
vn 0.56267 -0.76581 -0.31134
vn 0.47060 -0.85204 -0.22926
vn 0.23624 -0.50430 -0.83059
vn 0.36200 -0.93043 0.05703
vn 0.34617 -0.88670 -0.30649
vn 0.47060 -0.85204 -0.22926
vn 0.51110 -0.84877 0.13555
vn 0.11604 -0.95776 -0.26312
vn 0.16654 -0.81651 -0.55279
vn 0.34617 -0.88670 -0.30649
vn 0.36200 -0.93043 0.05703
vn -0.28790 -0.47520 -0.83145
vn -0.04970 -0.51359 -0.85659
vn 0.16654 -0.81651 -0.55279
vn 0.11604 -0.95776 -0.26312
vn -0.37774 0.14653 -0.91424
vn -0.15963 -0.13532 -0.97786
vn -0.04970 -0.51359 -0.85659
vn -0.28790 -0.47520 -0.83145
vn -0.29642 0.39060 -0.87153
vn -0.13882 0.08269 -0.98686
vn -0.15963 -0.13532 -0.97786
vn -0.37774 0.14653 -0.91424
vn -0.15608 0.47609 -0.86544
vn -0.03132 0.14270 -0.98927
vn -0.13882 0.08269 -0.98686
vn -0.29642 0.39060 -0.87153
vn 0.10034 0.43773 -0.89349
vn 0.16541 0.04617 -0.98514
vn -0.03132 0.14270 -0.98927
vn -0.15608 0.47609 -0.86544
vn 0.60574 0.06911 -0.79266
vn 0.43384 -0.24360 -0.86743
vn 0.16541 0.04617 -0.98514
vn 0.10034 0.43773 -0.89349
vn 0.81348 -0.53295 -0.23285
vn 0.58867 -0.58081 -0.56225
vn 0.43384 -0.24360 -0.86743
vn 0.60574 0.06911 -0.79266
vn 0.65663 -0.75097 0.06982
vn 0.56267 -0.76581 -0.31134
vn 0.58867 -0.58081 -0.56225
vn 0.81348 -0.53295 -0.23285
vn 0.51110 -0.84877 0.13555
vn 0.47060 -0.85204 -0.22926
vn 0.56267 -0.76581 -0.31134
vn 0.65663 -0.75097 0.06982
vn 0.35344 -0.90032 0.25399
vn 0.36200 -0.93043 0.05703
vn 0.51110 -0.84877 0.13555
vn 0.50473 -0.79914 0.32652
vn 0.08089 -0.99590 -0.04042
vn 0.11604 -0.95776 -0.26312
vn 0.36200 -0.93043 0.05703
vn 0.35344 -0.90032 0.25399
vn -0.47508 -0.41559 -0.77562
vn -0.28790 -0.47520 -0.83145
vn 0.11604 -0.95776 -0.26312
vn 0.08089 -0.99590 -0.04042
vn -0.48071 0.30992 -0.82028
vn -0.37774 0.14653 -0.91424
vn -0.28790 -0.47520 -0.83145
vn -0.47508 -0.41559 -0.77562
vn -0.36327 0.53547 -0.76244
vn -0.29642 0.39060 -0.87153
vn -0.37774 0.14653 -0.91424
vn -0.48071 0.30992 -0.82028
vn -0.21851 0.63603 -0.74008
vn -0.15608 0.47609 -0.86544
vn -0.29642 0.39060 -0.87153
vn -0.36327 0.53547 -0.76244
vn 0.03985 0.67155 -0.73988
vn 0.10034 0.43773 -0.89349
vn -0.15608 0.47609 -0.86544
vn -0.21851 0.63603 -0.74008
vn 0.69798 0.39934 -0.59444
vn 0.60574 0.06911 -0.79266
vn 0.10034 0.43773 -0.89349
vn 0.03985 0.67155 -0.73988
vn 0.90030 -0.42665 0.08614
vn 0.81348 -0.53295 -0.23285
vn 0.60574 0.06911 -0.79266
vn 0.69798 0.39934 -0.59444
vn 0.66248 -0.68562 0.30172
vn 0.65663 -0.75097 0.06982
vn 0.81348 -0.53295 -0.23285
vn 0.90030 -0.42665 0.08614
vn 0.50473 -0.79914 0.32652
vn 0.51110 -0.84877 0.13555
vn 0.65663 -0.75097 0.06982
vn 0.66248 -0.68562 0.30172
vn 0.33226 -0.86725 0.37079
vn 0.35344 -0.90032 0.25399
vn 0.50473 -0.79914 0.32652
vn 0.47825 -0.75607 0.44680
vn 0.04701 -0.99273 0.11079
vn 0.08089 -0.99590 -0.04042
vn 0.35344 -0.90032 0.25399
vn 0.33226 -0.86725 0.37079
vn -0.61492 -0.35791 -0.70269
vn -0.47508 -0.41559 -0.77562
vn 0.08089 -0.99590 -0.04042
vn 0.04701 -0.99273 0.11079
vn -0.54012 0.39954 -0.74070
vn -0.48071 0.30992 -0.82028
vn -0.47508 -0.41559 -0.77562
vn -0.61492 -0.35791 -0.70269
vn -0.40838 0.61162 -0.67760
vn -0.36327 0.53547 -0.76244
vn -0.48071 0.30992 -0.82028
vn -0.54012 0.39954 -0.74070
vn -0.27121 0.72403 -0.63422
vn -0.21851 0.63603 -0.74008
vn -0.36327 0.53547 -0.76244
vn -0.40838 0.61162 -0.67760
vn -0.03549 0.81307 -0.58109
vn 0.03985 0.67155 -0.73988
vn -0.21851 0.63603 -0.74008
vn -0.27121 0.72403 -0.63422
vn 0.66132 0.68793 -0.29902
vn 0.69798 0.39934 -0.59444
vn 0.03985 0.67155 -0.73988
vn -0.03549 0.81307 -0.58109
vn 0.87279 -0.31604 0.37197
vn 0.90030 -0.42665 0.08614
vn 0.69798 0.39934 -0.59444
vn 0.66132 0.68793 -0.29902
vn 0.62707 -0.62566 0.46404
vn 0.66248 -0.68562 0.30172
vn 0.90030 -0.42665 0.08614
vn 0.87279 -0.31604 0.37197
vn 0.47825 -0.75607 0.44680
vn 0.50473 -0.79914 0.32652
vn 0.66248 -0.68562 0.30172
vn 0.62707 -0.62566 0.46404
vn 0.30187 -0.84553 0.44041
vn 0.33226 -0.86725 0.37079
vn 0.47825 -0.75607 0.44680
vn 0.43762 -0.72821 0.52745
vn 0.01139 -0.98022 0.19760
vn 0.04701 -0.99273 0.11079
vn 0.33226 -0.86725 0.37079
vn 0.30187 -0.84553 0.44041
vn -0.70269 -0.32120 -0.63486
vn -0.61492 -0.35791 -0.70269
vn 0.04701 -0.99273 0.11079
vn 0.01139 -0.98022 0.19760
vn -0.58201 0.44014 -0.68377
vn -0.54012 0.39954 -0.74070
vn -0.61492 -0.35791 -0.70269
vn -0.70269 -0.32120 -0.63486
vn -0.44972 0.64808 -0.61461
vn -0.40838 0.61162 -0.67760
vn -0.54012 0.39954 -0.74070
vn -0.58201 0.44014 -0.68377
vn -0.32789 0.76925 -0.54841
vn -0.27121 0.72403 -0.63422
vn -0.40838 0.61162 -0.67760
vn -0.44972 0.64808 -0.61461
vn -0.13039 0.88929 -0.43837
vn -0.03549 0.81307 -0.58109
vn -0.27121 0.72403 -0.63422
vn -0.32789 0.76925 -0.54841
vn 0.49425 0.86918 0.01553
vn 0.66132 0.68793 -0.29902
vn -0.03549 0.81307 -0.58109
vn -0.13039 0.88929 -0.43837
vn 0.76092 -0.23480 0.60488
vn 0.87279 -0.31604 0.37197
vn 0.66132 0.68793 -0.29902
vn 0.49425 0.86918 0.01553
vn 0.56428 -0.58456 0.58300
vn 0.62707 -0.62566 0.46404
vn 0.87279 -0.31604 0.37197
vn 0.76092 -0.23480 0.60488
vn 0.43762 -0.72821 0.52745
vn 0.47825 -0.75607 0.44680
vn 0.62707 -0.62566 0.46404
vn 0.56428 -0.58456 0.58300
vn 0.27092 -0.83778 0.47406
vn 0.30187 -0.84553 0.44041
vn 0.43762 -0.72821 0.52745
vn 0.39219 -0.71694 0.57635
vn -0.01584 -0.97361 0.22768
vn 0.01139 -0.98022 0.19760
vn 0.30187 -0.84553 0.44041
vn 0.27092 -0.83778 0.47406
vn -0.73578 -0.31287 -0.60062
vn -0.70269 -0.32120 -0.63486
vn 0.01139 -0.98022 0.19760
vn -0.01584 -0.97361 0.22768
vn -0.60970 0.44755 -0.65419
vn -0.58201 0.44014 -0.68377
vn -0.70269 -0.32120 -0.63486
vn -0.73578 -0.31287 -0.60062
vn -0.48684 0.65761 -0.57492
vn -0.44972 0.64808 -0.61461
vn -0.58201 0.44014 -0.68377
vn -0.60970 0.44755 -0.65419
vn -0.38540 0.78374 -0.48706
vn -0.32789 0.76925 -0.54841
vn -0.44972 0.64808 -0.61461
vn -0.48684 0.65761 -0.57492
vn -0.23356 0.91520 -0.32842
vn -0.13039 0.88929 -0.43837
vn -0.32789 0.76925 -0.54841
vn -0.38540 0.78374 -0.48706
vn 0.26241 0.92817 0.26389
vn 0.49425 0.86918 0.01553
vn -0.13039 0.88929 -0.43837
vn -0.23356 0.91520 -0.32842
vn 0.60865 -0.19718 0.76854
vn 0.76092 -0.23480 0.60488
vn 0.49425 0.86918 0.01553
vn 0.26241 0.92817 0.26389
vn 0.48944 -0.56609 0.66332
vn 0.56428 -0.58456 0.58300
vn 0.76092 -0.23480 0.60488
vn 0.60865 -0.19718 0.76854
vn 0.39219 -0.71694 0.57635
vn 0.43762 -0.72821 0.52745
vn 0.56428 -0.58456 0.58300
vn 0.48944 -0.56609 0.66332
vn 0.24127 -0.83992 0.48613
vn 0.27092 -0.83778 0.47406
vn 0.39219 -0.71694 0.57635
vn 0.34606 -0.71813 0.60376
vn -0.03641 -0.97351 0.22574
vn -0.01584 -0.97361 0.22768
vn 0.27092 -0.83778 0.47406
vn 0.24127 -0.83992 0.48613
vn -0.73892 -0.32217 -0.59179
vn -0.73578 -0.31287 -0.60062
vn -0.01584 -0.97361 0.22768
vn -0.03641 -0.97351 0.22574
vn -0.62933 0.43704 -0.64260
vn -0.60970 0.44755 -0.65419
vn -0.73578 -0.31287 -0.60062
vn -0.73892 -0.32217 -0.59179
vn -0.52083 0.65116 -0.55202
vn -0.48684 0.65761 -0.57492
vn -0.60970 0.44755 -0.65419
vn -0.62933 0.43704 -0.64260
vn -0.44179 0.77843 -0.44595
vn -0.38540 0.78374 -0.48706
vn -0.48684 0.65761 -0.57492
vn -0.52083 0.65116 -0.55202
vn -0.33715 0.90752 -0.25047
vn -0.23356 0.91520 -0.32842
vn -0.38540 0.78374 -0.48706
vn -0.44179 0.77843 -0.44595
vn 0.02191 0.90291 0.42927
vn 0.26241 0.92817 0.26389
vn -0.23356 0.91520 -0.32842
vn -0.33715 0.90752 -0.25047
vn 0.44599 -0.19674 0.87315
vn 0.60865 -0.19718 0.76854
vn 0.26241 0.92817 0.26389
vn 0.02191 0.90291 0.42927
vn 0.41138 -0.56601 0.71442
vn 0.48944 -0.56609 0.66332
vn 0.60865 -0.19718 0.76854
vn 0.44599 -0.19674 0.87315
vn 0.34606 -0.71813 0.60376
vn 0.39219 -0.71694 0.57635
vn 0.48944 -0.56609 0.66332
vn 0.41138 -0.56601 0.71442
vn 0.19722 -0.84679 0.49401
vn 0.24127 -0.83992 0.48613
vn 0.34606 -0.71813 0.60376
vn 0.28840 -0.72693 0.62322
vn -0.07953 -0.97146 0.22346
vn -0.03641 -0.97351 0.22574
vn 0.24127 -0.83992 0.48613
vn 0.19722 -0.84679 0.49401
vn -0.75543 -0.33722 -0.56179
vn -0.73892 -0.32217 -0.59179
vn -0.03641 -0.97351 0.22574
vn -0.07953 -0.97146 0.22346
vn -0.66096 0.41384 -0.62599
vn -0.62933 0.43704 -0.64260
vn -0.73892 -0.32217 -0.59179
vn -0.75543 -0.33722 -0.56179
vn -0.56396 0.63283 -0.53055
vn -0.52083 0.65116 -0.55202
vn -0.62933 0.43704 -0.64260
vn -0.66096 0.41384 -0.62599
vn -0.50632 0.75795 -0.41127
vn -0.44179 0.77843 -0.44595
vn -0.52083 0.65116 -0.55202
vn -0.56396 0.63283 -0.53055
vn -0.44928 0.87341 -0.18791
vn -0.33715 0.90752 -0.25047
vn -0.44179 0.77843 -0.44595
vn -0.50632 0.75795 -0.41127
vn -0.22519 0.81393 0.53554
vn 0.02191 0.90291 0.42927
vn -0.33715 0.90752 -0.25047
vn -0.44928 0.87341 -0.18791
vn 0.26583 -0.22169 0.93818
vn 0.44599 -0.19674 0.87315
vn 0.02191 0.90291 0.42927
vn -0.22519 0.81393 0.53554
vn 0.32103 -0.57800 0.75024
vn 0.41138 -0.56601 0.71442
vn 0.44599 -0.19674 0.87315
vn 0.26583 -0.22169 0.93818
vn 0.28840 -0.72693 0.62322
vn 0.34606 -0.71813 0.60376
vn 0.41138 -0.56601 0.71442
vn 0.32103 -0.57800 0.75024
vn 0.10293 -0.85361 0.51064
vn 0.19722 -0.84679 0.49401
vn 0.28840 -0.72693 0.62322
vn 0.19006 -0.74008 0.64510
vn -0.19665 -0.94945 0.24470
vn -0.07953 -0.97146 0.22346
vn 0.19722 -0.84679 0.49401
vn 0.10293 -0.85361 0.51064
vn -0.82120 -0.35225 -0.44894
vn -0.75543 -0.33722 -0.56179
vn -0.07953 -0.97146 0.22346
vn -0.19665 -0.94945 0.24470
vn -0.73510 0.36481 -0.57144
vn -0.66096 0.41384 -0.62599
vn -0.75543 -0.33722 -0.56179
vn -0.82120 -0.35225 -0.44894
vn -0.63998 0.59276 -0.48894
vn -0.56396 0.63283 -0.53055
vn -0.66096 0.41384 -0.62599
vn -0.73510 0.36481 -0.57144
vn -0.60018 0.71275 -0.36301
vn -0.50632 0.75795 -0.41127
vn -0.56396 0.63283 -0.53055
vn -0.63998 0.59276 -0.48894
vn -0.59147 0.79779 -0.11703
vn -0.44928 0.87341 -0.18791
vn -0.50632 0.75795 -0.41127
vn -0.60018 0.71275 -0.36301
vn -0.49247 0.63877 0.59114
vn -0.22519 0.81393 0.53554
vn -0.44928 0.87341 -0.18791
vn -0.59147 0.79779 -0.11703
vn 0.03069 -0.26406 0.96402
vn 0.26583 -0.22169 0.93818
vn -0.22519 0.81393 0.53554
vn -0.49247 0.63877 0.59114
vn 0.18799 -0.59718 0.77976
vn 0.32103 -0.57800 0.75024
vn 0.26583 -0.22169 0.93818
vn 0.03069 -0.26406 0.96402
vn 0.19006 -0.74008 0.64510
vn 0.28840 -0.72693 0.62322
vn 0.32103 -0.57800 0.75024
vn 0.18799 -0.59718 0.77976
vn -0.15754 -0.82333 0.54527
vn 0.10293 -0.85361 0.51064
vn 0.19006 -0.74008 0.64510
vn -0.05812 -0.73622 0.67424
vn -0.48177 -0.81876 0.31231
vn -0.19665 -0.94945 0.24470
vn 0.10293 -0.85361 0.51064
vn -0.15754 -0.82333 0.54527
vn -0.92682 -0.34239 -0.15415
vn -0.82120 -0.35225 -0.44894
vn -0.19665 -0.94945 0.24470
vn -0.48177 -0.81876 0.31231
vn -0.89928 0.22715 -0.37375
vn -0.73510 0.36481 -0.57144
vn -0.82120 -0.35225 -0.44894
vn -0.92682 -0.34239 -0.15415
vn -0.80973 0.46944 -0.35209
vn -0.63998 0.59276 -0.48894
vn -0.73510 0.36481 -0.57144
vn -0.89928 0.22715 -0.37375
vn -0.78357 0.57558 -0.23394
vn -0.60018 0.71275 -0.36301
vn -0.63998 0.59276 -0.48894
vn -0.80973 0.46944 -0.35209
vn -0.81130 0.58415 0.02365
vn -0.59147 0.79779 -0.11703
vn -0.60018 0.71275 -0.36301
vn -0.78357 0.57558 -0.23394
vn -0.76771 0.30322 0.56452
vn -0.49247 0.63877 0.59114
vn -0.59147 0.79779 -0.11703
vn -0.81130 0.58415 0.02365
vn -0.35535 -0.30583 0.88329
vn 0.03069 -0.26406 0.96402
vn -0.49247 0.63877 0.59114
vn -0.76771 0.30322 0.56452
vn -0.10285 -0.60142 0.79228
vn 0.18799 -0.59718 0.77976
vn 0.03069 -0.26406 0.96402
vn -0.35535 -0.30583 0.88329
vn -0.05812 -0.73622 0.67424
vn 0.19006 -0.74008 0.64510
vn 0.18799 -0.59718 0.77976
vn -0.10285 -0.60142 0.79228
vn -0.89882 -0.22953 0.37341
vn -0.15754 -0.82333 0.54527
vn -0.05812 -0.73622 0.67424
vn -0.89882 -0.22953 0.37341
vn -0.48177 -0.81876 0.31231
vn -0.15754 -0.82333 0.54527
vn -0.89882 -0.22953 0.37341
vn -0.92682 -0.34239 -0.15415
vn -0.48177 -0.81876 0.31231
vn -0.89882 -0.22953 0.37341
vn -0.89928 0.22715 -0.37375
vn -0.92682 -0.34239 -0.15415
vn -0.89882 -0.22953 0.37341
vn -0.80973 0.46944 -0.35209
vn -0.89928 0.22715 -0.37375
vn -0.89882 -0.22953 0.37341
vn -0.78357 0.57558 -0.23394
vn -0.80973 0.46944 -0.35209
vn -0.89882 -0.22953 0.37341
vn -0.81130 0.58415 0.02365
vn -0.78357 0.57558 -0.23394
vn -0.89882 -0.22953 0.37341
vn -0.76771 0.30322 0.56452
vn -0.81130 0.58415 0.02365
vn -0.89882 -0.22953 0.37341
vn -0.35535 -0.30583 0.88329
vn -0.76771 0.30322 0.56452
vn -0.89882 -0.22953 0.37341
vn -0.10285 -0.60142 0.79228
vn -0.35535 -0.30583 0.88329
vn -0.89882 -0.22953 0.37341
vn -0.05812 -0.73622 0.67424
vn -0.10285 -0.60142 0.79228
f 1233/1563/5083 1234/1564/5084 1235/1565/5085 
f 1234/1564/5086 1236/1566/5087 1235/1567/5088 
f 1236/1566/5089 1237/1568/5090 1235/1569/5091 
f 1237/1568/5092 1238/1570/5093 1235/1571/5094 
f 1238/1570/5095 1239/1572/5096 1235/1573/5097 
f 1239/1572/5098 1240/1574/5099 1235/1575/5100 
f 1240/1574/5101 1241/1576/5102 1235/1577/5103 
f 1241/1576/5104 1242/1578/5105 1235/1579/5106 
f 1242/1578/5107 1243/1580/5108 1235/1581/5109 
f 1243/1580/5110 1244/1582/5111 1235/1583/5112 
f 1244/1582/5113 1233/1584/5114 1235/1585/5115 
f 1245/1586/5116 1234/1564/5117 1233/1563/5118 1246/1587/5119 
f 1247/1588/5120 1236/1566/5121 1234/1564/5122 1245/1586/5123 
f 1248/1589/5124 1237/1568/5125 1236/1566/5126 1247/1588/5127 
f 1249/1590/5128 1238/1570/5129 1237/1568/5130 1248/1589/5131 
f 1250/1591/5132 1239/1572/5133 1238/1570/5134 1249/1590/5135 
f 1251/1592/5136 1240/1574/5137 1239/1572/5138 1250/1591/5139 
f 1252/1593/5140 1241/1576/5141 1240/1574/5142 1251/1592/5143 
f 1253/1594/5144 1242/1578/5145 1241/1576/5146 1252/1593/5147 
f 1254/1595/5148 1243/1580/5149 1242/1578/5150 1253/1594/5151 
f 1255/1596/5152 1244/1582/5153 1243/1580/5154 1254/1595/5155 
f 1246/1597/5156 1233/1584/5157 1244/1582/5158 1255/1596/5159 
f 1256/1598/5160 1245/1586/5161 1246/1587/5162 1257/1599/5163 
f 1258/1600/5164 1247/1588/5165 1245/1586/5166 1256/1598/5167 
f 1259/1601/5168 1248/1589/5169 1247/1588/5170 1258/1600/5171 
f 1260/1602/5172 1249/1590/5173 1248/1589/5174 1259/1601/5175 
f 1261/1603/5176 1250/1591/5177 1249/1590/5178 1260/1602/5179 
f 1262/1604/5180 1251/1592/5181 1250/1591/5182 1261/1603/5183 
f 1263/1605/5184 1252/1593/5185 1251/1592/5186 1262/1604/5187 
f 1264/1606/5188 1253/1594/5189 1252/1593/5190 1263/1605/5191 
f 1265/1607/5192 1254/1595/5193 1253/1594/5194 1264/1606/5195 
f 1266/1608/5196 1255/1596/5197 1254/1595/5198 1265/1607/5199 
f 1257/1609/5200 1246/1597/5201 1255/1596/5202 1266/1608/5203 
f 1267/1610/5204 1256/1598/5205 1257/1599/5206 1268/1611/5207 
f 1269/1612/5208 1258/1600/5209 1256/1598/5210 1267/1610/5211 
f 1270/1613/5212 1259/1601/5213 1258/1600/5214 1269/1612/5215 
f 1271/1614/5216 1260/1602/5217 1259/1601/5218 1270/1613/5219 
f 1272/1615/5220 1261/1603/5221 1260/1602/5222 1271/1614/5223 
f 1273/1616/5224 1262/1604/5225 1261/1603/5226 1272/1615/5227 
f 1274/1617/5228 1263/1605/5229 1262/1604/5230 1273/1616/5231 
f 1275/1618/5232 1264/1606/5233 1263/1605/5234 1274/1617/5235 
f 1276/1619/5236 1265/1607/5237 1264/1606/5238 1275/1618/5239 
f 1277/1620/5240 1266/1608/5241 1265/1607/5242 1276/1619/5243 
f 1268/1621/5244 1257/1609/5245 1266/1608/5246 1277/1620/5247 
f 1278/1622/5248 1267/1610/5249 1268/1611/5250 1279/1623/5251 
f 1280/1624/5252 1269/1612/5253 1267/1610/5254 1278/1622/5255 
f 1281/1625/5256 1270/1613/5257 1269/1612/5258 1280/1624/5259 
f 1282/1626/5260 1271/1614/5261 1270/1613/5262 1281/1625/5263 
f 1283/1627/5264 1272/1615/5265 1271/1614/5266 1282/1626/5267 
f 1284/1628/5268 1273/1616/5269 1272/1615/5270 1283/1627/5271 
f 1285/1629/5272 1274/1617/5273 1273/1616/5274 1284/1628/5275 
f 1286/1630/5276 1275/1618/5277 1274/1617/5278 1285/1629/5279 
f 1287/1631/5280 1276/1619/5281 1275/1618/5282 1286/1630/5283 
f 1288/1632/5284 1277/1620/5285 1276/1619/5286 1287/1631/5287 
f 1279/1633/5288 1268/1621/5289 1277/1620/5290 1288/1632/5291 
f 1289/1634/5292 1278/1622/5293 1279/1623/5294 1290/1635/5295 
f 1291/1636/5296 1280/1624/5297 1278/1622/5298 1289/1634/5299 
f 1292/1637/5300 1281/1625/5301 1280/1624/5302 1291/1636/5303 
f 1293/1638/5304 1282/1626/5305 1281/1625/5306 1292/1637/5307 
f 1294/1639/5308 1283/1627/5309 1282/1626/5310 1293/1638/5311 
f 1295/1640/5312 1284/1628/5313 1283/1627/5314 1294/1639/5315 
f 1296/1641/5316 1285/1629/5317 1284/1628/5318 1295/1640/5319 
f 1297/1642/5320 1286/1630/5321 1285/1629/5322 1296/1641/5323 
f 1298/1643/5324 1287/1631/5325 1286/1630/5326 1297/1642/5327 
f 1299/1644/5328 1288/1632/5329 1287/1631/5330 1298/1643/5331 
f 1290/1645/5332 1279/1633/5333 1288/1632/5334 1299/1644/5335 
f 1300/1646/5336 1289/1634/5337 1290/1635/5338 1301/1647/5339 
f 1302/1648/5340 1291/1636/5341 1289/1634/5342 1300/1646/5343 
f 1303/1649/5344 1292/1637/5345 1291/1636/5346 1302/1648/5347 
f 1304/1650/5348 1293/1638/5349 1292/1637/5350 1303/1649/5351 
f 1305/1651/5352 1294/1639/5353 1293/1638/5354 1304/1650/5355 
f 1306/1652/5356 1295/1640/5357 1294/1639/5358 1305/1651/5359 
f 1307/1653/5360 1296/1641/5361 1295/1640/5362 1306/1652/5363 
f 1308/1654/5364 1297/1642/5365 1296/1641/5366 1307/1653/5367 
f 1309/1655/5368 1298/1643/5369 1297/1642/5370 1308/1654/5371 
f 1310/1656/5372 1299/1644/5373 1298/1643/5374 1309/1655/5375 
f 1301/1657/5376 1290/1645/5377 1299/1644/5378 1310/1656/5379 
f 1311/1658/5380 1300/1646/5381 1301/1647/5382 1312/1659/5383 
f 1313/1660/5384 1302/1648/5385 1300/1646/5386 1311/1658/5387 
f 1314/1661/5388 1303/1649/5389 1302/1648/5390 1313/1660/5391 
f 1315/1662/5392 1304/1650/5393 1303/1649/5394 1314/1661/5395 
f 1316/1663/5396 1305/1651/5397 1304/1650/5398 1315/1662/5399 
f 1317/1664/5400 1306/1652/5401 1305/1651/5402 1316/1663/5403 
f 1318/1665/5404 1307/1653/5405 1306/1652/5406 1317/1664/5407 
f 1319/1666/5408 1308/1654/5409 1307/1653/5410 1318/1665/5411 
f 1320/1667/5412 1309/1655/5413 1308/1654/5414 1319/1666/5415 
f 1321/1668/5416 1310/1656/5417 1309/1655/5418 1320/1667/5419 
f 1312/1669/5420 1301/1657/5421 1310/1656/5422 1321/1668/5423 
f 1322/1670/5424 1311/1658/5425 1312/1659/5426 1323/1671/5427 
f 1324/1672/5428 1313/1660/5429 1311/1658/5430 1322/1670/5431 
f 1325/1673/5432 1314/1661/5433 1313/1660/5434 1324/1672/5435 
f 1326/1674/5436 1315/1662/5437 1314/1661/5438 1325/1673/5439 
f 1327/1675/5440 1316/1663/5441 1315/1662/5442 1326/1674/5443 
f 1328/1676/5444 1317/1664/5445 1316/1663/5446 1327/1675/5447 
f 1329/1677/5448 1318/1665/5449 1317/1664/5450 1328/1676/5451 
f 1330/1678/5452 1319/1666/5453 1318/1665/5454 1329/1677/5455 
f 1331/1679/5456 1320/1667/5457 1319/1666/5458 1330/1678/5459 
f 1332/1680/5460 1321/1668/5461 1320/1667/5462 1331/1679/5463 
f 1323/1681/5464 1312/1669/5465 1321/1668/5466 1332/1680/5467 
f 1333/1682/5468 1322/1670/5469 1323/1671/5470 1334/1683/5471 
f 1335/1684/5472 1324/1672/5473 1322/1670/5474 1333/1682/5475 
f 1336/1685/5476 1325/1673/5477 1324/1672/5478 1335/1684/5479 
f 1337/1686/5480 1326/1674/5481 1325/1673/5482 1336/1685/5483 
f 1338/1687/5484 1327/1675/5485 1326/1674/5486 1337/1686/5487 
f 1339/1688/5488 1328/1676/5489 1327/1675/5490 1338/1687/5491 
f 1340/1689/5492 1329/1677/5493 1328/1676/5494 1339/1688/5495 
f 1341/1690/5496 1330/1678/5497 1329/1677/5498 1340/1689/5499 
f 1342/1691/5500 1331/1679/5501 1330/1678/5502 1341/1690/5503 
f 1343/1692/5504 1332/1680/5505 1331/1679/5506 1342/1691/5507 
f 1334/1693/5508 1323/1681/5509 1332/1680/5510 1343/1692/5511 
f 1344/1694/5512 1333/1682/5513 1334/1683/5514 
f 1344/1695/5515 1335/1684/5516 1333/1682/5517 
f 1344/1696/5518 1336/1685/5519 1335/1684/5520 
f 1344/1697/5521 1337/1686/5522 1336/1685/5523 
f 1344/1698/5524 1338/1687/5525 1337/1686/5526 
f 1344/1699/5527 1339/1688/5528 1338/1687/5529 
f 1344/1700/5530 1340/1689/5531 1339/1688/5532 
f 1344/1701/5533 1341/1690/5534 1340/1689/5535 
f 1344/1702/5536 1342/1691/5537 1341/1690/5538 
f 1344/1703/5539 1343/1692/5540 1342/1691/5541 
f 1344/1704/5542 1334/1693/5543 1343/1692/5544 
o 012_Sphere_2
g Sphere_2
usemtl Spring
v 0.000 38.161 102.534
v 3.455 38.479 98.277
v 4.107 38.479 102.534
v 1.706 38.479 95.371
v -0.584 38.479 94.739
v -2.689 38.479 96.583
v -3.940 38.479 100.316
v -3.940 38.479 104.753
v -2.689 38.479 108.486
v -0.584 38.479 110.330
v 1.706 38.479 109.698
v 3.455 38.479 106.792
v 6.630 39.406 94.364
v 7.881 39.406 102.534
v 3.274 39.406 88.787
v -1.122 39.406 87.575
v -5.161 39.406 91.113
v -7.562 39.406 98.277
v -7.562 39.406 106.792
v -5.161 39.406 113.956
v -1.122 39.406 117.493
v 3.274 39.406 116.282
v 6.630 39.406 110.705
v 9.268 40.868 91.113
v 11.017 40.868 102.534
v 4.576 40.868 83.318
v -1.568 40.868 81.623
v -7.214 40.868 86.568
v -10.570 40.868 96.583
v -10.570 40.868 108.486
v -7.214 40.868 118.500
v -1.568 40.868 123.445
v 4.576 40.868 121.751
v 9.268 40.868 113.956
v 11.155 42.746 88.787
v 13.260 42.746 102.534
v 5.508 42.746 79.405
v -1.887 42.746 77.366
v -8.683 42.746 83.318
v -12.723 42.746 95.371
v -12.723 42.746 109.698
v -8.683 42.746 121.751
v -1.887 42.746 127.703
v 5.508 42.746 125.664
v 11.155 42.746 116.282
v 12.138 44.888 87.575
v 14.429 44.888 102.534
v 5.994 44.888 77.366
v -2.053 44.888 75.147
v -9.449 44.888 81.623
v -13.844 44.888 94.739
v -13.844 44.888 110.330
v -9.449 44.888 123.445
v -2.053 44.888 129.922
v 5.994 44.888 127.703
v 12.138 44.888 117.493
v 12.138 47.121 87.575
v 14.429 47.121 102.534
v 5.994 47.121 77.366
v -2.053 47.121 75.147
v -9.449 47.121 81.623
v -13.844 47.121 94.739
v -13.844 47.121 110.330
v -9.449 47.121 123.445
v -2.053 47.121 129.922
v 5.994 47.121 127.703
v 12.138 47.121 117.493
v 11.155 49.263 88.787
v 13.260 49.263 102.534
v 5.508 49.263 79.405
v -1.887 49.263 77.366
v -8.683 49.263 83.318
v -12.723 49.263 95.371
v -12.723 49.263 109.698
v -8.683 49.263 121.751
v -1.887 49.263 127.703
v 5.508 49.263 125.664
v 11.155 49.263 116.282
v 9.268 51.141 91.113
v 11.017 51.141 102.534
v 4.576 51.141 83.318
v -1.568 51.141 81.623
v -7.214 51.141 86.568
v -10.570 51.141 96.583
v -10.570 51.141 108.486
v -7.214 51.141 118.500
v -1.568 51.141 123.445
v 4.576 51.141 121.751
v 9.268 51.141 113.956
v 6.630 52.603 94.364
v 7.881 52.603 102.534
v 3.274 52.603 88.787
v -1.122 52.603 87.575
v -5.161 52.603 91.113
v -7.562 52.603 98.277
v -7.562 52.603 106.792
v -5.161 52.603 113.956
v -1.122 52.603 117.493
v 3.274 52.603 116.282
v 6.630 52.603 110.705
v 3.455 53.530 98.277
v 4.107 53.530 102.534
v 1.706 53.530 95.371
v -0.584 53.530 94.739
v -2.689 53.530 96.583
v -3.940 53.530 100.316
v -3.940 53.530 104.753
v -2.689 53.530 108.486
v -0.584 53.530 110.330
v 1.706 53.530 109.698
v 3.455 53.530 106.792
v 0.000 53.848 102.534
vt 0.04545 0.00000
vt 0.09091 0.09091
vt 0.00000 0.09091
vt 0.13636 0.00000
vt 0.18182 0.09091
vt 0.22727 0.00000
vt 0.27273 0.09091
vt 0.31818 0.00000
vt 0.36364 0.09091
vt 0.40909 0.00000
vt 0.45455 0.09091
vt 0.50000 0.00000
vt 0.54545 0.09091
vt 0.59091 0.00000
vt 0.63636 0.09091
vt 0.68182 0.00000
vt 0.72727 0.09091
vt 0.77273 0.00000
vt 0.81818 0.09091
vt 0.86364 0.00000
vt 0.90909 0.09091
vt 0.95455 0.00000
vt 1.00000 0.09091
vt 0.09091 0.18182
vt 0.00000 0.18182
vt 0.18182 0.18182
vt 0.27273 0.18182
vt 0.36364 0.18182
vt 0.45455 0.18182
vt 0.54545 0.18182
vt 0.63636 0.18182
vt 0.72727 0.18182
vt 0.81818 0.18182
vt 0.90909 0.18182
vt 1.00000 0.18182
vt 0.09091 0.27273
vt 0.00000 0.27273
vt 0.18182 0.27273
vt 0.27273 0.27273
vt 0.36364 0.27273
vt 0.45455 0.27273
vt 0.54545 0.27273
vt 0.63636 0.27273
vt 0.72727 0.27273
vt 0.81818 0.27273
vt 0.90909 0.27273
vt 1.00000 0.27273
vt 0.09091 0.36364
vt 0.00000 0.36364
vt 0.18182 0.36364
vt 0.27273 0.36364
vt 0.36364 0.36364
vt 0.45455 0.36364
vt 0.54545 0.36364
vt 0.63636 0.36364
vt 0.72727 0.36364
vt 0.81818 0.36364
vt 0.90909 0.36364
vt 1.00000 0.36364
vt 0.09091 0.45455
vt 0.00000 0.45455
vt 0.18182 0.45455
vt 0.27273 0.45455
vt 0.36364 0.45455
vt 0.45455 0.45455
vt 0.54545 0.45455
vt 0.63636 0.45455
vt 0.72727 0.45455
vt 0.81818 0.45455
vt 0.90909 0.45455
vt 1.00000 0.45455
vt 0.09091 0.54545
vt 0.00000 0.54545
vt 0.18182 0.54545
vt 0.27273 0.54545
vt 0.36364 0.54545
vt 0.45455 0.54545
vt 0.54545 0.54545
vt 0.63636 0.54545
vt 0.72727 0.54545
vt 0.81818 0.54545
vt 0.90909 0.54545
vt 1.00000 0.54545
vt 0.09091 0.63636
vt 0.00000 0.63636
vt 0.18182 0.63636
vt 0.27273 0.63636
vt 0.36364 0.63636
vt 0.45455 0.63636
vt 0.54545 0.63636
vt 0.63636 0.63636
vt 0.72727 0.63636
vt 0.81818 0.63636
vt 0.90909 0.63636
vt 1.00000 0.63636
vt 0.09091 0.72727
vt 0.00000 0.72727
vt 0.18182 0.72727
vt 0.27273 0.72727
vt 0.36364 0.72727
vt 0.45455 0.72727
vt 0.54545 0.72727
vt 0.63636 0.72727
vt 0.72727 0.72727
vt 0.81818 0.72727
vt 0.90909 0.72727
vt 1.00000 0.72727
vt 0.09091 0.81818
vt 0.00000 0.81818
vt 0.18182 0.81818
vt 0.27273 0.81818
vt 0.36364 0.81818
vt 0.45455 0.81818
vt 0.54545 0.81818
vt 0.63636 0.81818
vt 0.72727 0.81818
vt 0.81818 0.81818
vt 0.90909 0.81818
vt 1.00000 0.81818
vt 0.09091 0.90909
vt 0.00000 0.90909
vt 0.18182 0.90909
vt 0.27273 0.90909
vt 0.36364 0.90909
vt 0.45455 0.90909
vt 0.54545 0.90909
vt 0.63636 0.90909
vt 0.72727 0.90909
vt 0.81818 0.90909
vt 0.90909 0.90909
vt 1.00000 0.90909
vt 0.04545 1.00000
vt 0.13636 1.00000
vt 0.22727 1.00000
vt 0.31818 1.00000
vt 0.40909 1.00000
vt 0.50000 1.00000
vt 0.59091 1.00000
vt 0.68182 1.00000
vt 0.77273 1.00000
vt 0.86364 1.00000
vt 0.95455 1.00000
vn 0.00000 -1.00000 -0.00000
vn 0.13162 -0.99032 -0.04411
vn 0.15605 -0.98775 -0.00000
vn 0.00000 -1.00000 -0.00000
vn 0.06531 -0.99507 -0.07457
vn 0.13162 -0.99032 -0.04411
vn 0.00000 -1.00000 -0.00000
vn -0.02240 -0.99644 -0.08126
vn 0.06531 -0.99507 -0.07457
vn 0.00000 -1.00000 -0.00000
vn -0.10271 -0.99279 -0.06181
vn -0.02240 -0.99644 -0.08126
vn 0.00000 -1.00000 -0.00000
vn -0.14984 -0.98844 -0.02294
vn -0.10271 -0.99279 -0.06181
vn 0.00000 -1.00000 -0.00000
vn -0.14984 -0.98844 0.02294
vn -0.14984 -0.98844 -0.02294
vn 0.00000 -1.00000 -0.00000
vn -0.10271 -0.99279 0.06181
vn -0.14984 -0.98844 0.02294
vn 0.00000 -1.00000 -0.00000
vn -0.02240 -0.99644 0.08126
vn -0.10271 -0.99279 0.06181
vn 0.00000 -1.00000 -0.00000
vn 0.06531 -0.99507 0.07457
vn -0.02240 -0.99644 0.08126
vn 0.00000 -1.00000 -0.00000
vn 0.13162 -0.99032 0.04411
vn 0.06531 -0.99507 0.07457
vn 0.00000 -1.00000 -0.00000
vn 0.15605 -0.98775 -0.00000
vn 0.13162 -0.99032 0.04411
vn 0.15605 -0.98775 -0.00000
vn 0.13162 -0.99032 -0.04411
vn 0.27810 -0.95602 -0.09320
vn 0.32680 -0.94509 -0.00000
vn 0.13162 -0.99032 -0.04411
vn 0.06531 -0.99507 -0.07457
vn 0.14035 -0.97705 -0.16026
vn 0.27810 -0.95602 -0.09320
vn 0.06531 -0.99507 -0.07457
vn -0.02240 -0.99644 -0.08126
vn -0.04839 -0.98329 -0.17550
vn 0.14035 -0.97705 -0.16026
vn -0.02240 -0.99644 -0.08126
vn -0.10271 -0.99279 -0.06181
vn -0.21893 -0.96681 -0.13175
vn -0.04839 -0.98329 -0.17550
vn -0.10271 -0.99279 -0.06181
vn -0.14984 -0.98844 -0.02294
vn -0.31454 -0.94802 -0.04816
vn -0.21893 -0.96681 -0.13175
vn -0.14984 -0.98844 -0.02294
vn -0.14984 -0.98844 0.02294
vn -0.31454 -0.94802 0.04816
vn -0.31454 -0.94802 -0.04816
vn -0.14984 -0.98844 0.02294
vn -0.10271 -0.99279 0.06181
vn -0.21893 -0.96681 0.13175
vn -0.31454 -0.94802 0.04816
vn -0.10271 -0.99279 0.06181
vn -0.02240 -0.99644 0.08126
vn -0.04839 -0.98329 0.17550
vn -0.21893 -0.96681 0.13175
vn -0.02240 -0.99644 0.08126
vn 0.06531 -0.99507 0.07457
vn 0.14035 -0.97705 0.16026
vn -0.04839 -0.98329 0.17550
vn 0.06531 -0.99507 0.07457
vn 0.13162 -0.99032 0.04411
vn 0.27810 -0.95602 0.09320
vn 0.14035 -0.97705 0.16026
vn 0.13162 -0.99032 0.04411
vn 0.15605 -0.98775 -0.00000
vn 0.32680 -0.94509 -0.00000
vn 0.27810 -0.95602 0.09320
vn 0.32680 -0.94509 -0.00000
vn 0.27810 -0.95602 -0.09320
vn 0.45754 -0.87587 -0.15333
vn 0.52752 -0.84954 -0.00000
vn 0.27810 -0.95602 -0.09320
vn 0.14035 -0.97705 -0.16026
vn 0.24020 -0.93117 -0.27427
vn 0.45754 -0.87587 -0.15333
vn 0.14035 -0.97705 -0.16026
vn -0.04839 -0.98329 -0.17550
vn -0.08386 -0.94893 -0.30414
vn 0.24020 -0.93117 -0.27427
vn -0.04839 -0.98329 -0.17550
vn -0.21893 -0.96681 -0.13175
vn -0.36736 -0.90342 -0.22108
vn -0.08386 -0.94893 -0.30414
vn -0.21893 -0.96681 -0.13175
vn -0.31454 -0.94802 -0.04816
vn -0.51028 -0.85645 -0.07813
vn -0.36736 -0.90342 -0.22108
vn -0.31454 -0.94802 -0.04816
vn -0.31454 -0.94802 0.04816
vn -0.51028 -0.85645 0.07813
vn -0.51028 -0.85645 -0.07813
vn -0.31454 -0.94802 0.04816
vn -0.21893 -0.96681 0.13175
vn -0.36736 -0.90342 0.22108
vn -0.51028 -0.85645 0.07813
vn -0.21893 -0.96681 0.13175
vn -0.04839 -0.98329 0.17550
vn -0.08386 -0.94893 0.30414
vn -0.36736 -0.90342 0.22108
vn -0.04839 -0.98329 0.17550
vn 0.14035 -0.97705 0.16026
vn 0.24020 -0.93117 0.27427
vn -0.08386 -0.94893 0.30414
vn 0.14035 -0.97705 0.16026
vn 0.27810 -0.95602 0.09320
vn 0.45754 -0.87587 0.15333
vn 0.24020 -0.93117 0.27427
vn 0.27810 -0.95602 0.09320
vn 0.32680 -0.94509 -0.00000
vn 0.52752 -0.84954 -0.00000
vn 0.45754 -0.87587 0.15333
vn 0.52752 -0.84954 -0.00000
vn 0.45754 -0.87587 -0.15333
vn 0.68515 -0.69127 -0.22961
vn 0.76240 -0.64710 -0.00000
vn 0.45754 -0.87587 -0.15333
vn 0.24020 -0.93117 -0.27427
vn 0.39289 -0.80273 -0.44862
vn 0.68515 -0.69127 -0.22961
vn 0.24020 -0.93117 -0.27427
vn -0.08386 -0.94893 -0.30414
vn -0.14181 -0.84578 -0.51434
vn 0.39289 -0.80273 -0.44862
vn -0.08386 -0.94893 -0.30414
vn -0.36736 -0.90342 -0.22108
vn -0.57335 -0.74311 -0.34504
vn -0.14181 -0.84578 -0.51434
vn -0.36736 -0.90342 -0.22108
vn -0.51028 -0.85645 -0.07813
vn -0.74413 -0.65825 -0.11394
vn -0.57335 -0.74311 -0.34504
vn -0.51028 -0.85645 -0.07813
vn -0.51028 -0.85645 0.07813
vn -0.74413 -0.65825 0.11394
vn -0.74413 -0.65825 -0.11394
vn -0.51028 -0.85645 0.07813
vn -0.36736 -0.90342 0.22108
vn -0.57335 -0.74311 0.34504
vn -0.74413 -0.65825 0.11394
vn -0.36736 -0.90342 0.22108
vn -0.08386 -0.94893 0.30414
vn -0.14181 -0.84578 0.51434
vn -0.57335 -0.74311 0.34504
vn -0.08386 -0.94893 0.30414
vn 0.24020 -0.93117 0.27427
vn 0.39289 -0.80273 0.44862
vn -0.14181 -0.84578 0.51434
vn 0.24020 -0.93117 0.27427
vn 0.45754 -0.87587 0.15333
vn 0.68515 -0.69127 0.22961
vn 0.39289 -0.80273 0.44862
vn 0.45754 -0.87587 0.15333
vn 0.52752 -0.84954 -0.00000
vn 0.76240 -0.64710 -0.00000
vn 0.68515 -0.69127 0.22961
vn 0.76240 -0.64710 -0.00000
vn 0.68515 -0.69127 -0.22961
vn 0.90789 -0.28838 -0.30426
vn 0.96610 -0.25816 -0.00000
vn 0.68515 -0.69127 -0.22961
vn 0.39289 -0.80273 -0.44862
vn 0.60661 -0.39020 -0.69266
vn 0.90789 -0.28838 -0.30426
vn 0.39289 -0.80273 -0.44862
vn -0.14181 -0.84578 -0.51434
vn -0.23783 -0.44655 -0.86257
vn 0.60661 -0.39020 -0.69266
vn -0.14181 -0.84578 -0.51434
vn -0.57335 -0.74311 -0.34504
vn -0.80880 -0.33003 -0.48674
vn -0.23783 -0.44655 -0.86257
vn -0.57335 -0.74311 -0.34504
vn -0.74413 -0.65825 -0.11394
vn -0.95303 -0.26542 -0.14592
vn -0.80880 -0.33003 -0.48674
vn -0.74413 -0.65825 -0.11394
vn -0.74413 -0.65825 0.11394
vn -0.95303 -0.26542 0.14592
vn -0.95303 -0.26542 -0.14592
vn -0.74413 -0.65825 0.11394
vn -0.57335 -0.74311 0.34504
vn -0.80880 -0.33003 0.48674
vn -0.95303 -0.26542 0.14592
vn -0.57335 -0.74311 0.34504
vn -0.14181 -0.84578 0.51434
vn -0.23783 -0.44655 0.86257
vn -0.80880 -0.33003 0.48674
vn -0.14181 -0.84578 0.51434
vn 0.39289 -0.80273 0.44862
vn 0.60661 -0.39020 0.69266
vn -0.23783 -0.44655 0.86257
vn 0.39289 -0.80273 0.44862
vn 0.68515 -0.69127 0.22961
vn 0.90789 -0.28838 0.30426
vn 0.60661 -0.39020 0.69266
vn 0.68515 -0.69127 0.22961
vn 0.76240 -0.64710 -0.00000
vn 0.96610 -0.25816 -0.00000
vn 0.90789 -0.28838 0.30426
vn 0.96610 -0.25816 -0.00000
vn 0.90789 -0.28838 -0.30426
vn 0.90789 0.28838 -0.30426
vn 0.96610 0.25816 0.00000
vn 0.90789 -0.28838 -0.30426
vn 0.60661 -0.39020 -0.69266
vn 0.60661 0.39020 -0.69266
vn 0.90789 0.28838 -0.30426
vn 0.60661 -0.39020 -0.69266
vn -0.23783 -0.44655 -0.86257
vn -0.23783 0.44655 -0.86257
vn 0.60661 0.39020 -0.69266
vn -0.23783 -0.44655 -0.86257
vn -0.80880 -0.33003 -0.48674
vn -0.80880 0.33003 -0.48674
vn -0.23783 0.44655 -0.86257
vn -0.80880 -0.33003 -0.48674
vn -0.95303 -0.26542 -0.14592
vn -0.95303 0.26542 -0.14592
vn -0.80880 0.33003 -0.48674
vn -0.95303 -0.26542 -0.14592
vn -0.95303 -0.26542 0.14592
vn -0.95303 0.26542 0.14592
vn -0.95303 0.26542 -0.14592
vn -0.95303 -0.26542 0.14592
vn -0.80880 -0.33003 0.48674
vn -0.80880 0.33003 0.48674
vn -0.95303 0.26542 0.14592
vn -0.80880 -0.33003 0.48674
vn -0.23783 -0.44655 0.86257
vn -0.23783 0.44655 0.86257
vn -0.80880 0.33003 0.48674
vn -0.23783 -0.44655 0.86257
vn 0.60661 -0.39020 0.69266
vn 0.60661 0.39020 0.69266
vn -0.23783 0.44655 0.86257
vn 0.60661 -0.39020 0.69266
vn 0.90789 -0.28838 0.30426
vn 0.90789 0.28838 0.30426
vn 0.60661 0.39020 0.69266
vn 0.90789 -0.28838 0.30426
vn 0.96610 -0.25816 -0.00000
vn 0.96610 0.25816 0.00000
vn 0.90789 0.28838 0.30426
vn 0.96610 0.25816 0.00000
vn 0.90789 0.28838 -0.30426
vn 0.68515 0.69127 -0.22961
vn 0.76240 0.64710 0.00000
vn 0.90789 0.28838 -0.30426
vn 0.60661 0.39020 -0.69266
vn 0.39289 0.80273 -0.44862
vn 0.68515 0.69127 -0.22961
vn 0.60661 0.39020 -0.69266
vn -0.23783 0.44655 -0.86257
vn -0.14181 0.84578 -0.51434
vn 0.39289 0.80273 -0.44862
vn -0.23783 0.44655 -0.86257
vn -0.80880 0.33003 -0.48674
vn -0.57335 0.74311 -0.34504
vn -0.14181 0.84578 -0.51434
vn -0.80880 0.33003 -0.48674
vn -0.95303 0.26542 -0.14592
vn -0.74413 0.65825 -0.11394
vn -0.57335 0.74311 -0.34504
vn -0.95303 0.26542 -0.14592
vn -0.95303 0.26542 0.14592
vn -0.74413 0.65825 0.11394
vn -0.74413 0.65825 -0.11394
vn -0.95303 0.26542 0.14592
vn -0.80880 0.33003 0.48674
vn -0.57335 0.74311 0.34504
vn -0.74413 0.65825 0.11394
vn -0.80880 0.33003 0.48674
vn -0.23783 0.44655 0.86257
vn -0.14181 0.84578 0.51434
vn -0.57335 0.74311 0.34504
vn -0.23783 0.44655 0.86257
vn 0.60661 0.39020 0.69266
vn 0.39289 0.80273 0.44862
vn -0.14181 0.84578 0.51434
vn 0.60661 0.39020 0.69266
vn 0.90789 0.28838 0.30426
vn 0.68515 0.69127 0.22961
vn 0.39289 0.80273 0.44862
vn 0.90789 0.28838 0.30426
vn 0.96610 0.25816 0.00000
vn 0.76240 0.64710 0.00000
vn 0.68515 0.69127 0.22961
vn 0.76240 0.64710 0.00000
vn 0.68515 0.69127 -0.22961
vn 0.45754 0.87587 -0.15333
vn 0.52752 0.84954 0.00000
vn 0.68515 0.69127 -0.22961
vn 0.39289 0.80273 -0.44862
vn 0.24020 0.93117 -0.27427
vn 0.45754 0.87587 -0.15333
vn 0.39289 0.80273 -0.44862
vn -0.14181 0.84578 -0.51434
vn -0.08386 0.94893 -0.30414
vn 0.24020 0.93117 -0.27427
vn -0.14181 0.84578 -0.51434
vn -0.57335 0.74311 -0.34504
vn -0.36736 0.90342 -0.22108
vn -0.08386 0.94893 -0.30414
vn -0.57335 0.74311 -0.34504
vn -0.74413 0.65825 -0.11394
vn -0.51028 0.85645 -0.07813
vn -0.36736 0.90342 -0.22108
vn -0.74413 0.65825 -0.11394
vn -0.74413 0.65825 0.11394
vn -0.51028 0.85645 0.07813
vn -0.51028 0.85645 -0.07813
vn -0.74413 0.65825 0.11394
vn -0.57335 0.74311 0.34504
vn -0.36736 0.90342 0.22108
vn -0.51028 0.85645 0.07813
vn -0.57335 0.74311 0.34504
vn -0.14181 0.84578 0.51434
vn -0.08386 0.94893 0.30414
vn -0.36736 0.90342 0.22108
vn -0.14181 0.84578 0.51434
vn 0.39289 0.80273 0.44862
vn 0.24020 0.93117 0.27427
vn -0.08386 0.94893 0.30414
vn 0.39289 0.80273 0.44862
vn 0.68515 0.69127 0.22961
vn 0.45754 0.87587 0.15333
vn 0.24020 0.93117 0.27427
vn 0.68515 0.69127 0.22961
vn 0.76240 0.64710 0.00000
vn 0.52752 0.84954 0.00000
vn 0.45754 0.87587 0.15333
vn 0.52752 0.84954 0.00000
vn 0.45754 0.87587 -0.15333
vn 0.27810 0.95602 -0.09320
vn 0.32680 0.94509 0.00000
vn 0.45754 0.87587 -0.15333
vn 0.24020 0.93117 -0.27427
vn 0.14035 0.97705 -0.16026
vn 0.27810 0.95602 -0.09320
vn 0.24020 0.93117 -0.27427
vn -0.08386 0.94893 -0.30414
vn -0.04839 0.98329 -0.17550
vn 0.14035 0.97705 -0.16026
vn -0.08386 0.94893 -0.30414
vn -0.36736 0.90342 -0.22108
vn -0.21893 0.96681 -0.13175
vn -0.04839 0.98329 -0.17550
vn -0.36736 0.90342 -0.22108
vn -0.51028 0.85645 -0.07813
vn -0.31454 0.94802 -0.04816
vn -0.21893 0.96681 -0.13175
vn -0.51028 0.85645 -0.07813
vn -0.51028 0.85645 0.07813
vn -0.31454 0.94802 0.04816
vn -0.31454 0.94802 -0.04816
vn -0.51028 0.85645 0.07813
vn -0.36736 0.90342 0.22108
vn -0.21893 0.96681 0.13175
vn -0.31454 0.94802 0.04816
vn -0.36736 0.90342 0.22108
vn -0.08386 0.94893 0.30414
vn -0.04839 0.98329 0.17550
vn -0.21893 0.96681 0.13175
vn -0.08386 0.94893 0.30414
vn 0.24020 0.93117 0.27427
vn 0.14035 0.97705 0.16026
vn -0.04839 0.98329 0.17550
vn 0.24020 0.93117 0.27427
vn 0.45754 0.87587 0.15333
vn 0.27810 0.95602 0.09320
vn 0.14035 0.97705 0.16026
vn 0.45754 0.87587 0.15333
vn 0.52752 0.84954 0.00000
vn 0.32680 0.94509 0.00000
vn 0.27810 0.95602 0.09320
vn 0.32680 0.94509 0.00000
vn 0.27810 0.95602 -0.09320
vn 0.13162 0.99032 -0.04411
vn 0.15605 0.98775 0.00000
vn 0.27810 0.95602 -0.09320
vn 0.14035 0.97705 -0.16026
vn 0.06531 0.99507 -0.07457
vn 0.13162 0.99032 -0.04411
vn 0.14035 0.97705 -0.16026
vn -0.04839 0.98329 -0.17550
vn -0.02240 0.99644 -0.08126
vn 0.06531 0.99507 -0.07457
vn -0.04839 0.98329 -0.17550
vn -0.21893 0.96681 -0.13175
vn -0.10271 0.99279 -0.06181
vn -0.02240 0.99644 -0.08126
vn -0.21893 0.96681 -0.13175
vn -0.31454 0.94802 -0.04816
vn -0.14984 0.98844 -0.02294
vn -0.10271 0.99279 -0.06181
vn -0.31454 0.94802 -0.04816
vn -0.31454 0.94802 0.04816
vn -0.14984 0.98844 0.02294
vn -0.14984 0.98844 -0.02294
vn -0.31454 0.94802 0.04816
vn -0.21893 0.96681 0.13175
vn -0.10271 0.99279 0.06181
vn -0.14984 0.98844 0.02294
vn -0.21893 0.96681 0.13175
vn -0.04839 0.98329 0.17550
vn -0.02240 0.99644 0.08126
vn -0.10271 0.99279 0.06181
vn -0.04839 0.98329 0.17550
vn 0.14035 0.97705 0.16026
vn 0.06531 0.99507 0.07457
vn -0.02240 0.99644 0.08126
vn 0.14035 0.97705 0.16026
vn 0.27810 0.95602 0.09320
vn 0.13162 0.99032 0.04411
vn 0.06531 0.99507 0.07457
vn 0.27810 0.95602 0.09320
vn 0.32680 0.94509 0.00000
vn 0.15605 0.98775 0.00000
vn 0.13162 0.99032 0.04411
vn 0.15605 0.98775 0.00000
vn 0.13162 0.99032 -0.04411
vn 0.00000 1.00000 0.00000
vn 0.13162 0.99032 -0.04411
vn 0.06531 0.99507 -0.07457
vn 0.00000 1.00000 0.00000
vn 0.06531 0.99507 -0.07457
vn -0.02240 0.99644 -0.08126
vn 0.00000 1.00000 0.00000
vn -0.02240 0.99644 -0.08126
vn -0.10271 0.99279 -0.06181
vn 0.00000 1.00000 0.00000
vn -0.10271 0.99279 -0.06181
vn -0.14984 0.98844 -0.02294
vn 0.00000 1.00000 0.00000
vn -0.14984 0.98844 -0.02294
vn -0.14984 0.98844 0.02294
vn 0.00000 1.00000 0.00000
vn -0.14984 0.98844 0.02294
vn -0.10271 0.99279 0.06181
vn 0.00000 1.00000 0.00000
vn -0.10271 0.99279 0.06181
vn -0.02240 0.99644 0.08126
vn 0.00000 1.00000 0.00000
vn -0.02240 0.99644 0.08126
vn 0.06531 0.99507 0.07457
vn 0.00000 1.00000 0.00000
vn 0.06531 0.99507 0.07457
vn 0.13162 0.99032 0.04411
vn 0.00000 1.00000 0.00000
vn 0.13162 0.99032 0.04411
vn 0.15605 0.98775 0.00000
vn 0.00000 1.00000 0.00000
f 1345/1705/5545 1346/1706/5546 1347/1707/5547 
f 1345/1708/5548 1348/1709/5549 1346/1706/5550 
f 1345/1710/5551 1349/1711/5552 1348/1709/5553 
f 1345/1712/5554 1350/1713/5555 1349/1711/5556 
f 1345/1714/5557 1351/1715/5558 1350/1713/5559 
f 1345/1716/5560 1352/1717/5561 1351/1715/5562 
f 1345/1718/5563 1353/1719/5564 1352/1717/5565 
f 1345/1720/5566 1354/1721/5567 1353/1719/5568 
f 1345/1722/5569 1355/1723/5570 1354/1721/5571 
f 1345/1724/5572 1356/1725/5573 1355/1723/5574 
f 1345/1726/5575 1347/1727/5576 1356/1725/5577 
f 1347/1707/5578 1346/1706/5579 1357/1728/5580 1358/1729/5581 
f 1346/1706/5582 1348/1709/5583 1359/1730/5584 1357/1728/5585 
f 1348/1709/5586 1349/1711/5587 1360/1731/5588 1359/1730/5589 
f 1349/1711/5590 1350/1713/5591 1361/1732/5592 1360/1731/5593 
f 1350/1713/5594 1351/1715/5595 1362/1733/5596 1361/1732/5597 
f 1351/1715/5598 1352/1717/5599 1363/1734/5600 1362/1733/5601 
f 1352/1717/5602 1353/1719/5603 1364/1735/5604 1363/1734/5605 
f 1353/1719/5606 1354/1721/5607 1365/1736/5608 1364/1735/5609 
f 1354/1721/5610 1355/1723/5611 1366/1737/5612 1365/1736/5613 
f 1355/1723/5614 1356/1725/5615 1367/1738/5616 1366/1737/5617 
f 1356/1725/5618 1347/1727/5619 1358/1739/5620 1367/1738/5621 
f 1358/1729/5622 1357/1728/5623 1368/1740/5624 1369/1741/5625 
f 1357/1728/5626 1359/1730/5627 1370/1742/5628 1368/1740/5629 
f 1359/1730/5630 1360/1731/5631 1371/1743/5632 1370/1742/5633 
f 1360/1731/5634 1361/1732/5635 1372/1744/5636 1371/1743/5637 
f 1361/1732/5638 1362/1733/5639 1373/1745/5640 1372/1744/5641 
f 1362/1733/5642 1363/1734/5643 1374/1746/5644 1373/1745/5645 
f 1363/1734/5646 1364/1735/5647 1375/1747/5648 1374/1746/5649 
f 1364/1735/5650 1365/1736/5651 1376/1748/5652 1375/1747/5653 
f 1365/1736/5654 1366/1737/5655 1377/1749/5656 1376/1748/5657 
f 1366/1737/5658 1367/1738/5659 1378/1750/5660 1377/1749/5661 
f 1367/1738/5662 1358/1739/5663 1369/1751/5664 1378/1750/5665 
f 1369/1741/5666 1368/1740/5667 1379/1752/5668 1380/1753/5669 
f 1368/1740/5670 1370/1742/5671 1381/1754/5672 1379/1752/5673 
f 1370/1742/5674 1371/1743/5675 1382/1755/5676 1381/1754/5677 
f 1371/1743/5678 1372/1744/5679 1383/1756/5680 1382/1755/5681 
f 1372/1744/5682 1373/1745/5683 1384/1757/5684 1383/1756/5685 
f 1373/1745/5686 1374/1746/5687 1385/1758/5688 1384/1757/5689 
f 1374/1746/5690 1375/1747/5691 1386/1759/5692 1385/1758/5693 
f 1375/1747/5694 1376/1748/5695 1387/1760/5696 1386/1759/5697 
f 1376/1748/5698 1377/1749/5699 1388/1761/5700 1387/1760/5701 
f 1377/1749/5702 1378/1750/5703 1389/1762/5704 1388/1761/5705 
f 1378/1750/5706 1369/1751/5707 1380/1763/5708 1389/1762/5709 
f 1380/1753/5710 1379/1752/5711 1390/1764/5712 1391/1765/5713 
f 1379/1752/5714 1381/1754/5715 1392/1766/5716 1390/1764/5717 
f 1381/1754/5718 1382/1755/5719 1393/1767/5720 1392/1766/5721 
f 1382/1755/5722 1383/1756/5723 1394/1768/5724 1393/1767/5725 
f 1383/1756/5726 1384/1757/5727 1395/1769/5728 1394/1768/5729 
f 1384/1757/5730 1385/1758/5731 1396/1770/5732 1395/1769/5733 
f 1385/1758/5734 1386/1759/5735 1397/1771/5736 1396/1770/5737 
f 1386/1759/5738 1387/1760/5739 1398/1772/5740 1397/1771/5741 
f 1387/1760/5742 1388/1761/5743 1399/1773/5744 1398/1772/5745 
f 1388/1761/5746 1389/1762/5747 1400/1774/5748 1399/1773/5749 
f 1389/1762/5750 1380/1763/5751 1391/1775/5752 1400/1774/5753 
f 1391/1765/5754 1390/1764/5755 1401/1776/5756 1402/1777/5757 
f 1390/1764/5758 1392/1766/5759 1403/1778/5760 1401/1776/5761 
f 1392/1766/5762 1393/1767/5763 1404/1779/5764 1403/1778/5765 
f 1393/1767/5766 1394/1768/5767 1405/1780/5768 1404/1779/5769 
f 1394/1768/5770 1395/1769/5771 1406/1781/5772 1405/1780/5773 
f 1395/1769/5774 1396/1770/5775 1407/1782/5776 1406/1781/5777 
f 1396/1770/5778 1397/1771/5779 1408/1783/5780 1407/1782/5781 
f 1397/1771/5782 1398/1772/5783 1409/1784/5784 1408/1783/5785 
f 1398/1772/5786 1399/1773/5787 1410/1785/5788 1409/1784/5789 
f 1399/1773/5790 1400/1774/5791 1411/1786/5792 1410/1785/5793 
f 1400/1774/5794 1391/1775/5795 1402/1787/5796 1411/1786/5797 
f 1402/1777/5798 1401/1776/5799 1412/1788/5800 1413/1789/5801 
f 1401/1776/5802 1403/1778/5803 1414/1790/5804 1412/1788/5805 
f 1403/1778/5806 1404/1779/5807 1415/1791/5808 1414/1790/5809 
f 1404/1779/5810 1405/1780/5811 1416/1792/5812 1415/1791/5813 
f 1405/1780/5814 1406/1781/5815 1417/1793/5816 1416/1792/5817 
f 1406/1781/5818 1407/1782/5819 1418/1794/5820 1417/1793/5821 
f 1407/1782/5822 1408/1783/5823 1419/1795/5824 1418/1794/5825 
f 1408/1783/5826 1409/1784/5827 1420/1796/5828 1419/1795/5829 
f 1409/1784/5830 1410/1785/5831 1421/1797/5832 1420/1796/5833 
f 1410/1785/5834 1411/1786/5835 1422/1798/5836 1421/1797/5837 
f 1411/1786/5838 1402/1787/5839 1413/1799/5840 1422/1798/5841 
f 1413/1789/5842 1412/1788/5843 1423/1800/5844 1424/1801/5845 
f 1412/1788/5846 1414/1790/5847 1425/1802/5848 1423/1800/5849 
f 1414/1790/5850 1415/1791/5851 1426/1803/5852 1425/1802/5853 
f 1415/1791/5854 1416/1792/5855 1427/1804/5856 1426/1803/5857 
f 1416/1792/5858 1417/1793/5859 1428/1805/5860 1427/1804/5861 
f 1417/1793/5862 1418/1794/5863 1429/1806/5864 1428/1805/5865 
f 1418/1794/5866 1419/1795/5867 1430/1807/5868 1429/1806/5869 
f 1419/1795/5870 1420/1796/5871 1431/1808/5872 1430/1807/5873 
f 1420/1796/5874 1421/1797/5875 1432/1809/5876 1431/1808/5877 
f 1421/1797/5878 1422/1798/5879 1433/1810/5880 1432/1809/5881 
f 1422/1798/5882 1413/1799/5883 1424/1811/5884 1433/1810/5885 
f 1424/1801/5886 1423/1800/5887 1434/1812/5888 1435/1813/5889 
f 1423/1800/5890 1425/1802/5891 1436/1814/5892 1434/1812/5893 
f 1425/1802/5894 1426/1803/5895 1437/1815/5896 1436/1814/5897 
f 1426/1803/5898 1427/1804/5899 1438/1816/5900 1437/1815/5901 
f 1427/1804/5902 1428/1805/5903 1439/1817/5904 1438/1816/5905 
f 1428/1805/5906 1429/1806/5907 1440/1818/5908 1439/1817/5909 
f 1429/1806/5910 1430/1807/5911 1441/1819/5912 1440/1818/5913 
f 1430/1807/5914 1431/1808/5915 1442/1820/5916 1441/1819/5917 
f 1431/1808/5918 1432/1809/5919 1443/1821/5920 1442/1820/5921 
f 1432/1809/5922 1433/1810/5923 1444/1822/5924 1443/1821/5925 
f 1433/1810/5926 1424/1811/5927 1435/1823/5928 1444/1822/5929 
f 1435/1813/5930 1434/1812/5931 1445/1824/5932 1446/1825/5933 
f 1434/1812/5934 1436/1814/5935 1447/1826/5936 1445/1824/5937 
f 1436/1814/5938 1437/1815/5939 1448/1827/5940 1447/1826/5941 
f 1437/1815/5942 1438/1816/5943 1449/1828/5944 1448/1827/5945 
f 1438/1816/5946 1439/1817/5947 1450/1829/5948 1449/1828/5949 
f 1439/1817/5950 1440/1818/5951 1451/1830/5952 1450/1829/5953 
f 1440/1818/5954 1441/1819/5955 1452/1831/5956 1451/1830/5957 
f 1441/1819/5958 1442/1820/5959 1453/1832/5960 1452/1831/5961 
f 1442/1820/5962 1443/1821/5963 1454/1833/5964 1453/1832/5965 
f 1443/1821/5966 1444/1822/5967 1455/1834/5968 1454/1833/5969 
f 1444/1822/5970 1435/1823/5971 1446/1835/5972 1455/1834/5973 
f 1446/1825/5974 1445/1824/5975 1456/1836/5976 
f 1445/1824/5977 1447/1826/5978 1456/1837/5979 
f 1447/1826/5980 1448/1827/5981 1456/1838/5982 
f 1448/1827/5983 1449/1828/5984 1456/1839/5985 
f 1449/1828/5986 1450/1829/5987 1456/1840/5988 
f 1450/1829/5989 1451/1830/5990 1456/1841/5991 
f 1451/1830/5992 1452/1831/5993 1456/1842/5994 
f 1452/1831/5995 1453/1832/5996 1456/1843/5997 
f 1453/1832/5998 1454/1833/5999 1456/1844/6000 
f 1454/1833/6001 1455/1834/6002 1456/1845/6003 
f 1455/1834/6004 1446/1835/6005 1456/1846/6006 
o 013_Cone_2
g Cone_2
usemtl Clear View0
v 3.798 50.913 166.386
v 5.243 51.842 163.829
v 2.589 54.142 163.829
v 1.875 52.579 166.386
v 6.202 52.458 160.601
v 3.063 55.179 160.601
v 9.479 54.565 145.440
v 4.681 58.723 145.440
v 13.603 57.215 130.278
v 6.717 63.181 130.278
v 18.932 60.640 115.117
v 9.349 68.944 115.117
v 24.691 64.341 99.955
v 12.193 75.171 99.955
v 30.158 67.854 84.793
v 14.892 81.082 84.793
v 30.785 68.257 82.088
v 15.202 81.760 82.088
v 30.845 68.296 79.327
v 15.232 81.825 79.327
v 30.328 67.963 76.663
v 14.976 81.266 76.663
v 29.266 67.281 74.246
v 14.452 80.117 74.246
v 0.985 50.629 168.026
v -0.642 52.941 166.386
v -0.337 50.819 168.026
v -0.887 54.642 163.829
v -1.049 55.770 160.601
v -1.604 59.626 145.440
v -2.301 64.478 130.278
v -3.203 70.749 115.117
v -4.177 77.524 99.955
v -5.102 83.956 84.793
v -5.208 84.695 82.088
v -5.218 84.765 79.327
v -5.131 84.157 76.663
v -4.951 82.907 74.246
v -2.956 51.884 166.386
v -1.690 50.423 167.866
v -1.206 50.423 168.026
v -4.082 53.183 163.829
v -4.828 54.044 160.601
v -7.379 56.989 145.440
v -10.589 60.693 130.278
v -14.738 65.481 115.117
v -19.220 70.654 99.955
v -23.476 75.565 84.793
v -23.964 76.129 82.088
v -24.011 76.183 79.327
v -23.609 75.718 76.663
v -22.782 74.764 74.246
v -7.074 50.550 160.601
v -6.641 50.423 161.880
v -5.856 50.423 163.829
v -10.812 51.647 145.440
v -15.515 53.028 130.278
v -21.593 54.813 115.117
v -28.161 56.742 99.955
v -34.396 58.572 84.793
v -35.112 58.783 82.088
v -35.181 58.803 79.327
v -34.591 58.630 76.663
v -33.379 58.274 74.246
v 21.326 62.178 69.383
v 10.531 71.532 69.383
v 11.671 74.028 69.709
v 23.634 63.661 69.709
v 12.745 76.381 70.669
v 25.811 65.060 70.669
v 13.692 78.454 72.210
v 27.727 66.292 72.210
v -3.608 73.565 69.383
v -3.998 76.281 69.709
v -4.366 78.841 70.669
v -4.691 81.097 72.210
v -16.601 67.631 69.383
v -18.398 69.705 69.709
v -20.092 71.660 70.669
v -21.584 73.382 72.210
v -24.324 55.615 69.383
v -26.956 56.388 69.709
v -29.438 57.117 70.669
v -31.624 57.758 72.210
v 3.034 50.423 167.080
v 3.942 50.423 166.386
v 5.660 50.423 163.829
v 1.223 50.423 168.026
v 6.800 50.423 160.601
v 0.890 50.423 168.080
v 10.696 50.423 145.440
v -0.280 50.423 168.121
v 15.597 50.423 130.278
v -3.896 50.423 166.386
v 21.932 50.423 115.117
v 28.778 50.423 99.955
v -7.074 50.423 160.601
v 35.276 50.423 84.793
v -10.812 50.423 145.440
v 36.022 50.423 82.088
v -15.515 50.423 130.278
v 36.093 50.423 79.327
v -21.593 50.423 115.117
v 35.479 50.423 76.663
v -28.161 50.423 99.955
v 34.216 50.423 74.246
v -34.396 50.423 84.793
v 32.387 50.423 72.210
v -35.112 50.423 82.088
v 30.109 50.423 70.669
v -35.181 50.423 79.327
v 27.521 50.423 69.709
v -34.591 50.423 76.663
v 24.778 50.423 69.383
v -33.379 50.423 74.246
v 3.034 50.423 69.383
v -31.624 50.423 72.210
v 0.890 50.423 69.383
v -0.280 50.423 69.383
v -29.438 50.423 70.669
v -1.690 50.423 69.383
v -6.641 50.423 69.383
v -26.956 50.423 69.709
v -24.324 50.423 69.383
vt 0.52908 0.51869
vt 0.54362 0.52803
vt 0.52154 0.54716
vt 0.51436 0.53144
vt 0.54362 0.52803
vt 0.55816 0.53738
vt 0.52872 0.56288
vt 0.52154 0.54716
vt 0.55816 0.53738
vt 0.62183 0.57829
vt 0.56016 0.63173
vt 0.52872 0.56288
vt 0.62183 0.57829
vt 0.68550 0.61921
vt 0.59160 0.70058
vt 0.56016 0.63173
vt 0.68550 0.61921
vt 0.74917 0.66013
vt 0.62304 0.76942
vt 0.59160 0.70058
vt 0.74917 0.66013
vt 0.81284 0.70105
vt 0.65448 0.83827
vt 0.62304 0.76942
vt 0.81284 0.70105
vt 0.87651 0.74197
vt 0.68592 0.90711
vt 0.65448 0.83827
vt 0.87651 0.74197
vt 0.88754 0.74906
vt 0.69137 0.91904
vt 0.68592 0.90711
vt 0.88754 0.74906
vt 0.89857 0.75614
vt 0.69682 0.93096
vt 0.69137 0.91904
vt 0.89857 0.75614
vt 0.90960 0.76323
vt 0.70226 0.94289
vt 0.69682 0.93096
vt 0.90960 0.76323
vt 0.92063 0.77032
vt 0.70771 0.95482
vt 0.70226 0.94289
vt 0.50718 0.51572
vt 0.51436 0.53144
vt 0.49508 0.53421
vt 0.49754 0.51711
vt 0.51436 0.53144
vt 0.52154 0.54716
vt 0.49262 0.55132
vt 0.49508 0.53421
vt 0.52154 0.54716
vt 0.52872 0.56288
vt 0.49016 0.56843
vt 0.49262 0.55132
vt 0.52872 0.56288
vt 0.56016 0.63173
vt 0.47939 0.64334
vt 0.49016 0.56843
vt 0.56016 0.63173
vt 0.59160 0.70058
vt 0.46862 0.71826
vt 0.47939 0.64334
vt 0.59160 0.70058
vt 0.62304 0.76942
vt 0.45785 0.79317
vt 0.46862 0.71826
vt 0.62304 0.76942
vt 0.65448 0.83827
vt 0.44708 0.86809
vt 0.45785 0.79317
vt 0.65448 0.83827
vt 0.68592 0.90711
vt 0.43631 0.94300
vt 0.44708 0.86809
vt 0.68592 0.90711
vt 0.69137 0.91904
vt 0.43444 0.95598
vt 0.43631 0.94300
vt 0.69137 0.91904
vt 0.69682 0.93096
vt 0.43257 0.96896
vt 0.43444 0.95598
vt 0.69682 0.93096
vt 0.70226 0.94289
vt 0.43071 0.98193
vt 0.43257 0.96896
vt 0.70226 0.94289
vt 0.70771 0.95482
vt 0.42884 0.99491
vt 0.43071 0.98193
vt 0.47736 0.52612
vt 0.48758 0.51434
vt 0.49508 0.53421
vt 0.49754 0.51711
vt 0.49121 0.51422
vt 0.49508 0.53421
vt 0.49262 0.55132
vt 0.46605 0.53918
vt 0.47736 0.52612
vt 0.49262 0.55132
vt 0.49016 0.56843
vt 0.45473 0.55225
vt 0.46605 0.53918
vt 0.49016 0.56843
vt 0.47939 0.64334
vt 0.40516 0.60945
vt 0.45473 0.55225
vt 0.47939 0.64334
vt 0.46862 0.71826
vt 0.35560 0.66664
vt 0.40516 0.60945
vt 0.46862 0.71826
vt 0.45785 0.79317
vt 0.30604 0.72384
vt 0.35560 0.66664
vt 0.45785 0.79317
vt 0.44708 0.86809
vt 0.25647 0.78104
vt 0.30604 0.72384
vt 0.44708 0.86809
vt 0.43631 0.94300
vt 0.20691 0.83824
vt 0.25647 0.78104
vt 0.43631 0.94300
vt 0.43444 0.95598
vt 0.19833 0.84815
vt 0.20691 0.83824
vt 0.43444 0.95598
vt 0.43257 0.96896
vt 0.18974 0.85806
vt 0.19833 0.84815
vt 0.43257 0.96896
vt 0.43071 0.98193
vt 0.18116 0.86797
vt 0.18974 0.85806
vt 0.43071 0.98193
vt 0.42884 0.99491
vt 0.17257 0.87787
vt 0.18116 0.86797
vt 0.43367 0.51948
vt 0.44024 0.51755
vt 0.45473 0.55225
vt 0.46605 0.53918
vt 0.45129 0.51622
vt 0.45473 0.55225
vt 0.40516 0.60945
vt 0.36105 0.54080
vt 0.43367 0.51948
vt 0.40516 0.60945
vt 0.35560 0.66664
vt 0.28843 0.56212
vt 0.36105 0.54080
vt 0.35560 0.66664
vt 0.30604 0.72384
vt 0.21581 0.58345
vt 0.28843 0.56212
vt 0.30604 0.72384
vt 0.25647 0.78104
vt 0.14319 0.60477
vt 0.21581 0.58345
vt 0.25647 0.78104
vt 0.20691 0.83824
vt 0.07057 0.62609
vt 0.14319 0.60477
vt 0.20691 0.83824
vt 0.19833 0.84815
vt 0.05799 0.62979
vt 0.07057 0.62609
vt 0.19833 0.84815
vt 0.18974 0.85806
vt 0.04541 0.63348
vt 0.05799 0.62979
vt 0.18974 0.85806
vt 0.18116 0.86797
vt 0.03283 0.63717
vt 0.04541 0.63348
vt 0.18116 0.86797
vt 0.17257 0.87787
vt 0.02025 0.64087
vt 0.03283 0.63717
vt 0.79272 0.68812
vt 0.64455 0.81651
vt 0.66034 0.85109
vt 0.82470 0.70867
vt 0.82470 0.70867
vt 0.66034 0.85109
vt 0.67613 0.88566
vt 0.85667 0.72922
vt 0.85667 0.72922
vt 0.67613 0.88566
vt 0.69192 0.92024
vt 0.88865 0.74977
vt 0.88865 0.74977
vt 0.69192 0.92024
vt 0.70771 0.95482
vt 0.92063 0.77032
vt 0.64455 0.81651
vt 0.45048 0.84442
vt 0.44507 0.88204
vt 0.66034 0.85109
vt 0.66034 0.85109
vt 0.44507 0.88204
vt 0.43966 0.91966
vt 0.67613 0.88566
vt 0.67613 0.88566
vt 0.43966 0.91966
vt 0.43425 0.95729
vt 0.69192 0.92024
vt 0.69192 0.92024
vt 0.43425 0.95729
vt 0.42884 0.99491
vt 0.70771 0.95482
vt 0.45048 0.84442
vt 0.27214 0.76297
vt 0.24724 0.79170
vt 0.44507 0.88204
vt 0.44507 0.88204
vt 0.24724 0.79170
vt 0.22235 0.82042
vt 0.43966 0.91966
vt 0.43966 0.91966
vt 0.22235 0.82042
vt 0.19746 0.84915
vt 0.43425 0.95729
vt 0.43425 0.95729
vt 0.19746 0.84915
vt 0.17257 0.87787
vt 0.42884 0.99491
vt 0.27214 0.76297
vt 0.16614 0.59803
vt 0.12967 0.60874
vt 0.24724 0.79170
vt 0.24724 0.79170
vt 0.12967 0.60874
vt 0.09319 0.61945
vt 0.22235 0.82042
vt 0.22235 0.82042
vt 0.09319 0.61945
vt 0.05672 0.63016
vt 0.19746 0.84915
vt 0.19746 0.84915
vt 0.05672 0.63016
vt 0.02025 0.64087
vt 0.17257 0.87787
vt 0.52292 0.51473
vt 0.53018 0.51493
vt 0.52908 0.51869
vt 0.54362 0.52803
vt 0.52908 0.51869
vt 0.53018 0.51493
vt 0.54709 0.51622
vt 0.50718 0.51572
vt 0.50892 0.51422
vt 0.51436 0.53144
vt 0.52292 0.51473
vt 0.52908 0.51869
vt 0.55816 0.53738
vt 0.54362 0.52803
vt 0.54709 0.51622
vt 0.56376 0.51828
vt 0.50892 0.51422
vt 0.50718 0.51572
vt 0.50649 0.51422
vt 0.62183 0.57829
vt 0.55816 0.53738
vt 0.56376 0.51828
vt 0.63746 0.52506
vt 0.50649 0.51422
vt 0.50718 0.51572
vt 0.49754 0.51711
vt 0.49796 0.51422
vt 0.49796 0.51422
vt 0.49754 0.51711
vt 0.49121 0.51422
vt 0.68550 0.61921
vt 0.62183 0.57829
vt 0.63746 0.52506
vt 0.71270 0.52659
vt 0.48758 0.51434
vt 0.47736 0.52612
vt 0.47017 0.51493
vt 0.74917 0.66013
vt 0.68550 0.61921
vt 0.71270 0.52659
vt 0.78865 0.52566
vt 0.45129 0.51622
vt 0.47017 0.51493
vt 0.47736 0.52612
vt 0.46605 0.53918
vt 0.81284 0.70105
vt 0.74917 0.66013
vt 0.78865 0.52566
vt 0.86462 0.52471
vt 0.44024 0.51755
vt 0.43367 0.51948
vt 0.43367 0.51828
vt 0.87651 0.74197
vt 0.81284 0.70105
vt 0.86462 0.52471
vt 0.94041 0.52434
vt 0.36105 0.52506
vt 0.43367 0.51828
vt 0.43367 0.51948
vt 0.36105 0.54080
vt 0.88754 0.74906
vt 0.87651 0.74197
vt 0.94041 0.52434
vt 0.95346 0.52455
vt 0.28843 0.52659
vt 0.36105 0.52506
vt 0.36105 0.54080
vt 0.28843 0.56212
vt 0.89857 0.75614
vt 0.88754 0.74906
vt 0.95346 0.52455
vt 0.96638 0.52520
vt 0.21581 0.52566
vt 0.28843 0.52659
vt 0.28843 0.56212
vt 0.21581 0.58345
vt 0.90960 0.76323
vt 0.89857 0.75614
vt 0.96638 0.52520
vt 0.97916 0.52633
vt 0.14319 0.52471
vt 0.21581 0.52566
vt 0.21581 0.58345
vt 0.14319 0.60477
vt 0.92063 0.77032
vt 0.90960 0.76323
vt 0.97916 0.52633
vt 0.99177 0.52802
vt 0.07057 0.52434
vt 0.14319 0.52471
vt 0.14319 0.60477
vt 0.07057 0.62609
vt 0.92063 0.77032
vt 0.99177 0.52802
vt 0.95396 0.52733
vt 0.88865 0.74977
vt 0.05799 0.52455
vt 0.07057 0.52434
vt 0.07057 0.62609
vt 0.05799 0.62979
vt 0.88865 0.74977
vt 0.95396 0.52733
vt 0.91607 0.52695
vt 0.85667 0.72922
vt 0.04541 0.52520
vt 0.05799 0.52455
vt 0.05799 0.62979
vt 0.04541 0.63348
vt 0.85667 0.72922
vt 0.91607 0.52695
vt 0.87810 0.52679
vt 0.82470 0.70867
vt 0.03283 0.52633
vt 0.04541 0.52520
vt 0.04541 0.63348
vt 0.03283 0.63717
vt 0.82470 0.70867
vt 0.87810 0.52679
vt 0.84010 0.52676
vt 0.79272 0.68812
vt 0.02025 0.52802
vt 0.03283 0.52633
vt 0.03283 0.63717
vt 0.02025 0.64087
vt 0.54164 0.52676
vt 0.79272 0.68812
vt 0.84010 0.52676
vt 0.05672 0.52733
vt 0.02025 0.52802
vt 0.02025 0.64087
vt 0.05672 0.63016
vt 0.51222 0.52676
vt 0.64455 0.81651
vt 0.79272 0.68812
vt 0.54164 0.52676
vt 0.49615 0.52676
vt 0.45048 0.84442
vt 0.64455 0.81651
vt 0.51222 0.52676
vt 0.09319 0.52695
vt 0.05672 0.52733
vt 0.05672 0.63016
vt 0.09319 0.61945
vt 0.47681 0.52676
vt 0.27214 0.76297
vt 0.45048 0.84442
vt 0.49615 0.52676
vt 0.40885 0.52676
vt 0.16614 0.59803
vt 0.27214 0.76297
vt 0.47681 0.52676
vt 0.12967 0.52679
vt 0.09319 0.52695
vt 0.09319 0.61945
vt 0.12967 0.60874
vt 0.16614 0.52676
vt 0.16614 0.59803
vt 0.40885 0.52676
vt 0.16614 0.59803
vt 0.16614 0.52676
vt 0.12967 0.52679
vt 0.12967 0.60874
vt 0.22862 0.70269
vt 0.21453 0.65683
vt 0.21398 0.67298
vt 0.28085 0.72922
vt 0.24289 0.71459
vt 0.26066 0.72361
vt 0.22035 0.64101
vt 0.30225 0.73113
vt 0.27105 0.55234
vt 0.44601 0.73113
vt 0.48626 0.73113
vt 0.32444 0.46368
vt 0.49772 0.73113
vt 0.67831 0.46368
vt 0.62681 0.37502
vt 0.37386 0.37502
vt 0.58696 0.28635
vt 0.41210 0.28635
vt 0.55528 0.19769
vt 0.44249 0.19769
vt 0.44601 0.19021
vt 0.54602 0.17882
vt 0.45239 0.17882
vt 0.46833 0.16386
vt 0.53205 0.16386
vt 0.52467 0.15980
vt 0.48626 0.15521
vt 0.50724 0.15395
vt 0.49772 0.15371
vt 0.49020 0.15427
vt 0.50994 0.15427
vt 0.50724 0.73113
vt 0.73397 0.55234
vt 0.52467 0.73113
vt 0.70145 0.73113
vt 0.78680 0.64101
vt 0.72375 0.72922
vt 0.79286 0.65683
vt 0.77818 0.70269
vt 0.79344 0.67298
vt 0.78845 0.68855
vt 0.74478 0.72361
vt 0.76331 0.71459
vt 0.21877 0.68855
vn 0.62000 0.39845 0.67590
vn 0.75628 0.48603 0.43796
vn 0.37345 0.81775 0.43796
vn 0.30616 0.67039 0.67590
vn 0.75628 0.48603 0.43796
vn 0.82123 0.52777 0.21689
vn 0.40553 0.88798 0.21689
vn 0.37345 0.81775 0.43796
vn 0.82123 0.52777 0.21689
vn 0.81929 0.52653 0.22701
vn 0.40457 0.88588 0.22701
vn 0.40553 0.88798 0.21689
vn 0.81929 0.52653 0.22701
vn 0.81524 0.52392 0.24675
vn 0.40257 0.88151 0.24675
vn 0.40457 0.88588 0.22701
vn 0.81524 0.52392 0.24675
vn 0.80881 0.51979 0.27505
vn 0.39939 0.87455 0.27505
vn 0.40257 0.88151 0.24675
vn 0.80881 0.51979 0.27505
vn 0.80289 0.51599 0.29855
vn 0.39647 0.86815 0.29855
vn 0.39939 0.87455 0.27505
vn 0.80289 0.51599 0.29855
vn 0.79914 0.51357 0.31245
vn 0.39462 0.86409 0.31245
vn 0.39647 0.86815 0.29855
vn 0.79914 0.51357 0.31245
vn 0.83821 0.53869 0.08497
vn 0.41391 0.90634 0.08497
vn 0.39462 0.86409 0.31245
vn 0.83821 0.53869 0.08497
vn 0.83185 0.53460 -0.14909
vn 0.41077 0.89947 -0.14909
vn 0.41391 0.90634 0.08497
vn 0.83185 0.53460 -0.14909
vn 0.77933 0.50085 -0.37655
vn 0.38484 0.84268 -0.37655
vn 0.41077 0.89947 -0.14909
vn 0.77933 0.50085 -0.37655
vn 0.68308 0.43899 -0.58369
vn 0.33731 0.73860 -0.58369
vn 0.38484 0.84268 -0.37655
vn 0.18240 0.39940 0.89845
vn 0.30616 0.67039 0.67590
vn -0.10489 0.72949 0.67590
vn -0.06249 0.43461 0.89845
vn 0.30616 0.67039 0.67590
vn 0.37345 0.81775 0.43796
vn -0.12794 0.88984 0.43796
vn -0.10489 0.72949 0.67590
vn 0.37345 0.81775 0.43796
vn 0.40553 0.88798 0.21689
vn -0.13893 0.96626 0.21689
vn -0.12794 0.88984 0.43796
vn 0.40553 0.88798 0.21689
vn 0.40457 0.88588 0.22701
vn -0.13860 0.96398 0.22701
vn -0.13893 0.96626 0.21689
vn 0.40457 0.88588 0.22701
vn 0.40257 0.88151 0.24675
vn -0.13791 0.95922 0.24675
vn -0.13860 0.96398 0.22701
vn 0.40257 0.88151 0.24675
vn 0.39939 0.87455 0.27505
vn -0.13683 0.95164 0.27505
vn -0.13791 0.95922 0.24675
vn 0.39939 0.87455 0.27505
vn 0.39647 0.86815 0.29855
vn -0.13582 0.94468 0.29855
vn -0.13683 0.95164 0.27505
vn 0.39647 0.86815 0.29855
vn 0.39462 0.86409 0.31245
vn -0.13519 0.94027 0.31245
vn -0.13582 0.94468 0.29855
vn 0.39462 0.86409 0.31245
vn 0.41391 0.90634 0.08497
vn -0.14180 0.98624 0.08497
vn -0.13519 0.94027 0.31245
vn 0.41391 0.90634 0.08497
vn 0.41077 0.89947 -0.14909
vn -0.14072 0.97876 -0.14909
vn -0.14180 0.98624 0.08497
vn 0.41077 0.89947 -0.14909
vn 0.38484 0.84268 -0.37655
vn -0.13184 0.91697 -0.37655
vn -0.14072 0.97876 -0.14909
vn 0.38484 0.84268 -0.37655
vn 0.33731 0.73860 -0.58369
vn -0.11556 0.80371 -0.58369
vn -0.13184 0.91697 -0.37655
vn -0.48263 0.55698 0.67590
vn -0.30848 0.35601 0.88210
vn -0.10489 0.72949 0.67590
vn -0.06249 0.43461 0.89845
vn -0.22474 0.36343 0.90411
vn -0.10489 0.72949 0.67590
vn -0.12794 0.88984 0.43796
vn -0.58871 0.67941 0.43796
vn -0.48263 0.55698 0.67590
vn -0.12794 0.88984 0.43796
vn -0.13893 0.96626 0.21689
vn -0.63927 0.73776 0.21689
vn -0.58871 0.67941 0.43796
vn -0.13893 0.96626 0.21689
vn -0.13860 0.96398 0.22701
vn -0.63776 0.73602 0.22701
vn -0.63927 0.73776 0.21689
vn -0.13860 0.96398 0.22701
vn -0.13791 0.95922 0.24675
vn -0.63461 0.73238 0.24675
vn -0.63776 0.73602 0.22701
vn -0.13791 0.95922 0.24675
vn -0.13683 0.95164 0.27505
vn -0.62960 0.72660 0.27505
vn -0.63461 0.73238 0.24675
vn -0.13683 0.95164 0.27505
vn -0.13582 0.94468 0.29855
vn -0.62500 0.72128 0.29855
vn -0.62960 0.72660 0.27505
vn -0.13582 0.94468 0.29855
vn -0.13519 0.94027 0.31245
vn -0.62207 0.71791 0.31245
vn -0.62500 0.72128 0.29855
vn -0.13519 0.94027 0.31245
vn -0.14180 0.98624 0.08497
vn -0.65249 0.75302 0.08497
vn -0.62207 0.71791 0.31245
vn -0.14180 0.98624 0.08497
vn -0.14072 0.97876 -0.14909
vn -0.64754 0.74730 -0.14909
vn -0.65249 0.75302 0.08497
vn -0.14072 0.97876 -0.14909
vn -0.13184 0.91697 -0.37655
vn -0.60666 0.70012 -0.37655
vn -0.64754 0.74730 -0.14909
vn -0.13184 0.91697 -0.37655
vn -0.11556 0.80371 -0.58369
vn -0.53173 0.61365 -0.58369
vn -0.60666 0.70012 -0.37655
vn -0.93665 0.27503 0.21689
vn -0.91332 0.26818 0.30646
vn -0.63927 0.73776 0.21689
vn -0.58871 0.67941 0.43796
vn -0.85133 0.28348 0.44145
vn -0.63927 0.73776 0.21689
vn -0.63776 0.73602 0.22701
vn -0.93444 0.27438 0.22701
vn -0.93665 0.27503 0.21689
vn -0.63776 0.73602 0.22701
vn -0.63461 0.73238 0.24675
vn -0.92983 0.27302 0.24675
vn -0.93444 0.27438 0.22701
vn -0.63461 0.73238 0.24675
vn -0.62960 0.72660 0.27505
vn -0.92249 0.27087 0.27505
vn -0.92983 0.27302 0.24675
vn -0.62960 0.72660 0.27505
vn -0.62500 0.72128 0.29855
vn -0.91574 0.26888 0.29855
vn -0.92249 0.27087 0.27505
vn -0.62500 0.72128 0.29855
vn -0.62207 0.71791 0.31245
vn -0.91145 0.26763 0.31245
vn -0.91574 0.26888 0.29855
vn -0.62207 0.71791 0.31245
vn -0.65249 0.75302 0.08497
vn -0.95602 0.28071 0.08497
vn -0.91145 0.26763 0.31245
vn -0.65249 0.75302 0.08497
vn -0.64754 0.74730 -0.14909
vn -0.94877 0.27858 -0.14909
vn -0.95602 0.28071 0.08497
vn -0.64754 0.74730 -0.14909
vn -0.60666 0.70012 -0.37655
vn -0.88887 0.26100 -0.37655
vn -0.94877 0.27858 -0.14909
vn -0.60666 0.70012 -0.37655
vn -0.53173 0.61365 -0.58369
vn -0.77909 0.22876 -0.58369
vn -0.88887 0.26100 -0.37655
vn 0.00000 0.00000 -1.00000
vn 0.00000 0.00000 -1.00000
vn 0.09741 0.21330 -0.97212
vn 0.19726 0.12677 -0.97212
vn 0.19726 0.12677 -0.97212
vn 0.09741 0.21330 -0.97212
vn 0.18940 0.41473 -0.89001
vn 0.38356 0.24650 -0.89001
vn 0.38356 0.24650 -0.89001
vn 0.18940 0.41473 -0.89001
vn 0.27089 0.59316 -0.75814
vn 0.54857 0.35255 -0.75814
vn 0.54857 0.35255 -0.75814
vn 0.27089 0.59316 -0.75814
vn 0.33731 0.73860 -0.58369
vn 0.68308 0.43899 -0.58369
vn 0.00000 0.00000 -1.00000
vn -0.00000 0.00000 -1.00000
vn -0.03337 0.23210 -0.97212
vn 0.09741 0.21330 -0.97212
vn 0.09741 0.21330 -0.97212
vn -0.03337 0.23210 -0.97212
vn -0.06489 0.45130 -0.89001
vn 0.18940 0.41473 -0.89001
vn 0.18940 0.41473 -0.89001
vn -0.06489 0.45130 -0.89001
vn -0.09280 0.64545 -0.75814
vn 0.27089 0.59316 -0.75814
vn 0.27089 0.59316 -0.75814
vn -0.09280 0.64545 -0.75814
vn -0.11556 0.80371 -0.58369
vn 0.33731 0.73860 -0.58369
vn -0.00000 0.00000 -1.00000
vn -0.00000 0.00000 -1.00000
vn -0.15356 0.17721 -0.97212
vn -0.03337 0.23210 -0.97212
vn -0.03337 0.23210 -0.97212
vn -0.15356 0.17721 -0.97212
vn -0.29857 0.34457 -0.89001
vn -0.06489 0.45130 -0.89001
vn -0.06489 0.45130 -0.89001
vn -0.29857 0.34457 -0.89001
vn -0.42703 0.49282 -0.75814
vn -0.09280 0.64545 -0.75814
vn -0.09280 0.64545 -0.75814
vn -0.42703 0.49282 -0.75814
vn -0.53173 0.61365 -0.58369
vn -0.11556 0.80371 -0.58369
vn -0.00000 0.00000 -1.00000
vn -0.00000 0.00000 -1.00000
vn -0.22499 0.06606 -0.97212
vn -0.15356 0.17721 -0.97212
vn -0.15356 0.17721 -0.97212
vn -0.22499 0.06606 -0.97212
vn -0.43747 0.12845 -0.89001
vn -0.29857 0.34457 -0.89001
vn -0.29857 0.34457 -0.89001
vn -0.43747 0.12845 -0.89001
vn -0.62568 0.18372 -0.75814
vn -0.42703 0.49282 -0.75814
vn -0.42703 0.49282 -0.75814
vn -0.62568 0.18372 -0.75814
vn -0.77909 0.22876 -0.58369
vn -0.53173 0.61365 -0.58369
vn 0.52277 0.33596 0.78348
vn 0.65263 0.32283 0.68546
vn 0.62000 0.39845 0.67590
vn 0.75628 0.48603 0.43796
vn 0.62000 0.39845 0.67590
vn 0.65263 0.32283 0.68546
vn 0.84321 0.29048 0.45234
vn 0.18240 0.39940 0.89845
vn 0.22780 0.36316 0.90345
vn 0.30616 0.67039 0.67590
vn 0.52277 0.33596 0.78348
vn 0.62000 0.39845 0.67590
vn 0.82123 0.52777 0.21689
vn 0.75628 0.48603 0.43796
vn 0.84321 0.29048 0.45234
vn 0.93648 0.26854 0.22559
vn 0.22780 0.36316 0.90345
vn 0.18240 0.39940 0.89845
vn 0.16640 0.36437 0.91627
vn 0.81929 0.52653 0.22701
vn 0.82123 0.52777 0.21689
vn 0.93648 0.26854 0.22559
vn 0.95628 0.17433 0.23483
vn 0.16640 0.36437 0.91627
vn 0.18240 0.39940 0.89845
vn -0.06249 0.43461 0.89845
vn -0.05268 0.36641 0.92896
vn -0.05268 0.36641 0.92896
vn -0.06249 0.43461 0.89845
vn -0.22474 0.36343 0.90411
vn 0.81524 0.52392 0.24675
vn 0.81929 0.52653 0.22701
vn 0.95628 0.17433 0.23483
vn 0.95989 0.12000 0.25338
vn -0.30848 0.35601 0.88210
vn -0.48263 0.55698 0.67590
vn -0.64822 0.32444 0.68888
vn 0.80881 0.51979 0.27505
vn 0.81524 0.52392 0.24675
vn 0.95989 0.12000 0.25338
vn 0.95604 0.08500 0.28065
vn -0.85133 0.28348 0.44145
vn -0.64822 0.32444 0.68888
vn -0.48263 0.55698 0.67590
vn -0.58871 0.67941 0.43796
vn 0.80289 0.51599 0.29855
vn 0.80881 0.51979 0.27505
vn 0.95604 0.08500 0.28065
vn 0.95071 0.06442 0.30331
vn -0.91332 0.26818 0.30646
vn -0.93665 0.27503 0.21689
vn -0.94089 0.25936 0.21787
vn 0.79914 0.51357 0.31245
vn 0.80289 0.51599 0.29855
vn 0.95071 0.06442 0.30331
vn 0.94712 0.05235 0.31658
vn -0.95715 0.17262 0.23252
vn -0.94089 0.25936 0.21787
vn -0.93665 0.27503 0.21689
vn -0.93444 0.27438 0.22701
vn 0.83821 0.53869 0.08497
vn 0.79914 0.51357 0.31245
vn 0.94712 0.05235 0.31658
vn 0.99482 0.05385 0.08618
vn -0.95949 0.12059 0.25462
vn -0.95715 0.17262 0.23252
vn -0.93444 0.27438 0.22701
vn -0.92983 0.27302 0.24675
vn 0.83185 0.53460 -0.14909
vn 0.83821 0.53869 0.08497
vn 0.99482 0.05385 0.08618
vn 0.98707 0.05332 -0.15119
vn -0.95474 0.08621 0.28466
vn -0.95949 0.12059 0.25462
vn -0.92983 0.27302 0.24675
vn -0.92249 0.27087 0.27505
vn 0.77933 0.50085 -0.37655
vn 0.83185 0.53460 -0.14909
vn 0.98707 0.05332 -0.15119
vn 0.92308 0.05073 -0.38126
vn -0.94870 0.06569 0.30929
vn -0.95474 0.08621 0.28466
vn -0.92249 0.27087 0.27505
vn -0.91574 0.26888 0.29855
vn 0.68308 0.43899 -0.58369
vn 0.77933 0.50085 -0.37655
vn 0.92308 0.05073 -0.38126
vn 0.80650 0.04596 -0.58945
vn -0.94460 0.05355 0.32381
vn -0.94870 0.06569 0.30929
vn -0.91574 0.26888 0.29855
vn -0.91145 0.26763 0.31245
vn 0.68308 0.43899 -0.58369
vn 0.80650 0.04596 -0.58945
vn 0.64502 0.03883 -0.76318
vn 0.54857 0.35255 -0.75814
vn -0.99455 0.05523 0.08839
vn -0.94460 0.05355 0.32381
vn -0.91145 0.26763 0.31245
vn -0.95602 0.28071 0.08497
vn 0.54857 0.35255 -0.75814
vn 0.64502 0.03883 -0.76318
vn 0.44897 0.02908 -0.89307
vn 0.38356 0.24650 -0.89001
vn -0.98640 0.05467 -0.15500
vn -0.99455 0.05523 0.08839
vn -0.95602 0.28071 0.08497
vn -0.94877 0.27858 -0.14909
vn 0.38356 0.24650 -0.89001
vn 0.44897 0.02908 -0.89307
vn 0.22993 0.01629 -0.97307
vn 0.19726 0.12677 -0.97212
vn -0.91955 0.05183 -0.38955
vn -0.98640 0.05467 -0.15500
vn -0.94877 0.27858 -0.14909
vn -0.88887 0.26100 -0.37655
vn 0.19726 0.12677 -0.97212
vn 0.22993 0.01629 -0.97307
vn -0.00000 -0.00000 -1.00000
vn 0.00000 0.00000 -1.00000
vn -0.79943 0.04670 -0.59893
vn -0.91955 0.05183 -0.38955
vn -0.88887 0.26100 -0.37655
vn -0.77909 0.22876 -0.58369
vn 0.00000 0.00000 -1.00000
vn 0.00000 0.00000 -1.00000
vn 0.00000 0.00000 -1.00000
vn -0.63602 0.03922 -0.77067
vn -0.79943 0.04670 -0.59893
vn -0.77909 0.22876 -0.58369
vn -0.62568 0.18372 -0.75814
vn 0.00000 0.00000 -1.00000
vn 0.00000 0.00000 -1.00000
vn 0.00000 0.00000 -1.00000
vn 0.00000 0.00000 -1.00000
vn -0.00000 0.00000 -1.00000
vn -0.00000 0.00000 -1.00000
vn 0.00000 0.00000 -1.00000
vn 0.00000 0.00000 -1.00000
vn -0.44093 0.02921 -0.89706
vn -0.63602 0.03922 -0.77067
vn -0.62568 0.18372 -0.75814
vn -0.43747 0.12845 -0.89001
vn -0.00000 0.00000 -1.00000
vn -0.00000 0.00000 -1.00000
vn -0.00000 0.00000 -1.00000
vn -0.00000 0.00000 -1.00000
vn -0.00000 0.00000 -1.00000
vn -0.00000 0.00000 -1.00000
vn -0.00000 0.00000 -1.00000
vn -0.00000 0.00000 -1.00000
vn -0.22545 0.01631 -0.97412
vn -0.44093 0.02921 -0.89706
vn -0.43747 0.12845 -0.89001
vn -0.22499 0.06606 -0.97212
vn -0.00000 0.00000 -1.00000
vn -0.00000 0.00000 -1.00000
vn -0.00000 0.00000 -1.00000
vn -0.00000 0.00000 -1.00000
vn -0.00000 0.00000 -1.00000
vn -0.22545 0.01631 -0.97412
vn -0.22499 0.06606 -0.97212
vn 0.00000 -1.00000 -0.00000
vn 0.00000 -1.00000 -0.00000
vn 0.00000 -1.00000 -0.00000
vn 0.00000 -1.00000 -0.00000
vn 0.00000 -1.00000 -0.00000
vn 0.00000 -1.00000 -0.00000
vn 0.00000 -1.00000 -0.00000
vn 0.00000 -1.00000 -0.00000
vn 0.00000 -1.00000 -0.00000
vn 0.00000 -1.00000 -0.00000
vn 0.00000 -1.00000 -0.00000
vn 0.00000 -1.00000 -0.00000
vn 0.00000 -1.00000 -0.00000
vn 0.00000 -1.00000 -0.00000
vn 0.00000 -1.00000 -0.00000
vn 0.00000 -1.00000 -0.00000
vn 0.00000 -1.00000 -0.00000
vn 0.00000 -1.00000 -0.00000
vn 0.00000 -1.00000 -0.00000
vn 0.00000 -1.00000 -0.00000
vn 0.00000 -1.00000 -0.00000
vn 0.00000 -1.00000 -0.00000
vn 0.00000 -1.00000 -0.00000
vn 0.00000 -1.00000 -0.00000
vn 0.00000 -1.00000 -0.00000
vn 0.00000 -1.00000 -0.00000
vn 0.00000 -1.00000 -0.00000
vn 0.00000 -1.00000 -0.00000
vn 0.00000 -1.00000 -0.00000
vn 0.00000 -1.00000 -0.00000
vn 0.00000 -1.00000 -0.00000
vn 0.00000 -1.00000 -0.00000
vn 0.00000 -1.00000 -0.00000
vn 0.00000 -1.00000 -0.00000
vn 0.00000 -1.00000 -0.00000
vn 0.00000 -1.00000 -0.00000
vn 0.00000 -1.00000 -0.00000
vn 0.00000 -1.00000 -0.00000
vn 0.00000 -1.00000 -0.00000
vn 0.00000 -1.00000 -0.00000
vn 0.00000 -1.00000 -0.00000
vn 0.00000 -1.00000 -0.00000
vn 0.00000 -1.00000 -0.00000
vn 0.00000 -1.00000 -0.00000
f 1457/1847/6007 1458/1848/6008 1459/1849/6009 1460/1850/6010 
f 1458/1851/6011 1461/1852/6012 1462/1853/6013 1459/1854/6014 
f 1461/1855/6015 1463/1856/6016 1464/1857/6017 1462/1858/6018 
f 1463/1859/6019 1465/1860/6020 1466/1861/6021 1464/1862/6022 
f 1465/1863/6023 1467/1864/6024 1468/1865/6025 1466/1866/6026 
f 1467/1867/6027 1469/1868/6028 1470/1869/6029 1468/1870/6030 
f 1469/1871/6031 1471/1872/6032 1472/1873/6033 1470/1874/6034 
f 1471/1875/6035 1473/1876/6036 1474/1877/6037 1472/1878/6038 
f 1473/1879/6039 1475/1880/6040 1476/1881/6041 1474/1882/6042 
f 1475/1883/6043 1477/1884/6044 1478/1885/6045 1476/1886/6046 
f 1477/1887/6047 1479/1888/6048 1480/1889/6049 1478/1890/6050 
f 1481/1891/6051 1460/1892/6052 1482/1893/6053 1483/1894/6054 
f 1460/1895/6055 1459/1896/6056 1484/1897/6057 1482/1898/6058 
f 1459/1899/6059 1462/1900/6060 1485/1901/6061 1484/1902/6062 
f 1462/1903/6063 1464/1904/6064 1486/1905/6065 1485/1906/6066 
f 1464/1907/6067 1466/1908/6068 1487/1909/6069 1486/1910/6070 
f 1466/1911/6071 1468/1912/6072 1488/1913/6073 1487/1914/6074 
f 1468/1915/6075 1470/1916/6076 1489/1917/6077 1488/1918/6078 
f 1470/1919/6079 1472/1920/6080 1490/1921/6081 1489/1922/6082 
f 1472/1923/6083 1474/1924/6084 1491/1925/6085 1490/1926/6086 
f 1474/1927/6087 1476/1928/6088 1492/1929/6089 1491/1930/6090 
f 1476/1931/6091 1478/1932/6092 1493/1933/6093 1492/1934/6094 
f 1478/1935/6095 1480/1936/6096 1494/1937/6097 1493/1938/6098 
f 1495/1939/6099 1496/1940/6100 1497/1943/6103 1483/1942/6102 1482/1941/6101 
f 1482/1944/6104 1484/1945/6105 1498/1946/6106 1495/1947/6107 
f 1484/1948/6108 1485/1949/6109 1499/1950/6110 1498/1951/6111 
f 1485/1952/6112 1486/1953/6113 1500/1954/6114 1499/1955/6115 
f 1486/1956/6116 1487/1957/6117 1501/1958/6118 1500/1959/6119 
f 1487/1960/6120 1488/1961/6121 1502/1962/6122 1501/1963/6123 
f 1488/1964/6124 1489/1965/6125 1503/1966/6126 1502/1967/6127 
f 1489/1968/6128 1490/1969/6129 1504/1970/6130 1503/1971/6131 
f 1490/1972/6132 1491/1973/6133 1505/1974/6134 1504/1975/6135 
f 1491/1976/6136 1492/1977/6137 1506/1978/6138 1505/1979/6139 
f 1492/1980/6140 1493/1981/6141 1507/1982/6142 1506/1983/6143 
f 1493/1984/6144 1494/1985/6145 1508/1986/6146 1507/1987/6147 
f 1509/1988/6148 1510/1989/6149 1511/1992/6152 1498/1991/6151 1499/1990/6150 
f 1499/1993/6153 1500/1994/6154 1512/1995/6155 1509/1996/6156 
f 1500/1997/6157 1501/1998/6158 1513/1999/6159 1512/2000/6160 
f 1501/2001/6161 1502/2002/6162 1514/2003/6163 1513/2004/6164 
f 1502/2005/6165 1503/2006/6166 1515/2007/6167 1514/2008/6168 
f 1503/2009/6169 1504/2010/6170 1516/2011/6171 1515/2012/6172 
f 1504/2013/6173 1505/2014/6174 1517/2015/6175 1516/2016/6176 
f 1505/2017/6177 1506/2018/6178 1518/2019/6179 1517/2020/6180 
f 1506/2021/6181 1507/2022/6182 1519/2023/6183 1518/2024/6184 
f 1507/2025/6185 1508/2026/6186 1520/2027/6187 1519/2028/6188 
f 1521/2029/6189 1522/2030/6190 1523/2031/6191 1524/2032/6192 
f 1524/2033/6193 1523/2034/6194 1525/2035/6195 1526/2036/6196 
f 1526/2037/6197 1525/2038/6198 1527/2039/6199 1528/2040/6200 
f 1528/2041/6201 1527/2042/6202 1480/2043/6203 1479/2044/6204 
f 1522/2045/6205 1529/2046/6206 1530/2047/6207 1523/2048/6208 
f 1523/2049/6209 1530/2050/6210 1531/2051/6211 1525/2052/6212 
f 1525/2053/6213 1531/2054/6214 1532/2055/6215 1527/2056/6216 
f 1527/2057/6217 1532/2058/6218 1494/2059/6219 1480/2060/6220 
f 1529/2061/6221 1533/2062/6222 1534/2063/6223 1530/2064/6224 
f 1530/2065/6225 1534/2066/6226 1535/2067/6227 1531/2068/6228 
f 1531/2069/6229 1535/2070/6230 1536/2071/6231 1532/2072/6232 
f 1532/2073/6233 1536/2074/6234 1508/2075/6235 1494/2076/6236 
f 1533/2077/6237 1537/2078/6238 1538/2079/6239 1534/2080/6240 
f 1534/2081/6241 1538/2082/6242 1539/2083/6243 1535/2084/6244 
f 1535/2085/6245 1539/2086/6246 1540/2087/6247 1536/2088/6248 
f 1536/2089/6249 1540/2090/6250 1520/2091/6251 1508/2092/6252 
f 1541/2093/6253 1542/2094/6254 1457/2095/6255 
f 1458/2096/6256 1457/2097/6257 1542/2098/6258 1543/2099/6259 
f 1481/2100/6260 1544/2101/6261 1541/2103/6263 1457/2104/6264 1460/2102/6262 
f 1461/2105/6265 1458/2106/6266 1543/2107/6267 1545/2108/6268 
f 1544/2109/6269 1481/2110/6270 1546/2111/6271 
f 1463/2112/6272 1461/2113/6273 1545/2114/6274 1547/2115/6275 
f 1546/2116/6276 1481/2117/6277 1483/2118/6278 1548/2119/6279 
f 1548/2120/6280 1483/2121/6281 1497/2122/6282 
f 1465/2123/6283 1463/2124/6284 1547/2125/6285 1549/2126/6286 
f 1496/2127/6287 1495/2128/6288 1550/2129/6289 
f 1467/2130/6290 1465/2131/6291 1549/2132/6292 1551/2133/6293 
f 1511/2134/6294 1550/2135/6295 1495/2136/6296 1498/2137/6297 
f 1469/2138/6298 1467/2139/6299 1551/2140/6300 1552/2141/6301 
f 1510/2142/6302 1509/2143/6303 1553/2144/6304 
f 1471/2145/6305 1469/2146/6306 1552/2147/6307 1554/2148/6308 
f 1555/2149/6309 1553/2150/6310 1509/2151/6311 1512/2152/6312 
f 1473/2153/6313 1471/2154/6314 1554/2155/6315 1556/2156/6316 
f 1557/2157/6317 1555/2158/6318 1512/2159/6319 1513/2160/6320 
f 1475/2161/6321 1473/2162/6322 1556/2163/6323 1558/2164/6324 
f 1559/2165/6325 1557/2166/6326 1513/2167/6327 1514/2168/6328 
f 1477/2169/6329 1475/2170/6330 1558/2171/6331 1560/2172/6332 
f 1561/2173/6333 1559/2174/6334 1514/2175/6335 1515/2176/6336 
f 1479/2177/6337 1477/2178/6338 1560/2179/6339 1562/2180/6340 
f 1563/2181/6341 1561/2182/6342 1515/2183/6343 1516/2184/6344 
f 1479/2185/6345 1562/2186/6346 1564/2187/6347 1528/2188/6348 
f 1565/2189/6349 1563/2190/6350 1516/2191/6351 1517/2192/6352 
f 1528/2193/6353 1564/2194/6354 1566/2195/6355 1526/2196/6356 
f 1567/2197/6357 1565/2198/6358 1517/2199/6359 1518/2200/6360 
f 1526/2201/6361 1566/2202/6362 1568/2203/6363 1524/2204/6364 
f 1569/2205/6365 1567/2206/6366 1518/2207/6367 1519/2208/6368 
f 1524/2209/6369 1568/2210/6370 1570/2211/6371 1521/2212/6372 
f 1571/2213/6373 1569/2214/6374 1519/2215/6375 1520/2216/6376 
f 1572/2217/6377 1521/2218/6378 1570/2219/6379 
f 1573/2220/6380 1571/2221/6381 1520/2222/6382 1540/2223/6383 
f 1574/2224/6384 1522/2225/6385 1521/2226/6386 1572/2227/6387 
f 1575/2228/6388 1529/2229/6389 1522/2230/6390 1574/2231/6391 
f 1576/2232/6392 1573/2233/6393 1540/2234/6394 1539/2235/6395 
f 1577/2236/6396 1533/2237/6397 1529/2238/6398 1575/2239/6399 
f 1578/2240/6400 1537/2241/6401 1533/2242/6402 1577/2243/6403 
f 1579/2244/6404 1576/2245/6405 1539/2246/6406 1538/2247/6407 
f 1580/2248/6408 1537/2249/6409 1578/2250/6410 
f 1537/2251/6411 1580/2252/6412 1579/2253/6413 1538/2254/6414 
f 1565/2256/6416 1567/2257/6417 1569/2298/6458 1571/2255/6415 1573/2259/6419 1576/2260/6420 1579/2258/6418 1580/2262/6422 1578/2264/6424 1577/2265/6425 1575/2267/6427 1574/2286/6446 1572/2288/6448 1570/2289/6449 1568/2291/6451 1566/2296/6456 1564/2297/6457 1562/2293/6453 1560/2295/6455 1558/2294/6454 1556/2292/6452 1554/2290/6450 1552/2287/6447 1551/2268/6428 1549/2269/6429 1547/2271/6431 1545/2273/6433 1543/2276/6436 1542/2279/6439 1541/2280/6440 1544/2285/6445 1546/2282/6442 1548/2283/6443 1497/2284/6444 1496/2281/6441 1550/2278/6438 1511/2277/6437 1510/2275/6435 1553/2274/6434 1555/2272/6432 1557/2270/6430 1559/2266/6426 1561/2263/6423 1563/2261/6421 
o 014_Cone_1
g Cone_1
usemtl Clear View 0
v -4.678 36.307 143.494
v -6.447 35.731 141.195
v -3.184 32.994 140.483
v -2.310 34.321 142.977
v -7.593 35.679 138.469
v -3.750 32.455 137.630
v -11.063 36.625 125.971
v -5.463 31.928 124.750
v -14.533 37.571 113.473
v -7.176 31.402 111.869
v -18.002 38.517 100.976
v -8.890 30.875 98.989
v -21.472 39.463 88.478
v -10.603 30.348 86.108
v -24.941 40.409 75.981
v -12.316 29.821 73.227
v -25.325 40.724 73.789
v -12.506 29.973 70.993
v -25.264 41.327 71.625
v -12.476 30.603 68.836
v -24.762 42.185 69.609
v -12.227 31.674 66.876
v -23.846 43.250 67.854
v -11.775 33.127 65.222
v -1.214 36.309 144.873
v 0.791 33.890 142.865
v 0.416 36.083 144.814
v 1.091 32.399 140.328
v 1.285 31.755 137.448
v 1.872 30.908 124.484
v 2.458 30.061 111.521
v 3.045 29.214 98.557
v 3.632 28.367 85.593
v 4.219 27.520 72.629
v 4.284 27.637 70.386
v 4.274 28.272 68.230
v 4.189 29.389 66.282
v 4.034 30.927 64.650
v 3.642 35.150 143.193
v 1.913 36.744 144.986
v 5.019 34.135 140.780
v 5.911 33.799 137.980
v 8.612 33.887 125.259
v 11.313 33.974 112.538
v 14.014 34.062 99.817
v 16.714 34.149 87.096
v 19.415 34.237 74.376
v 19.714 34.457 72.159
v 19.666 35.075 69.999
v 19.275 36.057 68.016
v 18.562 37.349 66.320
v 7.353 37.651 141.694
v 5.402 37.699 143.786
v 5.324 37.682 143.851
v 8.661 37.940 139.057
v 12.618 39.920 126.828
v 16.575 41.899 114.599
v 20.532 43.879 102.370
v 24.490 45.858 90.141
v 28.447 47.838 77.913
v 28.885 48.267 75.750
v 28.815 48.852 73.582
v 28.242 49.561 71.527
v 27.197 50.352 69.701
v -17.348 48.287 65.076
v -8.567 40.922 63.161
v -9.494 38.891 62.907
v -19.226 47.052 65.030
v -10.369 36.839 63.181
v -20.998 45.753 65.499
v -11.144 34.881 63.967
v -22.568 44.461 66.458
v 2.935 39.322 62.745
v 3.252 37.117 62.446
v 3.552 34.902 62.677
v 3.818 32.800 63.426
v 13.504 43.994 63.960
v 14.966 42.294 63.792
v 16.346 40.556 64.148
v 17.567 38.877 65.006
v 19.786 53.454 66.420
v 21.928 52.779 66.519
v 23.950 52.007 67.125
v 25.739 51.183 68.206
v -2.468 37.348 145.137
v -5.096 37.682 143.851
v -7.198 38.206 141.838
v -2.450 37.346 145.143
v -8.560 38.866 139.298
v -0.724 37.300 145.322
v -12.685 41.970 127.361
v 0.228 37.294 145.344
v 1.374 37.314 145.268
v -16.809 45.074 115.425
v 2.313 37.346 145.143
v -20.934 48.179 103.488
v -25.058 51.283 91.552
v 7.353 38.206 141.838
v 8.661 38.866 139.298
v -29.182 54.387 79.616
v 12.618 41.970 127.361
v -29.638 54.940 77.486
v 16.575 45.074 115.425
v -29.566 55.506 75.312
v 20.532 48.179 103.488
v -28.968 56.051 73.215
v 24.490 51.283 91.552
v -27.880 56.546 71.312
v 28.447 54.387 79.616
v -26.360 56.963 69.709
v 28.885 54.940 77.486
v -24.495 57.278 68.496
v 28.815 55.506 75.312
v -22.388 57.475 67.740
v 28.242 56.051 73.215
v -20.156 57.542 67.483
v 27.197 56.546 71.312
v -2.468 57.542 67.483
v -0.724 57.542 67.483
v 25.739 56.963 69.709
v 0.228 57.542 67.483
v 1.374 57.542 67.483
v 23.950 57.278 68.496
v 5.402 57.542 67.483
v 19.786 57.542 67.483
v 21.928 57.475 67.740
vt 0.52908 0.51869
vt 0.54362 0.52803
vt 0.52154 0.54716
vt 0.51436 0.53144
vt 0.54362 0.52803
vt 0.55816 0.53738
vt 0.52872 0.56288
vt 0.52154 0.54716
vt 0.55816 0.53738
vt 0.62183 0.57829
vt 0.56016 0.63173
vt 0.52872 0.56288
vt 0.62183 0.57829
vt 0.68550 0.61921
vt 0.59160 0.70058
vt 0.56016 0.63173
vt 0.68550 0.61921
vt 0.74917 0.66013
vt 0.62304 0.76942
vt 0.59160 0.70058
vt 0.74917 0.66013
vt 0.81284 0.70105
vt 0.65448 0.83827
vt 0.62304 0.76942
vt 0.81284 0.70105
vt 0.87651 0.74197
vt 0.68592 0.90711
vt 0.65448 0.83827
vt 0.87651 0.74197
vt 0.88754 0.74906
vt 0.69137 0.91904
vt 0.68592 0.90711
vt 0.88754 0.74906
vt 0.89857 0.75614
vt 0.69682 0.93096
vt 0.69137 0.91904
vt 0.89857 0.75614
vt 0.90960 0.76323
vt 0.70226 0.94289
vt 0.69682 0.93096
vt 0.90960 0.76323
vt 0.92063 0.77032
vt 0.70771 0.95482
vt 0.70226 0.94289
vt 0.50718 0.51572
vt 0.51436 0.53144
vt 0.49508 0.53421
vt 0.49754 0.51711
vt 0.51436 0.53144
vt 0.52154 0.54716
vt 0.49262 0.55132
vt 0.49508 0.53421
vt 0.52154 0.54716
vt 0.52872 0.56288
vt 0.49016 0.56843
vt 0.49262 0.55132
vt 0.52872 0.56288
vt 0.56016 0.63173
vt 0.47939 0.64334
vt 0.49016 0.56843
vt 0.56016 0.63173
vt 0.59160 0.70058
vt 0.46862 0.71826
vt 0.47939 0.64334
vt 0.59160 0.70058
vt 0.62304 0.76942
vt 0.45785 0.79317
vt 0.46862 0.71826
vt 0.62304 0.76942
vt 0.65448 0.83827
vt 0.44708 0.86809
vt 0.45785 0.79317
vt 0.65448 0.83827
vt 0.68592 0.90711
vt 0.43631 0.94300
vt 0.44708 0.86809
vt 0.68592 0.90711
vt 0.69137 0.91904
vt 0.43444 0.95598
vt 0.43631 0.94300
vt 0.69137 0.91904
vt 0.69682 0.93096
vt 0.43257 0.96896
vt 0.43444 0.95598
vt 0.69682 0.93096
vt 0.70226 0.94289
vt 0.43071 0.98193
vt 0.43257 0.96896
vt 0.70226 0.94289
vt 0.70771 0.95482
vt 0.42884 0.99491
vt 0.43071 0.98193
vt 0.49754 0.51711
vt 0.49508 0.53421
vt 0.47736 0.52612
vt 0.48868 0.51306
vt 0.49508 0.53421
vt 0.49262 0.55132
vt 0.46605 0.53918
vt 0.47736 0.52612
vt 0.49262 0.55132
vt 0.49016 0.56843
vt 0.45473 0.55225
vt 0.46605 0.53918
vt 0.49016 0.56843
vt 0.47939 0.64334
vt 0.40516 0.60945
vt 0.45473 0.55225
vt 0.47939 0.64334
vt 0.46862 0.71826
vt 0.35560 0.66664
vt 0.40516 0.60945
vt 0.46862 0.71826
vt 0.45785 0.79317
vt 0.30604 0.72384
vt 0.35560 0.66664
vt 0.45785 0.79317
vt 0.44708 0.86809
vt 0.25647 0.78104
vt 0.30604 0.72384
vt 0.44708 0.86809
vt 0.43631 0.94300
vt 0.20691 0.83824
vt 0.25647 0.78104
vt 0.43631 0.94300
vt 0.43444 0.95598
vt 0.19833 0.84815
vt 0.20691 0.83824
vt 0.43444 0.95598
vt 0.43257 0.96896
vt 0.18974 0.85806
vt 0.19833 0.84815
vt 0.43257 0.96896
vt 0.43071 0.98193
vt 0.18116 0.86797
vt 0.18974 0.85806
vt 0.43071 0.98193
vt 0.42884 0.99491
vt 0.17257 0.87787
vt 0.18116 0.86797
vt 0.46605 0.53918
vt 0.45025 0.51461
vt 0.46629 0.50990
vt 0.47736 0.52612
vt 0.46691 0.50986
vt 0.46605 0.53918
vt 0.45473 0.55225
vt 0.43367 0.51948
vt 0.45025 0.51461
vt 0.45473 0.55225
vt 0.40516 0.60945
vt 0.36105 0.54080
vt 0.43367 0.51948
vt 0.40516 0.60945
vt 0.35560 0.66664
vt 0.28843 0.56212
vt 0.36105 0.54080
vt 0.35560 0.66664
vt 0.30604 0.72384
vt 0.21581 0.58345
vt 0.28843 0.56212
vt 0.30604 0.72384
vt 0.25647 0.78104
vt 0.14319 0.60477
vt 0.21581 0.58345
vt 0.25647 0.78104
vt 0.20691 0.83824
vt 0.07057 0.62609
vt 0.14319 0.60477
vt 0.20691 0.83824
vt 0.19833 0.84815
vt 0.05799 0.62979
vt 0.07057 0.62609
vt 0.19833 0.84815
vt 0.18974 0.85806
vt 0.04541 0.63348
vt 0.05799 0.62979
vt 0.18974 0.85806
vt 0.18116 0.86797
vt 0.03283 0.63717
vt 0.04541 0.63348
vt 0.18116 0.86797
vt 0.17257 0.87787
vt 0.02025 0.64087
vt 0.03283 0.63717
vt 0.79272 0.68812
vt 0.64455 0.81651
vt 0.66034 0.85109
vt 0.82470 0.70867
vt 0.82470 0.70867
vt 0.66034 0.85109
vt 0.67613 0.88566
vt 0.85667 0.72922
vt 0.85667 0.72922
vt 0.67613 0.88566
vt 0.69192 0.92024
vt 0.88865 0.74977
vt 0.88865 0.74977
vt 0.69192 0.92024
vt 0.70771 0.95482
vt 0.92063 0.77032
vt 0.64455 0.81651
vt 0.45048 0.84442
vt 0.44507 0.88204
vt 0.66034 0.85109
vt 0.66034 0.85109
vt 0.44507 0.88204
vt 0.43966 0.91966
vt 0.67613 0.88566
vt 0.67613 0.88566
vt 0.43966 0.91966
vt 0.43425 0.95729
vt 0.69192 0.92024
vt 0.69192 0.92024
vt 0.43425 0.95729
vt 0.42884 0.99491
vt 0.70771 0.95482
vt 0.45048 0.84442
vt 0.27214 0.76297
vt 0.24724 0.79170
vt 0.44507 0.88204
vt 0.44507 0.88204
vt 0.24724 0.79170
vt 0.22235 0.82042
vt 0.43966 0.91966
vt 0.43966 0.91966
vt 0.22235 0.82042
vt 0.19746 0.84915
vt 0.43425 0.95729
vt 0.43425 0.95729
vt 0.19746 0.84915
vt 0.17257 0.87787
vt 0.42884 0.99491
vt 0.27214 0.76297
vt 0.16614 0.59803
vt 0.12967 0.60874
vt 0.24724 0.79170
vt 0.24724 0.79170
vt 0.12967 0.60874
vt 0.09319 0.61945
vt 0.22235 0.82042
vt 0.22235 0.82042
vt 0.09319 0.61945
vt 0.05672 0.63016
vt 0.19746 0.84915
vt 0.19746 0.84915
vt 0.05672 0.63016
vt 0.02025 0.64087
vt 0.17257 0.87787
vt 0.51461 0.50939
vt 0.53167 0.50986
vt 0.52908 0.51869
vt 0.54362 0.52803
vt 0.52908 0.51869
vt 0.53167 0.50986
vt 0.54870 0.51073
vt 0.51436 0.53144
vt 0.50718 0.51572
vt 0.51461 0.50939
vt 0.52908 0.51869
vt 0.51449 0.50938
vt 0.55816 0.53738
vt 0.54362 0.52803
vt 0.54870 0.51073
vt 0.56556 0.51215
vt 0.51449 0.50938
vt 0.50718 0.51572
vt 0.50428 0.50938
vt 0.62183 0.57829
vt 0.55816 0.53738
vt 0.56556 0.51215
vt 0.63969 0.51747
vt 0.50428 0.50938
vt 0.50718 0.51572
vt 0.49754 0.51711
vt 0.49865 0.50938
vt 0.49865 0.50938
vt 0.49754 0.51711
vt 0.48868 0.51306
vt 0.49187 0.50938
vt 0.68550 0.61921
vt 0.62183 0.57829
vt 0.63969 0.51747
vt 0.71456 0.52025
vt 0.49187 0.50938
vt 0.48868 0.51306
vt 0.48632 0.50938
vt 0.46691 0.50986
vt 0.48632 0.50938
vt 0.48868 0.51306
vt 0.47736 0.52612
vt 0.74917 0.66013
vt 0.68550 0.61921
vt 0.71456 0.52025
vt 0.78974 0.52195
vt 0.81284 0.70105
vt 0.74917 0.66013
vt 0.78974 0.52195
vt 0.86509 0.52311
vt 0.46629 0.50990
vt 0.45025 0.51461
vt 0.45025 0.51073
vt 0.43367 0.51215
vt 0.45025 0.51073
vt 0.45025 0.51461
vt 0.43367 0.51948
vt 0.87651 0.74197
vt 0.81284 0.70105
vt 0.86509 0.52311
vt 0.94053 0.52394
vt 0.36105 0.51747
vt 0.43367 0.51215
vt 0.43367 0.51948
vt 0.36105 0.54080
vt 0.88754 0.74906
vt 0.87651 0.74197
vt 0.94053 0.52394
vt 0.95354 0.52427
vt 0.28843 0.52025
vt 0.36105 0.51747
vt 0.36105 0.54080
vt 0.28843 0.56212
vt 0.89857 0.75614
vt 0.88754 0.74906
vt 0.95354 0.52427
vt 0.96643 0.52502
vt 0.21581 0.52195
vt 0.28843 0.52025
vt 0.28843 0.56212
vt 0.21581 0.58345
vt 0.90960 0.76323
vt 0.89857 0.75614
vt 0.96643 0.52502
vt 0.97919 0.52624
vt 0.14319 0.52311
vt 0.21581 0.52195
vt 0.21581 0.58345
vt 0.14319 0.60477
vt 0.92063 0.77032
vt 0.90960 0.76323
vt 0.97919 0.52624
vt 0.99178 0.52798
vt 0.07057 0.52394
vt 0.14319 0.52311
vt 0.14319 0.60477
vt 0.07057 0.62609
vt 0.92063 0.77032
vt 0.99178 0.52798
vt 0.95397 0.52732
vt 0.88865 0.74977
vt 0.05799 0.52427
vt 0.07057 0.52394
vt 0.07057 0.62609
vt 0.05799 0.62979
vt 0.88865 0.74977
vt 0.95397 0.52732
vt 0.91607 0.52694
vt 0.85667 0.72922
vt 0.04541 0.52502
vt 0.05799 0.52427
vt 0.05799 0.62979
vt 0.04541 0.63348
vt 0.85667 0.72922
vt 0.91607 0.52694
vt 0.87810 0.52679
vt 0.82470 0.70867
vt 0.03283 0.52624
vt 0.04541 0.52502
vt 0.04541 0.63348
vt 0.03283 0.63717
vt 0.82470 0.70867
vt 0.87810 0.52679
vt 0.84010 0.52676
vt 0.79272 0.68812
vt 0.02025 0.52798
vt 0.03283 0.52624
vt 0.03283 0.63717
vt 0.02025 0.64087
vt 0.54164 0.52676
vt 0.79272 0.68812
vt 0.84010 0.52676
vt 0.51222 0.52676
vt 0.64455 0.81651
vt 0.79272 0.68812
vt 0.54164 0.52676
vt 0.05672 0.52732
vt 0.02025 0.52798
vt 0.02025 0.64087
vt 0.05672 0.63016
vt 0.49615 0.52676
vt 0.45048 0.84442
vt 0.64455 0.81651
vt 0.51222 0.52676
vt 0.47681 0.52676
vt 0.27214 0.76297
vt 0.45048 0.84442
vt 0.49615 0.52676
vt 0.09319 0.52694
vt 0.05672 0.52732
vt 0.05672 0.63016
vt 0.09319 0.61945
vt 0.40885 0.52676
vt 0.16614 0.59803
vt 0.27214 0.76297
vt 0.47681 0.52676
vt 0.16614 0.52676
vt 0.16614 0.59803
vt 0.40885 0.52676
vt 0.12967 0.52679
vt 0.09319 0.52694
vt 0.09319 0.61945
vt 0.12967 0.60874
vt 0.16614 0.59803
vt 0.16614 0.52676
vt 0.12967 0.52679
vt 0.12967 0.60874
vt 0.26064 0.72361
vt 0.21569 0.64101
vt 0.21131 0.65683
vt 0.30225 0.73113
vt 0.28084 0.72922
vt 0.25524 0.55234
vt 0.44601 0.73113
vt 0.29479 0.46368
vt 0.48626 0.73113
vt 0.49772 0.73113
vt 0.70922 0.46368
vt 0.66800 0.37502
vt 0.33434 0.37502
vt 0.62678 0.28635
vt 0.37389 0.28635
vt 0.58556 0.19769
vt 0.41344 0.19769
vt 0.57194 0.17882
vt 0.42651 0.17882
vt 0.55093 0.16386
vt 0.44601 0.16435
vt 0.47688 0.15427
vt 0.44679 0.16386
vt 0.52467 0.15431
vt 0.50724 0.15294
vt 0.48626 0.15334
vt 0.49772 0.15278
vt 0.52449 0.15427
vt 0.50724 0.73113
vt 0.75044 0.55234
vt 0.52467 0.73113
vt 0.70145 0.73113
vt 0.79166 0.64101
vt 0.72375 0.72922
vt 0.74481 0.72361
vt 0.76346 0.71459
vt 0.77864 0.70269
vt 0.79549 0.67298
vt 0.78952 0.68855
vt 0.79622 0.65683
vt 0.21201 0.67298
vt 0.21774 0.68855
vt 0.22818 0.70269
vt 0.24275 0.71459
vn -0.49156 -0.50998 0.70589
vn -0.67740 -0.57056 0.46431
vn -0.33450 -0.85812 0.38953
vn -0.24273 -0.71865 0.65163
vn -0.67740 -0.57056 0.46431
vn -0.79783 -0.57605 0.17789
vn -0.39397 -0.91472 0.08982
vn -0.33450 -0.85812 0.38953
vn -0.79783 -0.57605 0.17789
vn -0.79783 -0.57605 0.17789
vn -0.39397 -0.91472 0.08982
vn -0.39397 -0.91472 0.08982
vn -0.79783 -0.57605 0.17789
vn -0.79783 -0.57605 0.17789
vn -0.39397 -0.91472 0.08982
vn -0.39397 -0.91472 0.08982
vn -0.79783 -0.57605 0.17789
vn -0.79783 -0.57605 0.17789
vn -0.39397 -0.91472 0.08982
vn -0.39397 -0.91472 0.08982
vn -0.79783 -0.57605 0.17789
vn -0.79783 -0.57605 0.17789
vn -0.39397 -0.91472 0.08982
vn -0.39397 -0.91472 0.08982
vn -0.79783 -0.57605 0.17789
vn -0.79783 -0.57605 0.17789
vn -0.39397 -0.91472 0.08982
vn -0.39397 -0.91472 0.08982
vn -0.79783 -0.57605 0.17789
vn -0.83814 -0.54293 -0.05241
vn -0.41388 -0.89872 -0.14493
vn -0.39397 -0.91472 0.08982
vn -0.83814 -0.54293 -0.05241
vn -0.83172 -0.47954 -0.27979
vn -0.41071 -0.83260 -0.37160
vn -0.41388 -0.89872 -0.14493
vn -0.83172 -0.47954 -0.27979
vn -0.77893 -0.38940 -0.49157
vn -0.38464 -0.72006 -0.57755
vn -0.41071 -0.83260 -0.37160
vn -0.77893 -0.38940 -0.49157
vn -0.68270 -0.27756 -0.67593
vn -0.33712 -0.56737 -0.75130
vn -0.38464 -0.72006 -0.57755
vn -0.12752 -0.50978 0.85080
vn -0.24273 -0.71865 0.65163
vn 0.08316 -0.76400 0.63984
vn 0.04369 -0.53360 0.84461
vn -0.24273 -0.71865 0.65163
vn -0.33450 -0.85812 0.38953
vn 0.11460 -0.92061 0.37328
vn 0.08316 -0.76400 0.63984
vn -0.33450 -0.85812 0.38953
vn -0.39397 -0.91472 0.08982
vn 0.13497 -0.98833 0.07068
vn 0.11460 -0.92061 0.37328
vn -0.39397 -0.91472 0.08982
vn -0.39397 -0.91472 0.08982
vn 0.13497 -0.98833 0.07068
vn 0.13497 -0.98833 0.07068
vn -0.39397 -0.91472 0.08982
vn -0.39397 -0.91472 0.08982
vn 0.13497 -0.98833 0.07068
vn 0.13497 -0.98833 0.07068
vn -0.39397 -0.91472 0.08982
vn -0.39397 -0.91472 0.08982
vn 0.13497 -0.98833 0.07068
vn 0.13497 -0.98833 0.07068
vn -0.39397 -0.91472 0.08982
vn -0.39397 -0.91472 0.08982
vn 0.13497 -0.98833 0.07068
vn 0.13497 -0.98833 0.07068
vn -0.39397 -0.91472 0.08982
vn -0.39397 -0.91472 0.08982
vn 0.13497 -0.98833 0.07068
vn 0.13497 -0.98833 0.07068
vn -0.39397 -0.91472 0.08982
vn -0.41388 -0.89872 -0.14493
vn 0.14179 -0.97604 -0.16504
vn 0.13497 -0.98833 0.07068
vn -0.41388 -0.89872 -0.14493
vn -0.41071 -0.83260 -0.37160
vn 0.14070 -0.90933 -0.39156
vn 0.14179 -0.97604 -0.16504
vn -0.41071 -0.83260 -0.37160
vn -0.38464 -0.72006 -0.57755
vn 0.13177 -0.79192 -0.59624
vn 0.14070 -0.90933 -0.39156
vn -0.38464 -0.72006 -0.57755
vn -0.33712 -0.56737 -0.75130
vn 0.11549 -0.63035 -0.76767
vn 0.13177 -0.79192 -0.59624
vn 0.04369 -0.53360 0.84461
vn 0.08316 -0.76400 0.63984
vn 0.38265 -0.63163 0.67426
vn 0.20103 -0.46406 0.86269
vn 0.08316 -0.76400 0.63984
vn 0.11460 -0.92061 0.37328
vn 0.52731 -0.73820 0.42072
vn 0.38265 -0.63163 0.67426
vn 0.11460 -0.92061 0.37328
vn 0.13497 -0.98833 0.07068
vn 0.62106 -0.77348 0.12655
vn 0.52731 -0.73820 0.42072
vn 0.13497 -0.98833 0.07068
vn 0.13497 -0.98833 0.07068
vn 0.62106 -0.77348 0.12655
vn 0.62106 -0.77348 0.12655
vn 0.13497 -0.98833 0.07068
vn 0.13497 -0.98833 0.07068
vn 0.62106 -0.77348 0.12655
vn 0.62106 -0.77348 0.12655
vn 0.13497 -0.98833 0.07068
vn 0.13497 -0.98833 0.07068
vn 0.62106 -0.77348 0.12655
vn 0.62106 -0.77348 0.12655
vn 0.13497 -0.98833 0.07068
vn 0.13497 -0.98833 0.07068
vn 0.62106 -0.77348 0.12655
vn 0.62106 -0.77348 0.12655
vn 0.13497 -0.98833 0.07068
vn 0.13497 -0.98833 0.07068
vn 0.62106 -0.77348 0.12655
vn 0.62106 -0.77348 0.12655
vn 0.13497 -0.98833 0.07068
vn 0.14179 -0.97604 -0.16504
vn 0.65244 -0.75034 -0.10635
vn 0.62106 -0.77348 0.12655
vn 0.14179 -0.97604 -0.16504
vn 0.14070 -0.90933 -0.39156
vn 0.64744 -0.68536 -0.33331
vn 0.65244 -0.75034 -0.10635
vn 0.14070 -0.90933 -0.39156
vn 0.13177 -0.79192 -0.59624
vn 0.60634 -0.58216 -0.54169
vn 0.64744 -0.68536 -0.33331
vn 0.13177 -0.79192 -0.59624
vn 0.11549 -0.63035 -0.76767
vn 0.53144 -0.44651 -0.71987
vn 0.60634 -0.58216 -0.54169
vn 0.52731 -0.73820 0.42072
vn 0.77261 -0.36879 0.51678
vn 0.56844 -0.36429 0.73767
vn 0.38265 -0.63163 0.67426
vn 0.55956 -0.36568 0.74375
vn 0.52731 -0.73820 0.42072
vn 0.62106 -0.77348 0.12655
vn 0.90996 -0.33841 0.23969
vn 0.77261 -0.36879 0.51678
vn 0.62106 -0.77348 0.12655
vn 0.62106 -0.77348 0.12655
vn 0.90996 -0.33841 0.23969
vn 0.90996 -0.33841 0.23969
vn 0.62106 -0.77348 0.12655
vn 0.62106 -0.77348 0.12655
vn 0.90996 -0.33841 0.23969
vn 0.90996 -0.33841 0.23969
vn 0.62106 -0.77348 0.12655
vn 0.62106 -0.77348 0.12655
vn 0.90996 -0.33841 0.23969
vn 0.90996 -0.33841 0.23969
vn 0.62106 -0.77348 0.12655
vn 0.62106 -0.77348 0.12655
vn 0.90996 -0.33841 0.23969
vn 0.90996 -0.33841 0.23969
vn 0.62106 -0.77348 0.12655
vn 0.62106 -0.77348 0.12655
vn 0.90996 -0.33841 0.23969
vn 0.90996 -0.33841 0.23969
vn 0.62106 -0.77348 0.12655
vn 0.65244 -0.75034 -0.10635
vn 0.95594 -0.29328 0.01251
vn 0.90996 -0.33841 0.23969
vn 0.65244 -0.75034 -0.10635
vn 0.64744 -0.68536 -0.33331
vn 0.94862 -0.23180 -0.21537
vn 0.95594 -0.29328 0.01251
vn 0.64744 -0.68536 -0.33331
vn 0.60634 -0.58216 -0.54169
vn 0.88841 -0.15739 -0.43123
vn 0.94862 -0.23180 -0.21537
vn 0.60634 -0.58216 -0.54169
vn 0.53144 -0.44651 -0.71987
vn 0.77865 -0.07421 -0.62305
vn 0.88841 -0.15739 -0.43123
vn -0.00000 0.25168 -0.96781
vn -0.00000 0.25168 -0.96781
vn -0.09741 0.03823 -0.99451
vn -0.19726 0.12197 -0.97273
vn -0.19726 0.12197 -0.97273
vn -0.09741 0.03823 -0.99451
vn -0.18939 -0.17735 -0.96575
vn -0.38352 -0.01454 -0.92342
vn -0.38352 -0.01454 -0.92342
vn -0.18939 -0.17735 -0.96575
vn -0.27080 -0.38303 -0.88315
vn -0.54840 -0.15024 -0.82261
vn -0.54840 -0.15024 -0.82261
vn -0.27080 -0.38303 -0.88315
vn -0.33712 -0.56737 -0.75130
vn -0.68270 -0.27756 -0.67593
vn -0.00000 0.25168 -0.96781
vn -0.00000 0.25168 -0.96781
vn 0.03337 0.02003 -0.99924
vn -0.09741 0.03823 -0.99451
vn -0.09741 0.03823 -0.99451
vn 0.03337 0.02003 -0.99924
vn 0.06488 -0.21273 -0.97496
vn -0.18939 -0.17735 -0.96575
vn -0.18939 -0.17735 -0.96575
vn 0.06488 -0.21273 -0.97496
vn 0.09277 -0.43363 -0.89630
vn -0.27080 -0.38303 -0.88315
vn -0.27080 -0.38303 -0.88315
vn 0.09277 -0.43363 -0.89630
vn 0.11549 -0.63035 -0.76767
vn -0.33712 -0.56737 -0.75130
vn -0.00000 0.25168 -0.96781
vn -0.00000 0.25168 -0.96781
vn 0.15356 0.07315 -0.98543
vn 0.03337 0.02003 -0.99924
vn 0.03337 0.02003 -0.99924
vn 0.15356 0.07315 -0.98543
vn 0.29855 -0.10945 -0.94810
vn 0.06488 -0.21273 -0.97496
vn 0.06488 -0.21273 -0.97496
vn 0.29855 -0.10945 -0.94810
vn 0.42689 -0.28595 -0.85790
vn 0.09277 -0.43363 -0.89630
vn 0.09277 -0.43363 -0.89630
vn 0.42689 -0.28595 -0.85790
vn 0.53144 -0.44651 -0.71987
vn 0.11549 -0.63035 -0.76767
vn -0.00000 0.25168 -0.96781
vn -0.00000 0.25168 -0.96781
vn 0.22499 0.18073 -0.95745
vn 0.15356 0.07315 -0.98543
vn 0.15356 0.07315 -0.98543
vn 0.22499 0.18073 -0.95745
vn 0.43743 0.09970 -0.89371
vn 0.29855 -0.10945 -0.94810
vn 0.29855 -0.10945 -0.94810
vn 0.43743 0.09970 -0.89371
vn 0.62548 0.01311 -0.78013
vn 0.42689 -0.28595 -0.85790
vn 0.42689 -0.28595 -0.85790
vn 0.62548 0.01311 -0.78013
vn 0.77865 -0.07421 -0.62305
vn 0.53144 -0.44651 -0.71987
vn -0.25938 -0.40074 0.87871
vn -0.54277 -0.37057 0.75371
vn -0.49156 -0.50998 0.70589
vn -0.67740 -0.57056 0.46431
vn -0.49156 -0.50998 0.70589
vn -0.54277 -0.37057 0.75371
vn -0.77539 -0.31837 0.54536
vn -0.24273 -0.71865 0.65163
vn -0.12752 -0.50978 0.85080
vn -0.25938 -0.40074 0.87871
vn -0.49156 -0.50998 0.70589
vn -0.25748 -0.40085 0.87922
vn -0.79783 -0.57605 0.17789
vn -0.67740 -0.57056 0.46431
vn -0.77539 -0.31837 0.54536
vn -0.92901 -0.24904 0.27370
vn -0.25748 -0.40085 0.87922
vn -0.12752 -0.50978 0.85080
vn -0.07701 -0.41051 0.90860
vn -0.79783 -0.57605 0.17789
vn -0.79783 -0.57605 0.17789
vn -0.92901 -0.24904 0.27370
vn -0.93831 -0.19542 0.28529
vn -0.07701 -0.41051 0.90860
vn -0.12752 -0.50978 0.85080
vn 0.04369 -0.53360 0.84461
vn 0.02425 -0.41125 0.91120
vn 0.02425 -0.41125 0.91120
vn 0.04369 -0.53360 0.84461
vn 0.20103 -0.46406 0.86269
vn 0.14584 -0.40825 0.90115
vn -0.79783 -0.57605 0.17789
vn -0.79783 -0.57605 0.17789
vn -0.93831 -0.19542 0.28529
vn -0.94197 -0.16750 0.29093
vn 0.14584 -0.40825 0.90115
vn 0.20103 -0.46406 0.86269
vn 0.24393 -0.40231 0.88241
vn 0.55956 -0.36568 0.74375
vn 0.24393 -0.40231 0.88241
vn 0.20103 -0.46406 0.86269
vn 0.38265 -0.63163 0.67426
vn -0.79783 -0.57605 0.17789
vn -0.79783 -0.57605 0.17789
vn -0.94197 -0.16750 0.29093
vn -0.94382 -0.15041 0.29426
vn -0.79783 -0.57605 0.17789
vn -0.79783 -0.57605 0.17789
vn -0.94382 -0.15041 0.29426
vn -0.94490 -0.13889 0.29644
vn 0.56844 -0.36429 0.73767
vn 0.77261 -0.36879 0.51678
vn 0.78193 -0.31427 0.53835
vn 0.93048 -0.24655 0.27097
vn 0.78193 -0.31427 0.53835
vn 0.77261 -0.36879 0.51678
vn 0.90996 -0.33841 0.23969
vn -0.79783 -0.57605 0.17789
vn -0.79783 -0.57605 0.17789
vn -0.94490 -0.13889 0.29644
vn -0.94560 -0.13060 0.29798
vn 0.93771 -0.19633 0.28663
vn 0.93048 -0.24655 0.27097
vn 0.90996 -0.33841 0.23969
vn 0.90996 -0.33841 0.23969
vn -0.83814 -0.54293 -0.05241
vn -0.79783 -0.57605 0.17789
vn -0.94560 -0.13060 0.29798
vn -0.99477 -0.07345 0.07093
vn 0.94046 -0.16959 0.29457
vn 0.93771 -0.19633 0.28663
vn 0.90996 -0.33841 0.23969
vn 0.90996 -0.33841 0.23969
vn -0.83172 -0.47954 -0.27979
vn -0.83814 -0.54293 -0.05241
vn -0.99477 -0.07345 0.07093
vn -0.98693 -0.01294 -0.16062
vn 0.94179 -0.15302 0.29936
vn 0.94046 -0.16959 0.29457
vn 0.90996 -0.33841 0.23969
vn 0.90996 -0.33841 0.23969
vn -0.77893 -0.38940 -0.49157
vn -0.83172 -0.47954 -0.27979
vn -0.98693 -0.01294 -0.16062
vn -0.92260 0.04736 -0.38284
vn 0.94253 -0.14176 0.30256
vn 0.94179 -0.15302 0.29936
vn 0.90996 -0.33841 0.23969
vn 0.90996 -0.33841 0.23969
vn -0.68270 -0.27756 -0.67593
vn -0.77893 -0.38940 -0.49157
vn -0.92260 0.04736 -0.38284
vn -0.80605 0.10413 -0.58262
vn 0.94299 -0.13360 0.30484
vn 0.94253 -0.14176 0.30256
vn 0.90996 -0.33841 0.23969
vn 0.90996 -0.33841 0.23969
vn -0.68270 -0.27756 -0.67593
vn -0.80605 0.10413 -0.58262
vn -0.64482 0.15457 -0.74854
vn -0.54840 -0.15024 -0.82261
vn 0.99450 -0.07535 0.07276
vn 0.94299 -0.13360 0.30484
vn 0.90996 -0.33841 0.23969
vn 0.95594 -0.29328 0.01251
vn -0.54840 -0.15024 -0.82261
vn -0.64482 0.15457 -0.74854
vn -0.44893 0.19664 -0.87166
vn -0.38352 -0.01454 -0.92342
vn 0.98626 -0.01327 -0.16469
vn 0.99450 -0.07535 0.07276
vn 0.95594 -0.29328 0.01251
vn 0.94862 -0.23180 -0.21537
vn -0.38352 -0.01454 -0.92342
vn -0.44893 0.19664 -0.87166
vn -0.22993 0.22914 -0.94585
vn -0.19726 0.12197 -0.97273
vn 0.91904 0.04839 -0.39118
vn 0.98626 -0.01327 -0.16469
vn 0.94862 -0.23180 -0.21537
vn 0.88841 -0.15739 -0.43123
vn -0.19726 0.12197 -0.97273
vn -0.22993 0.22914 -0.94585
vn -0.00000 0.25168 -0.96781
vn -0.00000 0.25168 -0.96781
vn 0.79897 0.10580 -0.59199
vn 0.91904 0.04839 -0.39118
vn 0.88841 -0.15739 -0.43123
vn 0.77865 -0.07421 -0.62305
vn -0.00000 0.25168 -0.96781
vn -0.00000 0.25168 -0.96781
vn -0.00000 0.25168 -0.96781
vn -0.00000 0.25168 -0.96781
vn -0.00000 0.25168 -0.96781
vn -0.00000 0.25168 -0.96781
vn -0.00000 0.25168 -0.96781
vn 0.63581 0.15609 -0.75590
vn 0.79897 0.10580 -0.59199
vn 0.77865 -0.07421 -0.62305
vn 0.62548 0.01311 -0.78013
vn -0.00000 0.25168 -0.96781
vn -0.00000 0.25168 -0.96781
vn -0.00000 0.25168 -0.96781
vn -0.00000 0.25168 -0.96781
vn -0.00000 0.25168 -0.96781
vn -0.00000 0.25168 -0.96781
vn -0.00000 0.25168 -0.96781
vn -0.00000 0.25168 -0.96781
vn 0.44089 0.19752 -0.87556
vn 0.63581 0.15609 -0.75590
vn 0.62548 0.01311 -0.78013
vn 0.43743 0.09970 -0.89371
vn -0.00000 0.25168 -0.96781
vn -0.00000 0.25168 -0.96781
vn -0.00000 0.25168 -0.96781
vn -0.00000 0.25168 -0.96781
vn -0.00000 0.25168 -0.96781
vn -0.00000 0.25168 -0.96781
vn -0.00000 0.25168 -0.96781
vn 0.22545 0.22938 -0.94687
vn 0.44089 0.19752 -0.87556
vn 0.43743 0.09970 -0.89371
vn 0.22499 0.18073 -0.95745
vn -0.00000 0.25168 -0.96781
vn -0.00000 0.25168 -0.96781
vn 0.22545 0.22938 -0.94687
vn 0.22499 0.18073 -0.95745
vn 0.00000 0.96781 0.25168
vn 0.00000 0.96781 0.25168
vn 0.00000 0.96781 0.25168
vn 0.00000 0.96781 0.25168
vn 0.00000 0.96781 0.25168
vn 0.00000 0.96781 0.25168
vn 0.00000 0.96781 0.25168
vn 0.00000 0.96781 0.25168
vn 0.00000 0.96781 0.25168
vn 0.00000 0.96781 0.25168
vn 0.00000 0.96781 0.25168
vn 0.00000 0.96781 0.25168
vn 0.00000 0.96781 0.25168
vn 0.00000 0.96781 0.25168
vn 0.00000 0.96781 0.25168
vn 0.00000 0.96781 0.25168
vn 0.00000 0.96781 0.25168
vn 0.00000 0.96781 0.25168
vn 0.00000 0.96781 0.25168
vn 0.00000 0.96781 0.25168
vn 0.00000 0.96781 0.25168
vn 0.00000 0.96781 0.25168
vn 0.00000 0.96781 0.25168
vn 0.00000 0.96781 0.25168
vn 0.00000 0.96781 0.25168
vn 0.00000 0.96781 0.25168
vn 0.00000 0.96781 0.25168
vn 0.00000 0.96781 0.25168
vn 0.00000 0.96781 0.25168
vn 0.00000 0.96781 0.25168
vn 0.00000 0.96781 0.25168
vn 0.00000 0.96781 0.25168
vn 0.00000 0.96781 0.25168
vn 0.00000 0.96781 0.25168
vn 0.00000 0.96781 0.25168
vn 0.00000 0.96781 0.25168
vn 0.00000 0.96781 0.25168
vn 0.00000 0.96781 0.25168
vn 0.00000 0.96781 0.25168
vn 0.00000 0.96781 0.25168
vn 0.00000 0.96781 0.25168
vn 0.00000 0.96781 0.25168
vn 0.00000 0.96781 0.25168
vn 0.00000 0.96781 0.25168
f 1581/2299/6459 1582/2300/6460 1583/2301/6461 1584/2302/6462 
f 1582/2303/6463 1585/2304/6464 1586/2305/6465 1583/2306/6466 
f 1585/2307/6467 1587/2308/6468 1588/2309/6469 1586/2310/6470 
f 1587/2311/6471 1589/2312/6472 1590/2313/6473 1588/2314/6474 
f 1589/2315/6475 1591/2316/6476 1592/2317/6477 1590/2318/6478 
f 1591/2319/6479 1593/2320/6480 1594/2321/6481 1592/2322/6482 
f 1593/2323/6483 1595/2324/6484 1596/2325/6485 1594/2326/6486 
f 1595/2327/6487 1597/2328/6488 1598/2329/6489 1596/2330/6490 
f 1597/2331/6491 1599/2332/6492 1600/2333/6493 1598/2334/6494 
f 1599/2335/6495 1601/2336/6496 1602/2337/6497 1600/2338/6498 
f 1601/2339/6499 1603/2340/6500 1604/2341/6501 1602/2342/6502 
f 1605/2343/6503 1584/2344/6504 1606/2345/6505 1607/2346/6506 
f 1584/2347/6507 1583/2348/6508 1608/2349/6509 1606/2350/6510 
f 1583/2351/6511 1586/2352/6512 1609/2353/6513 1608/2354/6514 
f 1586/2355/6515 1588/2356/6516 1610/2357/6517 1609/2358/6518 
f 1588/2359/6519 1590/2360/6520 1611/2361/6521 1610/2362/6522 
f 1590/2363/6523 1592/2364/6524 1612/2365/6525 1611/2366/6526 
f 1592/2367/6527 1594/2368/6528 1613/2369/6529 1612/2370/6530 
f 1594/2371/6531 1596/2372/6532 1614/2373/6533 1613/2374/6534 
f 1596/2375/6535 1598/2376/6536 1615/2377/6537 1614/2378/6538 
f 1598/2379/6539 1600/2380/6540 1616/2381/6541 1615/2382/6542 
f 1600/2383/6543 1602/2384/6544 1617/2385/6545 1616/2386/6546 
f 1602/2387/6547 1604/2388/6548 1618/2389/6549 1617/2390/6550 
f 1607/2391/6551 1606/2392/6552 1619/2393/6553 1620/2394/6554 
f 1606/2395/6555 1608/2396/6556 1621/2397/6557 1619/2398/6558 
f 1608/2399/6559 1609/2400/6560 1622/2401/6561 1621/2402/6562 
f 1609/2403/6563 1610/2404/6564 1623/2405/6565 1622/2406/6566 
f 1610/2407/6567 1611/2408/6568 1624/2409/6569 1623/2410/6570 
f 1611/2411/6571 1612/2412/6572 1625/2413/6573 1624/2414/6574 
f 1612/2415/6575 1613/2416/6576 1626/2417/6577 1625/2418/6578 
f 1613/2419/6579 1614/2420/6580 1627/2421/6581 1626/2422/6582 
f 1614/2423/6583 1615/2424/6584 1628/2425/6585 1627/2426/6586 
f 1615/2427/6587 1616/2428/6588 1629/2429/6589 1628/2430/6590 
f 1616/2431/6591 1617/2432/6592 1630/2433/6593 1629/2434/6594 
f 1617/2435/6595 1618/2436/6596 1631/2437/6597 1630/2438/6598 
f 1621/2439/6599 1632/2440/6600 1633/2441/6601 1634/2443/6603 1619/2442/6602 
f 1621/2444/6604 1622/2445/6605 1635/2446/6606 1632/2447/6607 
f 1622/2448/6608 1623/2449/6609 1636/2450/6610 1635/2451/6611 
f 1623/2452/6612 1624/2453/6613 1637/2454/6614 1636/2455/6615 
f 1624/2456/6616 1625/2457/6617 1638/2458/6618 1637/2459/6619 
f 1625/2460/6620 1626/2461/6621 1639/2462/6622 1638/2463/6623 
f 1626/2464/6624 1627/2465/6625 1640/2466/6626 1639/2467/6627 
f 1627/2468/6628 1628/2469/6629 1641/2470/6630 1640/2471/6631 
f 1628/2472/6632 1629/2473/6633 1642/2474/6634 1641/2475/6635 
f 1629/2476/6636 1630/2477/6637 1643/2478/6638 1642/2479/6639 
f 1630/2480/6640 1631/2481/6641 1644/2482/6642 1643/2483/6643 
f 1645/2484/6644 1646/2485/6645 1647/2486/6646 1648/2487/6647 
f 1648/2488/6648 1647/2489/6649 1649/2490/6650 1650/2491/6651 
f 1650/2492/6652 1649/2493/6653 1651/2494/6654 1652/2495/6655 
f 1652/2496/6656 1651/2497/6657 1604/2498/6658 1603/2499/6659 
f 1646/2500/6660 1653/2501/6661 1654/2502/6662 1647/2503/6663 
f 1647/2504/6664 1654/2505/6665 1655/2506/6666 1649/2507/6667 
f 1649/2508/6668 1655/2509/6669 1656/2510/6670 1651/2511/6671 
f 1651/2512/6672 1656/2513/6673 1618/2514/6674 1604/2515/6675 
f 1653/2516/6676 1657/2517/6677 1658/2518/6678 1654/2519/6679 
f 1654/2520/6680 1658/2521/6681 1659/2522/6682 1655/2523/6683 
f 1655/2524/6684 1659/2525/6685 1660/2526/6686 1656/2527/6687 
f 1656/2528/6688 1660/2529/6689 1631/2530/6690 1618/2531/6691 
f 1657/2532/6692 1661/2533/6693 1662/2534/6694 1658/2535/6695 
f 1658/2536/6696 1662/2537/6697 1663/2538/6698 1659/2539/6699 
f 1659/2540/6700 1663/2541/6701 1664/2542/6702 1660/2543/6703 
f 1660/2544/6704 1664/2545/6705 1644/2546/6706 1631/2547/6707 
f 1665/2548/6708 1666/2549/6709 1581/2550/6710 
f 1582/2551/6711 1581/2552/6712 1666/2553/6713 1667/2554/6714 
f 1584/2555/6715 1605/2556/6716 1668/2559/6719 1665/2557/6717 1581/2558/6718 
f 1585/2560/6720 1582/2561/6721 1667/2562/6722 1669/2563/6723 
f 1668/2564/6724 1605/2565/6725 1670/2566/6726 
f 1587/2567/6727 1585/2568/6728 1669/2569/6729 1671/2570/6730 
f 1670/2571/6731 1605/2572/6732 1607/2573/6733 1672/2574/6734 
f 1672/2575/6735 1607/2576/6736 1620/2577/6737 1673/2578/6738 
f 1589/2579/6739 1587/2580/6740 1671/2581/6741 1674/2582/6742 
f 1673/2583/6743 1620/2584/6744 1675/2585/6745 
f 1634/2586/6746 1675/2587/6747 1620/2588/6748 1619/2589/6749 
f 1591/2590/6750 1589/2591/6751 1674/2592/6752 1676/2593/6753 
f 1593/2594/6754 1591/2595/6755 1676/2596/6756 1677/2597/6757 
f 1633/2598/6758 1632/2599/6759 1678/2600/6760 
f 1679/2601/6761 1678/2602/6762 1632/2603/6763 1635/2604/6764 
f 1595/2605/6765 1593/2606/6766 1677/2607/6767 1680/2608/6768 
f 1681/2609/6769 1679/2610/6770 1635/2611/6771 1636/2612/6772 
f 1597/2613/6773 1595/2614/6774 1680/2615/6775 1682/2616/6776 
f 1683/2617/6777 1681/2618/6778 1636/2619/6779 1637/2620/6780 
f 1599/2621/6781 1597/2622/6782 1682/2623/6783 1684/2624/6784 
f 1685/2625/6785 1683/2626/6786 1637/2627/6787 1638/2628/6788 
f 1601/2629/6789 1599/2630/6790 1684/2631/6791 1686/2632/6792 
f 1687/2633/6793 1685/2634/6794 1638/2635/6795 1639/2636/6796 
f 1603/2637/6797 1601/2638/6798 1686/2639/6799 1688/2640/6800 
f 1689/2641/6801 1687/2642/6802 1639/2643/6803 1640/2644/6804 
f 1603/2645/6805 1688/2646/6806 1690/2647/6807 1652/2648/6808 
f 1691/2649/6809 1689/2650/6810 1640/2651/6811 1641/2652/6812 
f 1652/2653/6813 1690/2654/6814 1692/2655/6815 1650/2656/6816 
f 1693/2657/6817 1691/2658/6818 1641/2659/6819 1642/2660/6820 
f 1650/2661/6821 1692/2662/6822 1694/2663/6823 1648/2664/6824 
f 1695/2665/6825 1693/2666/6826 1642/2667/6827 1643/2668/6828 
f 1648/2669/6829 1694/2670/6830 1696/2671/6831 1645/2672/6832 
f 1697/2673/6833 1695/2674/6834 1643/2675/6835 1644/2676/6836 
f 1698/2677/6837 1645/2678/6838 1696/2679/6839 
f 1699/2680/6840 1646/2681/6841 1645/2682/6842 1698/2683/6843 
f 1700/2684/6844 1697/2685/6845 1644/2686/6846 1664/2687/6847 
f 1701/2688/6848 1653/2689/6849 1646/2690/6850 1699/2691/6851 
f 1702/2692/6852 1657/2693/6853 1653/2694/6854 1701/2695/6855 
f 1703/2696/6856 1700/2697/6857 1664/2698/6858 1663/2699/6859 
f 1704/2700/6860 1661/2701/6861 1657/2702/6862 1702/2703/6863 
f 1705/2704/6864 1661/2705/6865 1704/2706/6866 
f 1706/2707/6867 1703/2708/6868 1663/2709/6869 1662/2710/6870 
f 1661/2711/6871 1705/2712/6872 1706/2713/6873 1662/2714/6874 
f 1689/2716/6876 1691/2717/6877 1693/2755/6915 1695/2756/6916 1697/2757/6917 1700/2758/6918 1703/2715/6875 1706/2719/6879 1705/2718/6878 1704/2721/6881 1702/2723/6883 1701/2724/6884 1699/2743/6903 1698/2745/6905 1696/2746/6906 1694/2748/6908 1692/2749/6909 1690/2750/6910 1688/2751/6911 1686/2753/6913 1684/2752/6912 1682/2754/6914 1680/2747/6907 1677/2744/6904 1676/2725/6885 1674/2726/6886 1671/2728/6888 1669/2730/6890 1667/2732/6892 1666/2734/6894 1665/2738/6898 1668/2742/6902 1670/2739/6899 1672/2741/6901 1673/2740/6900 1675/2736/6896 1634/2737/6897 1633/2735/6895 1678/2733/6893 1679/2731/6891 1681/2729/6889 1683/2727/6887 1685/2722/6882 1687/2720/6880 
o 015_Sphere_4
g Sphere_4
usemtl Niagara0
v 49.060 100.525 74.941
v 44.548 91.028 63.046
v 42.611 97.655 58.196
v 46.758 106.383 69.127
v 32.444 84.546 54.927
v 31.487 91.698 50.735
v 16.591 83.137 53.163
v 16.918 90.404 49.113
v 2.022 87.249 58.313
v 3.530 94.182 53.846
v -6.637 95.576 68.743
v -4.428 101.835 63.431
v -6.637 105.474 81.140
v -4.428 110.931 74.824
v 2.022 113.801 91.570
v 3.530 118.584 84.409
v 16.591 117.913 96.720
v 16.918 122.363 89.142
v 32.444 116.505 94.955
v 31.487 121.068 87.520
v 44.548 110.023 86.837
v 42.611 115.111 80.059
v 38.893 104.268 54.948
v 42.339 111.519 64.030
v 29.652 99.318 48.749
v 17.547 98.243 47.402
v 6.424 101.382 51.334
v -0.188 107.740 59.297
v -0.188 115.298 68.763
v 6.424 121.656 76.726
v 17.547 124.795 80.658
v 29.652 123.720 79.311
v 38.893 118.771 73.112
v 33.697 110.330 53.565
v 36.161 115.517 60.062
v 27.085 106.789 49.130
v 18.426 106.020 48.167
v 10.469 108.266 50.980
v 5.739 112.814 56.676
v 5.739 118.220 63.448
v 10.469 122.769 69.144
v 18.426 125.015 71.957
v 27.085 124.245 70.994
v 33.697 120.705 66.559
v 27.442 115.350 54.159
v 28.726 118.053 57.545
v 23.997 113.505 51.848
v 19.484 113.104 51.346
v 15.338 114.274 52.812
v 12.873 116.645 55.780
v 12.873 119.462 59.309
v 15.338 121.832 62.278
v 19.484 123.002 63.744
v 23.997 122.601 63.241
v 27.442 120.756 60.931
v 20.636 118.922 56.682
v 49.060 95.110 80.316
v 44.548 85.613 68.421
v 32.444 79.130 60.302
v 44.548 104.607 92.211
v 16.591 77.722 58.538
v 32.444 111.089 100.330
v 2.022 81.834 63.688
v 16.591 112.498 102.094
v -6.637 90.161 74.117
v 2.022 108.386 96.944
v -6.637 100.059 86.515
vt 0.00000 0.54545
vt 0.09091 0.54545
vt 0.09091 0.63636
vt 0.00000 0.63636
vt 0.09091 0.54545
vt 0.18182 0.54545
vt 0.18182 0.63636
vt 0.09091 0.63636
vt 0.18182 0.54545
vt 0.27273 0.54545
vt 0.27273 0.63636
vt 0.18182 0.63636
vt 0.27273 0.54545
vt 0.36364 0.54545
vt 0.36364 0.63636
vt 0.27273 0.63636
vt 0.36364 0.54545
vt 0.45455 0.54545
vt 0.45455 0.63636
vt 0.36364 0.63636
vt 0.45455 0.54545
vt 0.54545 0.54545
vt 0.54545 0.63636
vt 0.45455 0.63636
vt 0.54545 0.54545
vt 0.63636 0.54545
vt 0.63636 0.63636
vt 0.54545 0.63636
vt 0.63636 0.54545
vt 0.72727 0.54545
vt 0.72727 0.63636
vt 0.63636 0.63636
vt 0.72727 0.54545
vt 0.81818 0.54545
vt 0.81818 0.63636
vt 0.72727 0.63636
vt 0.81818 0.54545
vt 0.90909 0.54545
vt 0.90909 0.63636
vt 0.81818 0.63636
vt 0.90909 0.54545
vt 1.00000 0.54545
vt 1.00000 0.63636
vt 0.90909 0.63636
vt 0.00000 0.63636
vt 0.09091 0.63636
vt 0.09091 0.72727
vt 0.00000 0.72727
vt 0.09091 0.63636
vt 0.18182 0.63636
vt 0.18182 0.72727
vt 0.09091 0.72727
vt 0.18182 0.63636
vt 0.27273 0.63636
vt 0.27273 0.72727
vt 0.18182 0.72727
vt 0.27273 0.63636
vt 0.36364 0.63636
vt 0.36364 0.72727
vt 0.27273 0.72727
vt 0.36364 0.63636
vt 0.45455 0.63636
vt 0.45455 0.72727
vt 0.36364 0.72727
vt 0.45455 0.63636
vt 0.54545 0.63636
vt 0.54545 0.72727
vt 0.45455 0.72727
vt 0.54545 0.63636
vt 0.63636 0.63636
vt 0.63636 0.72727
vt 0.54545 0.72727
vt 0.63636 0.63636
vt 0.72727 0.63636
vt 0.72727 0.72727
vt 0.63636 0.72727
vt 0.72727 0.63636
vt 0.81818 0.63636
vt 0.81818 0.72727
vt 0.72727 0.72727
vt 0.81818 0.63636
vt 0.90909 0.63636
vt 0.90909 0.72727
vt 0.81818 0.72727
vt 0.90909 0.63636
vt 1.00000 0.63636
vt 1.00000 0.72727
vt 0.90909 0.72727
vt 0.00000 0.72727
vt 0.09091 0.72727
vt 0.09091 0.81818
vt 0.00000 0.81818
vt 0.09091 0.72727
vt 0.18182 0.72727
vt 0.18182 0.81818
vt 0.09091 0.81818
vt 0.18182 0.72727
vt 0.27273 0.72727
vt 0.27273 0.81818
vt 0.18182 0.81818
vt 0.27273 0.72727
vt 0.36364 0.72727
vt 0.36364 0.81818
vt 0.27273 0.81818
vt 0.36364 0.72727
vt 0.45455 0.72727
vt 0.45455 0.81818
vt 0.36364 0.81818
vt 0.45455 0.72727
vt 0.54545 0.72727
vt 0.54545 0.81818
vt 0.45455 0.81818
vt 0.54545 0.72727
vt 0.63636 0.72727
vt 0.63636 0.81818
vt 0.54545 0.81818
vt 0.63636 0.72727
vt 0.72727 0.72727
vt 0.72727 0.81818
vt 0.63636 0.81818
vt 0.72727 0.72727
vt 0.81818 0.72727
vt 0.81818 0.81818
vt 0.72727 0.81818
vt 0.81818 0.72727
vt 0.90909 0.72727
vt 0.90909 0.81818
vt 0.81818 0.81818
vt 0.90909 0.72727
vt 1.00000 0.72727
vt 1.00000 0.81818
vt 0.90909 0.81818
vt 0.00000 0.81818
vt 0.09091 0.81818
vt 0.09091 0.90909
vt 0.00000 0.90909
vt 0.09091 0.81818
vt 0.18182 0.81818
vt 0.18182 0.90909
vt 0.09091 0.90909
vt 0.18182 0.81818
vt 0.27273 0.81818
vt 0.27273 0.90909
vt 0.18182 0.90909
vt 0.27273 0.81818
vt 0.36364 0.81818
vt 0.36364 0.90909
vt 0.27273 0.90909
vt 0.36364 0.81818
vt 0.45455 0.81818
vt 0.45455 0.90909
vt 0.36364 0.90909
vt 0.45455 0.81818
vt 0.54545 0.81818
vt 0.54545 0.90909
vt 0.45455 0.90909
vt 0.54545 0.81818
vt 0.63636 0.81818
vt 0.63636 0.90909
vt 0.54545 0.90909
vt 0.63636 0.81818
vt 0.72727 0.81818
vt 0.72727 0.90909
vt 0.63636 0.90909
vt 0.72727 0.81818
vt 0.81818 0.81818
vt 0.81818 0.90909
vt 0.72727 0.90909
vt 0.81818 0.81818
vt 0.90909 0.81818
vt 0.90909 0.90909
vt 0.81818 0.90909
vt 0.90909 0.81818
vt 1.00000 0.81818
vt 1.00000 0.90909
vt 0.90909 0.90909
vt 0.00000 0.90909
vt 0.09091 0.90909
vt 0.04545 1.00000
vt 0.09091 0.90909
vt 0.18182 0.90909
vt 0.13636 1.00000
vt 0.18182 0.90909
vt 0.27273 0.90909
vt 0.22727 1.00000
vt 0.27273 0.90909
vt 0.36364 0.90909
vt 0.31818 1.00000
vt 0.36364 0.90909
vt 0.45455 0.90909
vt 0.40909 1.00000
vt 0.45455 0.90909
vt 0.54545 0.90909
vt 0.50000 1.00000
vt 0.54545 0.90909
vt 0.63636 0.90909
vt 0.59091 1.00000
vt 0.63636 0.90909
vt 0.72727 0.90909
vt 0.68182 1.00000
vt 0.72727 0.90909
vt 0.81818 0.90909
vt 0.77273 1.00000
vt 0.81818 0.90909
vt 0.90909 0.90909
vt 0.86364 1.00000
vt 0.90909 0.90909
vt 1.00000 0.90909
vt 0.95455 1.00000
vt 0.00000 0.46482
vt 0.09091 0.46482
vt 0.09091 0.54545
vt 0.00000 0.54545
vt 0.18182 0.54545
vt 0.09091 0.54545
vt 0.09091 0.46482
vt 0.18182 0.46482
vt 0.90909 0.46482
vt 1.00000 0.46482
vt 1.00000 0.54545
vt 0.90909 0.54545
vt 0.27273 0.54545
vt 0.18182 0.54545
vt 0.18182 0.46482
vt 0.27273 0.46482
vt 0.81818 0.46482
vt 0.90909 0.46482
vt 0.90909 0.54545
vt 0.81818 0.54545
vt 0.36364 0.54545
vt 0.27273 0.54545
vt 0.27273 0.46482
vt 0.36364 0.46482
vt 0.72727 0.46482
vt 0.81818 0.46482
vt 0.81818 0.54545
vt 0.72727 0.54545
vt 0.45455 0.54545
vt 0.36364 0.54545
vt 0.36364 0.46482
vt 0.45455 0.46482
vt 0.63636 0.46482
vt 0.72727 0.46482
vt 0.72727 0.54545
vt 0.63636 0.54545
vt 0.54545 0.54545
vt 0.45455 0.54545
vt 0.45455 0.46482
vt 0.54545 0.46482
vt 0.54545 0.46482
vt 0.63636 0.46482
vt 0.63636 0.54545
vt 0.54545 0.54545
vt 0.19583 0.26186
vt 0.05434 0.42558
vt 0.05434 0.62018
vt 0.19583 0.78390
vt 0.43390 0.86474
vt 0.96448 0.52288
vt 0.43390 0.18102
vt 0.69295 0.20871
vt 0.89074 0.33615
vt 0.69295 0.83705
vt 0.89074 0.70961
vn 0.99069 0.10639 -0.08495
vn 0.83635 -0.27772 -0.47264
vn 0.78514 -0.04259 -0.61785
vn 0.91649 0.31263 -0.24961
vn 0.83635 -0.27772 -0.47264
vn 0.41185 -0.53865 -0.73500
vn 0.39087 -0.29130 -0.87314
vn 0.78514 -0.04259 -0.61785
vn 0.41185 -0.53865 -0.73500
vn -0.14093 -0.59484 -0.79139
vn -0.13408 -0.34572 -0.92871
vn 0.39087 -0.29130 -0.87314
vn -0.14093 -0.59484 -0.79139
vn -0.65033 -0.43023 -0.62608
vn -0.61435 -0.18717 -0.76651
vn -0.13408 -0.34572 -0.92871
vn -0.65033 -0.43023 -0.62608
vn -0.95337 -0.09354 -0.28696
vn -0.88853 0.12925 -0.44024
vn -0.61435 -0.18717 -0.76651
vn -0.95337 -0.09354 -0.28696
vn -0.94550 0.30442 0.11560
vn -0.86872 0.49131 -0.06273
vn -0.88853 0.12925 -0.44024
vn -0.94550 0.30442 0.11560
vn -0.63623 0.62958 0.44591
vn -0.57871 0.77920 0.24069
vn -0.86872 0.49131 -0.06273
vn -0.63623 0.62958 0.44591
vn -0.13699 0.78497 0.60420
vn -0.12408 0.91473 0.38454
vn -0.57871 0.77920 0.24069
vn -0.13699 0.78497 0.60420
vn 0.40122 0.73218 0.55039
vn 0.36390 0.86882 0.33574
vn -0.12408 0.91473 0.38454
vn 0.40122 0.73218 0.55039
vn 0.82324 0.48355 0.29741
vn 0.75207 0.65069 0.10488
vn 0.36390 0.86882 0.33574
vn 0.82324 0.48355 0.29741
vn 0.99069 0.10639 -0.08495
vn 0.91649 0.31263 -0.24961
vn 0.75207 0.65069 0.10488
vn 0.91649 0.31263 -0.24961
vn 0.78514 -0.04259 -0.61785
vn 0.66566 0.20611 -0.71722
vn 0.77016 0.49846 -0.39798
vn 0.78514 -0.04259 -0.61785
vn 0.39087 -0.29130 -0.87314
vn 0.33399 -0.00280 -0.94257
vn 0.66566 0.20611 -0.71722
vn 0.39087 -0.29130 -0.87314
vn -0.13408 -0.34572 -0.92871
vn -0.11478 -0.04908 -0.99218
vn 0.33399 -0.00280 -0.94257
vn -0.13408 -0.34572 -0.92871
vn -0.61435 -0.18717 -0.76651
vn -0.52315 0.08516 -0.84797
vn -0.11478 -0.04908 -0.99218
vn -0.61435 -0.18717 -0.76651
vn -0.88853 0.12925 -0.44024
vn -0.74984 0.34830 -0.56252
vn -0.52315 0.08516 -0.84797
vn -0.88853 0.12925 -0.44024
vn -0.86872 0.49131 -0.06273
vn -0.72751 0.64355 -0.23785
vn -0.74984 0.34830 -0.56252
vn -0.86872 0.49131 -0.06273
vn -0.57871 0.77920 0.24069
vn -0.48269 0.87555 0.02061
vn -0.72751 0.64355 -0.23785
vn -0.57871 0.77920 0.24069
vn -0.12408 0.91473 0.38454
vn -0.10336 0.98433 0.14284
vn -0.48269 0.87555 0.02061
vn -0.12408 0.91473 0.38454
vn 0.36390 0.86882 0.33574
vn 0.30326 0.94750 0.10138
vn -0.10336 0.98433 0.14284
vn 0.36390 0.86882 0.33574
vn 0.75207 0.65069 0.10488
vn 0.62827 0.77219 -0.09491
vn 0.30326 0.94750 0.10138
vn 0.75207 0.65069 0.10488
vn 0.91649 0.31263 -0.24961
vn 0.77016 0.49846 -0.39798
vn 0.62827 0.77219 -0.09491
vn 0.77016 0.49846 -0.39798
vn 0.66566 0.20611 -0.71722
vn 0.48208 0.44440 -0.75506
vn 0.55798 0.64851 -0.51778
vn 0.66566 0.20611 -0.71722
vn 0.33399 -0.00280 -0.94257
vn 0.24220 0.29824 -0.92325
vn 0.48208 0.44440 -0.75506
vn 0.33399 -0.00280 -0.94257
vn -0.11478 -0.04908 -0.99218
vn -0.08327 0.26576 -0.96044
vn 0.24220 0.29824 -0.92325
vn -0.11478 -0.04908 -0.99218
vn -0.52315 0.08516 -0.84797
vn -0.37910 0.35986 -0.85252
vn -0.08327 0.26576 -0.96044
vn -0.52315 0.08516 -0.84797
vn -0.74984 0.34830 -0.56252
vn -0.54297 0.54365 -0.64002
vn -0.37910 0.35986 -0.85252
vn -0.74984 0.34830 -0.56252
vn -0.72751 0.64355 -0.23785
vn -0.52770 0.75006 -0.39868
vn -0.54297 0.54365 -0.64002
vn -0.72751 0.64355 -0.23785
vn -0.48269 0.87555 0.02061
vn -0.35127 0.91343 -0.20558
vn -0.52770 0.75006 -0.39868
vn -0.48269 0.87555 0.02061
vn -0.10336 0.98433 0.14284
vn -0.07538 0.99066 -0.11364
vn -0.35127 0.91343 -0.20558
vn -0.10336 0.98433 0.14284
vn 0.30326 0.94750 0.10138
vn 0.22099 0.96445 -0.14488
vn -0.07538 0.99066 -0.11364
vn 0.30326 0.94750 0.10138
vn 0.62827 0.77219 -0.09491
vn 0.45645 0.84045 -0.29206
vn 0.22099 0.96445 -0.14488
vn 0.62827 0.77219 -0.09491
vn 0.77016 0.49846 -0.39798
vn 0.55798 0.64851 -0.51778
vn 0.45645 0.84045 -0.29206
vn 0.55798 0.64851 -0.51778
vn 0.48208 0.44440 -0.75506
vn 0.25115 0.64396 -0.72266
vn 0.29366 0.74702 -0.59643
vn 0.48208 0.44440 -0.75506
vn 0.24220 0.29824 -0.92325
vn 0.12540 0.57146 -0.81099
vn 0.25115 0.64396 -0.72266
vn 0.24220 0.29824 -0.92325
vn -0.08327 0.26576 -0.96044
vn -0.04306 0.55547 -0.83042
vn 0.12540 0.57146 -0.81099
vn -0.08327 0.26576 -0.96044
vn -0.37910 0.35986 -0.85252
vn -0.19677 0.60191 -0.77394
vn -0.04306 0.55547 -0.83042
vn -0.37910 0.35986 -0.85252
vn -0.54297 0.54365 -0.64002
vn -0.28420 0.69378 -0.66173
vn -0.19677 0.60191 -0.77394
vn -0.54297 0.54365 -0.64002
vn -0.52770 0.75006 -0.39868
vn -0.27933 0.79924 -0.53216
vn -0.28420 0.69378 -0.66173
vn -0.52770 0.75006 -0.39868
vn -0.35127 0.91343 -0.20558
vn -0.18786 0.88482 -0.42637
vn -0.27933 0.79924 -0.53216
vn -0.35127 0.91343 -0.20558
vn -0.07538 0.99066 -0.11364
vn -0.04053 0.92605 -0.37522
vn -0.18786 0.88482 -0.42637
vn -0.07538 0.99066 -0.11364
vn 0.22099 0.96445 -0.14488
vn 0.11860 0.91200 -0.39266
vn -0.04053 0.92605 -0.37522
vn 0.22099 0.96445 -0.14488
vn 0.45645 0.84045 -0.29206
vn 0.24295 0.84633 -0.47402
vn 0.11860 0.91200 -0.39266
vn 0.45645 0.84045 -0.29206
vn 0.55798 0.64851 -0.51778
vn 0.29366 0.74702 -0.59643
vn 0.24295 0.84633 -0.47402
vn 0.29366 0.74702 -0.59643
vn 0.25115 0.64396 -0.72266
vn 0.00000 0.78147 -0.62394
vn 0.25115 0.64396 -0.72266
vn 0.12540 0.57146 -0.81099
vn 0.00000 0.78147 -0.62394
vn 0.12540 0.57146 -0.81099
vn -0.04306 0.55547 -0.83042
vn 0.00000 0.78147 -0.62394
vn -0.04306 0.55547 -0.83042
vn -0.19677 0.60191 -0.77394
vn 0.00000 0.78147 -0.62394
vn -0.19677 0.60191 -0.77394
vn -0.28420 0.69378 -0.66173
vn 0.00000 0.78147 -0.62394
vn -0.28420 0.69378 -0.66173
vn -0.27933 0.79924 -0.53216
vn 0.00000 0.78147 -0.62394
vn -0.27933 0.79924 -0.53216
vn -0.18786 0.88482 -0.42637
vn 0.00000 0.78147 -0.62394
vn -0.18786 0.88482 -0.42637
vn -0.04053 0.92605 -0.37522
vn 0.00000 0.78147 -0.62394
vn -0.04053 0.92605 -0.37522
vn 0.11860 0.91200 -0.39266
vn 0.00000 0.78147 -0.62394
vn 0.11860 0.91200 -0.39266
vn 0.24295 0.84633 -0.47402
vn 0.00000 0.78147 -0.62394
vn 0.24295 0.84633 -0.47402
vn 0.29366 0.74702 -0.59643
vn 0.00000 0.78147 -0.62394
vn 0.99439 -0.08265 0.06599
vn 0.82771 -0.46230 -0.31809
vn 0.83635 -0.27772 -0.47264
vn 0.99069 0.10639 -0.08495
vn 0.41185 -0.53865 -0.73500
vn 0.83635 -0.27772 -0.47264
vn 0.82771 -0.46230 -0.31809
vn 0.40381 -0.71333 -0.57280
vn 0.83797 0.30244 0.45425
vn 0.99439 -0.08265 0.06599
vn 0.99069 0.10639 -0.08495
vn 0.82324 0.48355 0.29741
vn -0.14093 -0.59484 -0.79139
vn 0.41185 -0.53865 -0.73500
vn 0.40381 -0.71333 -0.57280
vn -0.13791 -0.76670 -0.62702
vn 0.41214 0.56310 0.71628
vn 0.83797 0.30244 0.45425
vn 0.82324 0.48355 0.29741
vn 0.40122 0.73218 0.55039
vn -0.65033 -0.43023 -0.62608
vn -0.14093 -0.59484 -0.79139
vn -0.13791 -0.76670 -0.62702
vn -0.64008 -0.60967 -0.46755
vn -0.14099 0.61913 0.77253
vn 0.41214 0.56310 0.71628
vn 0.40122 0.73218 0.55039
vn -0.13699 0.78497 0.60420
vn -0.95337 -0.09354 -0.28696
vn -0.65033 -0.43023 -0.62608
vn -0.64008 -0.60967 -0.46755
vn -0.94988 -0.28181 -0.13532
vn -0.65111 0.45488 0.60757
vn -0.14099 0.61913 0.77253
vn -0.13699 0.78497 0.60420
vn -0.63623 0.62958 0.44591
vn -0.94550 0.30442 0.11560
vn -0.95337 -0.09354 -0.28696
vn -0.94988 -0.28181 -0.13532
vn -0.95604 0.11799 0.26845
vn -0.95604 0.11799 0.26845
vn -0.65111 0.45488 0.60757
vn -0.63623 0.62958 0.44591
vn -0.94550 0.30442 0.11560
vn 0.00000 -0.78147 0.62394
vn 0.00000 -0.78147 0.62394
vn 0.00000 -0.78147 0.62394
vn 0.00000 -0.78147 0.62394
vn 0.00000 -0.78147 0.62394
vn 0.00000 -0.78147 0.62394
vn 0.00000 -0.78147 0.62394
vn 0.00000 -0.78147 0.62394
vn 0.00000 -0.78147 0.62394
vn 0.00000 -0.78147 0.62394
vn 0.00000 -0.78147 0.62394
f 1707/2759/6919 1708/2760/6920 1709/2761/6921 1710/2762/6922 
f 1708/2763/6923 1711/2764/6924 1712/2765/6925 1709/2766/6926 
f 1711/2767/6927 1713/2768/6928 1714/2769/6929 1712/2770/6930 
f 1713/2771/6931 1715/2772/6932 1716/2773/6933 1714/2774/6934 
f 1715/2775/6935 1717/2776/6936 1718/2777/6937 1716/2778/6938 
f 1717/2779/6939 1719/2780/6940 1720/2781/6941 1718/2782/6942 
f 1719/2783/6943 1721/2784/6944 1722/2785/6945 1720/2786/6946 
f 1721/2787/6947 1723/2788/6948 1724/2789/6949 1722/2790/6950 
f 1723/2791/6951 1725/2792/6952 1726/2793/6953 1724/2794/6954 
f 1725/2795/6955 1727/2796/6956 1728/2797/6957 1726/2798/6958 
f 1727/2799/6959 1707/2800/6960 1710/2801/6961 1728/2802/6962 
f 1710/2803/6963 1709/2804/6964 1729/2805/6965 1730/2806/6966 
f 1709/2807/6967 1712/2808/6968 1731/2809/6969 1729/2810/6970 
f 1712/2811/6971 1714/2812/6972 1732/2813/6973 1731/2814/6974 
f 1714/2815/6975 1716/2816/6976 1733/2817/6977 1732/2818/6978 
f 1716/2819/6979 1718/2820/6980 1734/2821/6981 1733/2822/6982 
f 1718/2823/6983 1720/2824/6984 1735/2825/6985 1734/2826/6986 
f 1720/2827/6987 1722/2828/6988 1736/2829/6989 1735/2830/6990 
f 1722/2831/6991 1724/2832/6992 1737/2833/6993 1736/2834/6994 
f 1724/2835/6995 1726/2836/6996 1738/2837/6997 1737/2838/6998 
f 1726/2839/6999 1728/2840/7000 1739/2841/7001 1738/2842/7002 
f 1728/2843/7003 1710/2844/7004 1730/2845/7005 1739/2846/7006 
f 1730/2847/7007 1729/2848/7008 1740/2849/7009 1741/2850/7010 
f 1729/2851/7011 1731/2852/7012 1742/2853/7013 1740/2854/7014 
f 1731/2855/7015 1732/2856/7016 1743/2857/7017 1742/2858/7018 
f 1732/2859/7019 1733/2860/7020 1744/2861/7021 1743/2862/7022 
f 1733/2863/7023 1734/2864/7024 1745/2865/7025 1744/2866/7026 
f 1734/2867/7027 1735/2868/7028 1746/2869/7029 1745/2870/7030 
f 1735/2871/7031 1736/2872/7032 1747/2873/7033 1746/2874/7034 
f 1736/2875/7035 1737/2876/7036 1748/2877/7037 1747/2878/7038 
f 1737/2879/7039 1738/2880/7040 1749/2881/7041 1748/2882/7042 
f 1738/2883/7043 1739/2884/7044 1750/2885/7045 1749/2886/7046 
f 1739/2887/7047 1730/2888/7048 1741/2889/7049 1750/2890/7050 
f 1741/2891/7051 1740/2892/7052 1751/2893/7053 1752/2894/7054 
f 1740/2895/7055 1742/2896/7056 1753/2897/7057 1751/2898/7058 
f 1742/2899/7059 1743/2900/7060 1754/2901/7061 1753/2902/7062 
f 1743/2903/7063 1744/2904/7064 1755/2905/7065 1754/2906/7066 
f 1744/2907/7067 1745/2908/7068 1756/2909/7069 1755/2910/7070 
f 1745/2911/7071 1746/2912/7072 1757/2913/7073 1756/2914/7074 
f 1746/2915/7075 1747/2916/7076 1758/2917/7077 1757/2918/7078 
f 1747/2919/7079 1748/2920/7080 1759/2921/7081 1758/2922/7082 
f 1748/2923/7083 1749/2924/7084 1760/2925/7085 1759/2926/7086 
f 1749/2927/7087 1750/2928/7088 1761/2929/7089 1760/2930/7090 
f 1750/2931/7091 1741/2932/7092 1752/2933/7093 1761/2934/7094 
f 1752/2935/7095 1751/2936/7096 1762/2937/7097 
f 1751/2938/7098 1753/2939/7099 1762/2940/7100 
f 1753/2941/7101 1754/2942/7102 1762/2943/7103 
f 1754/2944/7104 1755/2945/7105 1762/2946/7106 
f 1755/2947/7107 1756/2948/7108 1762/2949/7109 
f 1756/2950/7110 1757/2951/7111 1762/2952/7112 
f 1757/2953/7113 1758/2954/7114 1762/2955/7115 
f 1758/2956/7116 1759/2957/7117 1762/2958/7118 
f 1759/2959/7119 1760/2960/7120 1762/2961/7121 
f 1760/2962/7122 1761/2963/7123 1762/2964/7124 
f 1761/2965/7125 1752/2966/7126 1762/2967/7127 
f 1763/2968/7128 1764/2969/7129 1708/2970/7130 1707/2971/7131 
f 1711/2972/7132 1708/2973/7133 1764/2974/7134 1765/2975/7135 
f 1766/2976/7136 1763/2977/7137 1707/2978/7138 1727/2979/7139 
f 1713/2980/7140 1711/2981/7141 1765/2982/7142 1767/2983/7143 
f 1768/2984/7144 1766/2985/7145 1727/2986/7146 1725/2987/7147 
f 1715/2988/7148 1713/2989/7149 1767/2990/7150 1769/2991/7151 
f 1770/2992/7152 1768/2993/7153 1725/2994/7154 1723/2995/7155 
f 1717/2996/7156 1715/2997/7157 1769/2998/7158 1771/2999/7159 
f 1772/3000/7160 1770/3001/7161 1723/3002/7162 1721/3003/7163 
f 1719/3004/7164 1717/3005/7165 1771/3006/7166 1773/3007/7167 
f 1773/3008/7168 1772/3009/7169 1721/3010/7170 1719/3011/7171 
f 1772/3012/7172 1773/3013/7173 1771/3014/7174 1769/3015/7175 1767/3016/7176 1765/3021/7181 1764/3022/7182 1763/3017/7177 1766/3020/7180 1768/3019/7179 1770/3018/7178 
o 016_Sphere
g Sphere
usemtl Beluga0
v 20.636 70.718 77.710
v 26.546 71.728 73.475
v 27.661 71.728 77.710
v 23.554 71.728 70.585
v 19.636 71.728 69.957
v 16.035 71.728 71.791
v 13.895 71.728 75.503
v 13.895 71.728 79.917
v 16.035 71.728 83.630
v 19.636 71.728 85.463
v 23.554 71.728 84.835
v 26.546 71.728 81.945
v 31.977 74.677 69.584
v 34.117 74.677 77.710
v 26.236 74.677 64.037
v 18.717 74.677 62.832
v 11.807 74.677 66.350
v 7.700 74.677 73.475
v 7.700 74.677 81.945
v 11.807 74.677 89.070
v 18.717 74.677 92.588
v 26.236 74.677 91.383
v 31.977 74.677 85.837
v 36.490 79.324 66.350
v 39.481 79.324 77.710
v 28.465 79.324 58.597
v 17.954 79.324 56.912
v 8.295 79.324 61.831
v 2.554 79.324 71.791
v 2.554 79.324 83.630
v 8.295 79.324 93.590
v 17.954 79.324 98.508
v 28.465 79.324 96.823
v 36.490 79.324 89.070
v 39.718 85.295 64.037
v 43.319 85.295 77.710
v 30.059 85.295 54.706
v 17.408 85.295 52.678
v 5.782 85.295 58.597
v -1.128 85.295 70.585
v -1.128 85.295 84.835
v 5.782 85.295 96.823
v 17.408 85.295 102.743
v 30.059 85.295 100.715
v 39.718 85.295 91.383
v 41.400 92.105 62.832
v 45.318 92.105 77.710
v 30.889 92.105 52.678
v 17.123 92.105 50.471
v 4.472 92.105 56.912
v -3.047 92.105 69.957
v -3.047 92.105 85.463
v 4.472 92.105 98.508
v 17.123 92.105 104.950
v 30.889 92.105 102.743
v 41.400 92.105 92.588
v 41.400 99.203 62.832
v 45.318 99.203 77.710
v 30.889 99.203 52.678
v 17.123 99.203 50.471
v 4.472 99.203 56.912
v -3.047 99.203 69.957
v -3.047 99.203 85.463
v 4.472 99.203 98.508
v 17.123 99.203 104.950
v 30.889 99.203 102.743
v 41.400 99.203 92.588
v 39.718 106.013 64.037
v 43.319 106.013 77.710
v 30.059 106.013 54.706
v 17.408 106.013 52.678
v 5.782 106.013 58.597
v -1.128 106.013 70.585
v -1.128 106.013 84.835
v 5.782 106.013 96.823
v 17.408 106.013 102.743
v 30.059 106.013 100.715
v 39.718 106.013 91.383
v 36.490 111.984 66.350
v 39.481 111.984 77.710
v 28.465 111.984 58.597
v 17.954 111.984 56.912
v 8.295 111.984 61.831
v 2.554 111.984 71.791
v 2.554 111.984 83.630
v 8.295 111.984 93.590
v 17.954 111.984 98.508
v 28.465 111.984 96.823
v 36.490 111.984 89.070
v 31.977 116.632 69.584
v 34.117 116.632 77.710
v 26.236 116.632 64.037
v 18.717 116.632 62.832
v 11.807 116.632 66.350
v 7.700 116.632 73.475
v 7.700 116.632 81.945
v 11.807 116.632 89.070
v 18.717 116.632 92.588
v 26.236 116.632 91.383
v 31.977 116.632 85.837
v 26.546 119.580 73.475
v 27.661 119.580 77.710
v 23.554 119.580 70.585
v 19.636 119.580 69.957
v 16.035 119.580 71.791
v 13.895 119.580 75.503
v 13.895 119.580 79.917
v 16.035 119.580 83.630
v 19.636 119.580 85.463
v 23.554 119.580 84.835
v 26.546 119.580 81.945
v 20.636 120.591 77.710
vt 0.04545 0.00000
vt 0.09091 0.09091
vt 0.00000 0.09091
vt 0.13636 0.00000
vt 0.18182 0.09091
vt 0.22727 0.00000
vt 0.27273 0.09091
vt 0.31818 0.00000
vt 0.36364 0.09091
vt 0.40909 0.00000
vt 0.45455 0.09091
vt 0.50000 0.00000
vt 0.54545 0.09091
vt 0.59091 0.00000
vt 0.63636 0.09091
vt 0.68182 0.00000
vt 0.72727 0.09091
vt 0.77273 0.00000
vt 0.81818 0.09091
vt 0.86364 0.00000
vt 0.90909 0.09091
vt 0.95455 0.00000
vt 1.00000 0.09091
vt 0.09091 0.18182
vt 0.00000 0.18182
vt 0.18182 0.18182
vt 0.27273 0.18182
vt 0.36364 0.18182
vt 0.45455 0.18182
vt 0.54545 0.18182
vt 0.63636 0.18182
vt 0.72727 0.18182
vt 0.81818 0.18182
vt 0.90909 0.18182
vt 1.00000 0.18182
vt 0.09091 0.27273
vt 0.00000 0.27273
vt 0.18182 0.27273
vt 0.27273 0.27273
vt 0.36364 0.27273
vt 0.45455 0.27273
vt 0.54545 0.27273
vt 0.63636 0.27273
vt 0.72727 0.27273
vt 0.81818 0.27273
vt 0.90909 0.27273
vt 1.00000 0.27273
vt 0.09091 0.36364
vt 0.00000 0.36364
vt 0.18182 0.36364
vt 0.27273 0.36364
vt 0.36364 0.36364
vt 0.45455 0.36364
vt 0.54545 0.36364
vt 0.63636 0.36364
vt 0.72727 0.36364
vt 0.81818 0.36364
vt 0.90909 0.36364
vt 1.00000 0.36364
vt 0.09091 0.45455
vt 0.00000 0.45455
vt 0.18182 0.45455
vt 0.27273 0.45455
vt 0.36364 0.45455
vt 0.45455 0.45455
vt 0.54545 0.45455
vt 0.63636 0.45455
vt 0.72727 0.45455
vt 0.81818 0.45455
vt 0.90909 0.45455
vt 1.00000 0.45455
vt 0.09091 0.54545
vt 0.00000 0.54545
vt 0.18182 0.54545
vt 0.27273 0.54545
vt 0.36364 0.54545
vt 0.45455 0.54545
vt 0.54545 0.54545
vt 0.63636 0.54545
vt 0.72727 0.54545
vt 0.81818 0.54545
vt 0.90909 0.54545
vt 1.00000 0.54545
vt 0.09091 0.63636
vt 0.00000 0.63636
vt 0.18182 0.63636
vt 0.27273 0.63636
vt 0.36364 0.63636
vt 0.45455 0.63636
vt 0.54545 0.63636
vt 0.63636 0.63636
vt 0.72727 0.63636
vt 0.81818 0.63636
vt 0.90909 0.63636
vt 1.00000 0.63636
vt 0.09091 0.72727
vt 0.00000 0.72727
vt 0.18182 0.72727
vt 0.27273 0.72727
vt 0.36364 0.72727
vt 0.45455 0.72727
vt 0.54545 0.72727
vt 0.63636 0.72727
vt 0.72727 0.72727
vt 0.81818 0.72727
vt 0.90909 0.72727
vt 1.00000 0.72727
vt 0.09091 0.81818
vt 0.00000 0.81818
vt 0.18182 0.81818
vt 0.27273 0.81818
vt 0.36364 0.81818
vt 0.45455 0.81818
vt 0.54545 0.81818
vt 0.63636 0.81818
vt 0.72727 0.81818
vt 0.81818 0.81818
vt 0.90909 0.81818
vt 1.00000 0.81818
vt 0.09091 0.90909
vt 0.00000 0.90909
vt 0.18182 0.90909
vt 0.27273 0.90909
vt 0.36364 0.90909
vt 0.45455 0.90909
vt 0.54545 0.90909
vt 0.63636 0.90909
vt 0.72727 0.90909
vt 0.81818 0.90909
vt 0.90909 0.90909
vt 1.00000 0.90909
vt 0.04545 1.00000
vt 0.13636 1.00000
vt 0.22727 1.00000
vt 0.31818 1.00000
vt 0.40909 1.00000
vt 0.50000 1.00000
vt 0.59091 1.00000
vt 0.68182 1.00000
vt 0.77273 1.00000
vt 0.86364 1.00000
vt 0.95455 1.00000
vn 0.00000 -1.00000 -0.00000
vn 0.23755 -0.96168 -0.13692
vn 0.28173 -0.95949 -0.00000
vn 0.00000 -1.00000 -0.00000
vn 0.11779 -0.96571 -0.23134
vn 0.23755 -0.96168 -0.13692
vn 0.00000 -1.00000 -0.00000
vn -0.04040 -0.96687 -0.25204
vn 0.11779 -0.96571 -0.23134
vn 0.00000 -1.00000 -0.00000
vn -0.18532 -0.96377 -0.19182
vn -0.04040 -0.96687 -0.25204
vn 0.00000 -1.00000 -0.00000
vn -0.27049 -0.96008 -0.07123
vn -0.18532 -0.96377 -0.19182
vn 0.00000 -1.00000 -0.00000
vn -0.27049 -0.96008 0.07123
vn -0.27049 -0.96008 -0.07123
vn 0.00000 -1.00000 -0.00000
vn -0.18532 -0.96377 0.19182
vn -0.27049 -0.96008 0.07123
vn 0.00000 -1.00000 -0.00000
vn -0.04040 -0.96687 0.25204
vn -0.18532 -0.96377 0.19182
vn 0.00000 -1.00000 -0.00000
vn 0.11779 -0.96571 0.23134
vn -0.04040 -0.96687 0.25204
vn 0.00000 -1.00000 -0.00000
vn 0.23755 -0.96168 0.13692
vn 0.11779 -0.96571 0.23134
vn 0.00000 -1.00000 -0.00000
vn 0.28173 -0.95949 -0.00000
vn 0.23755 -0.96168 0.13692
vn 0.28173 -0.95949 -0.00000
vn 0.23755 -0.96168 -0.13692
vn 0.45866 -0.84837 -0.26438
vn 0.54064 -0.84125 -0.00000
vn 0.23755 -0.96168 -0.13692
vn 0.11779 -0.96571 -0.23134
vn 0.23010 -0.86188 -0.45190
vn 0.45866 -0.84837 -0.26438
vn 0.11779 -0.96571 -0.23134
vn -0.04040 -0.96687 -0.25204
vn -0.07919 -0.86585 -0.49400
vn 0.23010 -0.86188 -0.45190
vn -0.04040 -0.96687 -0.25204
vn -0.18532 -0.96377 -0.19182
vn -0.35997 -0.85533 -0.37260
vn -0.07919 -0.86585 -0.49400
vn -0.18532 -0.96377 -0.19182
vn -0.27049 -0.96008 -0.07123
vn -0.51992 -0.84317 -0.13692
vn -0.35997 -0.85533 -0.37260
vn -0.27049 -0.96008 -0.07123
vn -0.27049 -0.96008 0.07123
vn -0.51992 -0.84317 0.13692
vn -0.51992 -0.84317 -0.13692
vn -0.27049 -0.96008 0.07123
vn -0.18532 -0.96377 0.19182
vn -0.35997 -0.85533 0.37260
vn -0.51992 -0.84317 0.13692
vn -0.18532 -0.96377 0.19182
vn -0.04040 -0.96687 0.25204
vn -0.07919 -0.86585 0.49400
vn -0.35997 -0.85533 0.37260
vn -0.04040 -0.96687 0.25204
vn 0.11779 -0.96571 0.23134
vn 0.23010 -0.86188 0.45190
vn -0.07919 -0.86585 0.49400
vn 0.11779 -0.96571 0.23134
vn 0.23755 -0.96168 0.13692
vn 0.45866 -0.84837 0.26438
vn 0.23010 -0.86188 0.45190
vn 0.23755 -0.96168 0.13692
vn 0.28173 -0.95949 -0.00000
vn 0.54064 -0.84125 -0.00000
vn 0.45866 -0.84837 0.26438
vn 0.54064 -0.84125 -0.00000
vn 0.45866 -0.84837 -0.26438
vn 0.64642 -0.66582 -0.37260
vn 0.75575 -0.65486 -0.00000
vn 0.45866 -0.84837 -0.26438
vn 0.23010 -0.86188 -0.45190
vn 0.32955 -0.68739 -0.64722
vn 0.64642 -0.66582 -0.37260
vn 0.23010 -0.86188 -0.45190
vn -0.07919 -0.86585 -0.49400
vn -0.11397 -0.69393 -0.71097
vn 0.32955 -0.68739 -0.64722
vn -0.07919 -0.86585 -0.49400
vn -0.35997 -0.85533 -0.37260
vn -0.51149 -0.67680 -0.52944
vn -0.11397 -0.69393 -0.71097
vn -0.35997 -0.85533 -0.37260
vn -0.51992 -0.84317 -0.13692
vn -0.72837 -0.65778 -0.19182
vn -0.51149 -0.67680 -0.52944
vn -0.51992 -0.84317 -0.13692
vn -0.51992 -0.84317 0.13692
vn -0.72837 -0.65778 0.19182
vn -0.72837 -0.65778 -0.19182
vn -0.51992 -0.84317 0.13692
vn -0.35997 -0.85533 0.37260
vn -0.51149 -0.67680 0.52944
vn -0.72837 -0.65778 0.19182
vn -0.35997 -0.85533 0.37260
vn -0.07919 -0.86585 0.49400
vn -0.11397 -0.69393 0.71097
vn -0.51149 -0.67680 0.52944
vn -0.07919 -0.86585 0.49400
vn 0.23010 -0.86188 0.45190
vn 0.32955 -0.68739 0.64722
vn -0.11397 -0.69393 0.71097
vn 0.23010 -0.86188 0.45190
vn 0.45866 -0.84837 0.26438
vn 0.64642 -0.66582 0.37260
vn 0.32955 -0.68739 0.64722
vn 0.45866 -0.84837 0.26438
vn 0.54064 -0.84125 -0.00000
vn 0.75575 -0.65486 -0.00000
vn 0.64642 -0.66582 0.37260
vn 0.75575 -0.65486 -0.00000
vn 0.64642 -0.66582 -0.37260
vn 0.78400 -0.42560 -0.45190
vn 0.90963 -0.41542 -0.00000
vn 0.64642 -0.66582 -0.37260
vn 0.32955 -0.68739 -0.64722
vn 0.40603 -0.44637 -0.79743
vn 0.78400 -0.42560 -0.45190
vn 0.32955 -0.68739 -0.64722
vn -0.11397 -0.69393 -0.71097
vn -0.14112 -0.45286 -0.88034
vn 0.40603 -0.44637 -0.79743
vn -0.11397 -0.69393 -0.71097
vn -0.51149 -0.67680 -0.52944
vn -0.62528 -0.43605 -0.64722
vn -0.14112 -0.45286 -0.88034
vn -0.51149 -0.67680 -0.52944
vn -0.72837 -0.65778 -0.19182
vn -0.87844 -0.41811 -0.23134
vn -0.62528 -0.43605 -0.64722
vn -0.72837 -0.65778 -0.19182
vn -0.72837 -0.65778 0.19182
vn -0.87844 -0.41811 0.23134
vn -0.87844 -0.41811 -0.23134
vn -0.72837 -0.65778 0.19182
vn -0.51149 -0.67680 0.52944
vn -0.62528 -0.43605 0.64722
vn -0.87844 -0.41811 0.23134
vn -0.51149 -0.67680 0.52944
vn -0.11397 -0.69393 0.71097
vn -0.14112 -0.45286 0.88034
vn -0.62528 -0.43605 0.64722
vn -0.11397 -0.69393 0.71097
vn 0.32955 -0.68739 0.64722
vn 0.40603 -0.44637 0.79743
vn -0.14112 -0.45286 0.88034
vn 0.32955 -0.68739 0.64722
vn 0.64642 -0.66582 0.37260
vn 0.78400 -0.42560 0.45190
vn 0.40603 -0.44637 0.79743
vn 0.64642 -0.66582 0.37260
vn 0.75575 -0.65486 -0.00000
vn 0.90963 -0.41542 -0.00000
vn 0.78400 -0.42560 0.45190
vn 0.90963 -0.41542 -0.00000
vn 0.78400 -0.42560 -0.45190
vn 0.85703 -0.14648 -0.49400
vn 0.98982 -0.14231 -0.00000
vn 0.78400 -0.42560 -0.45190
vn 0.40603 -0.44637 -0.79743
vn 0.44825 -0.15514 -0.88034
vn 0.85703 -0.14648 -0.49400
vn 0.40603 -0.44637 -0.79743
vn -0.14112 -0.45286 -0.88034
vn -0.15630 -0.15790 -0.97501
vn 0.44825 -0.15514 -0.88034
vn -0.14112 -0.45286 -0.88034
vn -0.62528 -0.43605 -0.64722
vn -0.68687 -0.15081 -0.71097
vn -0.15630 -0.15790 -0.97501
vn -0.62528 -0.43605 -0.64722
vn -0.87844 -0.41811 -0.23134
vn -0.95703 -0.14341 -0.25204
vn -0.68687 -0.15081 -0.71097
vn -0.87844 -0.41811 -0.23134
vn -0.87844 -0.41811 0.23134
vn -0.95703 -0.14341 0.25204
vn -0.95703 -0.14341 -0.25204
vn -0.87844 -0.41811 0.23134
vn -0.62528 -0.43605 0.64722
vn -0.68687 -0.15081 0.71097
vn -0.95703 -0.14341 0.25204
vn -0.62528 -0.43605 0.64722
vn -0.14112 -0.45286 0.88034
vn -0.15630 -0.15790 0.97501
vn -0.68687 -0.15081 0.71097
vn -0.14112 -0.45286 0.88034
vn 0.40603 -0.44637 0.79743
vn 0.44825 -0.15514 0.88034
vn -0.15630 -0.15790 0.97501
vn 0.40603 -0.44637 0.79743
vn 0.78400 -0.42560 0.45190
vn 0.85703 -0.14648 0.49400
vn 0.44825 -0.15514 0.88034
vn 0.78400 -0.42560 0.45190
vn 0.90963 -0.41542 -0.00000
vn 0.98982 -0.14231 -0.00000
vn 0.85703 -0.14648 0.49400
vn 0.98982 -0.14231 -0.00000
vn 0.85703 -0.14648 -0.49400
vn 0.85703 0.14648 -0.49400
vn 0.98982 0.14231 0.00000
vn 0.85703 -0.14648 -0.49400
vn 0.44825 -0.15514 -0.88034
vn 0.44825 0.15514 -0.88034
vn 0.85703 0.14648 -0.49400
vn 0.44825 -0.15514 -0.88034
vn -0.15630 -0.15790 -0.97501
vn -0.15630 0.15790 -0.97501
vn 0.44825 0.15514 -0.88034
vn -0.15630 -0.15790 -0.97501
vn -0.68687 -0.15081 -0.71097
vn -0.68687 0.15081 -0.71097
vn -0.15630 0.15790 -0.97501
vn -0.68687 -0.15081 -0.71097
vn -0.95703 -0.14341 -0.25204
vn -0.95703 0.14341 -0.25204
vn -0.68687 0.15081 -0.71097
vn -0.95703 -0.14341 -0.25204
vn -0.95703 -0.14341 0.25204
vn -0.95703 0.14341 0.25204
vn -0.95703 0.14341 -0.25204
vn -0.95703 -0.14341 0.25204
vn -0.68687 -0.15081 0.71097
vn -0.68687 0.15081 0.71097
vn -0.95703 0.14341 0.25204
vn -0.68687 -0.15081 0.71097
vn -0.15630 -0.15790 0.97501
vn -0.15630 0.15790 0.97501
vn -0.68687 0.15081 0.71097
vn -0.15630 -0.15790 0.97501
vn 0.44825 -0.15514 0.88034
vn 0.44825 0.15514 0.88034
vn -0.15630 0.15790 0.97501
vn 0.44825 -0.15514 0.88034
vn 0.85703 -0.14648 0.49400
vn 0.85703 0.14648 0.49400
vn 0.44825 0.15514 0.88034
vn 0.85703 -0.14648 0.49400
vn 0.98982 -0.14231 -0.00000
vn 0.98982 0.14231 0.00000
vn 0.85703 0.14648 0.49400
vn 0.98982 0.14231 0.00000
vn 0.85703 0.14648 -0.49400
vn 0.78400 0.42560 -0.45190
vn 0.90963 0.41542 0.00000
vn 0.85703 0.14648 -0.49400
vn 0.44825 0.15514 -0.88034
vn 0.40603 0.44637 -0.79743
vn 0.78400 0.42560 -0.45190
vn 0.44825 0.15514 -0.88034
vn -0.15630 0.15790 -0.97501
vn -0.14112 0.45286 -0.88034
vn 0.40603 0.44637 -0.79743
vn -0.15630 0.15790 -0.97501
vn -0.68687 0.15081 -0.71097
vn -0.62528 0.43605 -0.64722
vn -0.14112 0.45286 -0.88034
vn -0.68687 0.15081 -0.71097
vn -0.95703 0.14341 -0.25204
vn -0.87844 0.41811 -0.23134
vn -0.62528 0.43605 -0.64722
vn -0.95703 0.14341 -0.25204
vn -0.95703 0.14341 0.25204
vn -0.87844 0.41811 0.23134
vn -0.87844 0.41811 -0.23134
vn -0.95703 0.14341 0.25204
vn -0.68687 0.15081 0.71097
vn -0.62528 0.43605 0.64722
vn -0.87844 0.41811 0.23134
vn -0.68687 0.15081 0.71097
vn -0.15630 0.15790 0.97501
vn -0.14112 0.45286 0.88034
vn -0.62528 0.43605 0.64722
vn -0.15630 0.15790 0.97501
vn 0.44825 0.15514 0.88034
vn 0.40603 0.44637 0.79743
vn -0.14112 0.45286 0.88034
vn 0.44825 0.15514 0.88034
vn 0.85703 0.14648 0.49400
vn 0.78400 0.42560 0.45190
vn 0.40603 0.44637 0.79743
vn 0.85703 0.14648 0.49400
vn 0.98982 0.14231 0.00000
vn 0.90963 0.41542 0.00000
vn 0.78400 0.42560 0.45190
vn 0.90963 0.41542 0.00000
vn 0.78400 0.42560 -0.45190
vn 0.64642 0.66582 -0.37260
vn 0.75575 0.65486 0.00000
vn 0.78400 0.42560 -0.45190
vn 0.40603 0.44637 -0.79743
vn 0.32955 0.68739 -0.64722
vn 0.64642 0.66582 -0.37260
vn 0.40603 0.44637 -0.79743
vn -0.14112 0.45286 -0.88034
vn -0.11397 0.69393 -0.71097
vn 0.32955 0.68739 -0.64722
vn -0.14112 0.45286 -0.88034
vn -0.62528 0.43605 -0.64722
vn -0.51149 0.67680 -0.52944
vn -0.11397 0.69393 -0.71097
vn -0.62528 0.43605 -0.64722
vn -0.87844 0.41811 -0.23134
vn -0.72837 0.65778 -0.19182
vn -0.51149 0.67680 -0.52944
vn -0.87844 0.41811 -0.23134
vn -0.87844 0.41811 0.23134
vn -0.72837 0.65778 0.19182
vn -0.72837 0.65778 -0.19182
vn -0.87844 0.41811 0.23134
vn -0.62528 0.43605 0.64722
vn -0.51149 0.67680 0.52944
vn -0.72837 0.65778 0.19182
vn -0.62528 0.43605 0.64722
vn -0.14112 0.45286 0.88034
vn -0.11397 0.69393 0.71097
vn -0.51149 0.67680 0.52944
vn -0.14112 0.45286 0.88034
vn 0.40603 0.44637 0.79743
vn 0.32955 0.68739 0.64722
vn -0.11397 0.69393 0.71097
vn 0.40603 0.44637 0.79743
vn 0.78400 0.42560 0.45190
vn 0.64642 0.66582 0.37260
vn 0.32955 0.68739 0.64722
vn 0.78400 0.42560 0.45190
vn 0.90963 0.41542 0.00000
vn 0.75575 0.65486 0.00000
vn 0.64642 0.66582 0.37260
vn 0.75575 0.65486 0.00000
vn 0.64642 0.66582 -0.37260
vn 0.45866 0.84837 -0.26438
vn 0.54064 0.84125 0.00000
vn 0.64642 0.66582 -0.37260
vn 0.32955 0.68739 -0.64722
vn 0.23010 0.86188 -0.45190
vn 0.45866 0.84837 -0.26438
vn 0.32955 0.68739 -0.64722
vn -0.11397 0.69393 -0.71097
vn -0.07919 0.86585 -0.49400
vn 0.23010 0.86188 -0.45190
vn -0.11397 0.69393 -0.71097
vn -0.51149 0.67680 -0.52944
vn -0.35997 0.85533 -0.37260
vn -0.07919 0.86585 -0.49400
vn -0.51149 0.67680 -0.52944
vn -0.72837 0.65778 -0.19182
vn -0.51992 0.84317 -0.13692
vn -0.35997 0.85533 -0.37260
vn -0.72837 0.65778 -0.19182
vn -0.72837 0.65778 0.19182
vn -0.51992 0.84317 0.13692
vn -0.51992 0.84317 -0.13692
vn -0.72837 0.65778 0.19182
vn -0.51149 0.67680 0.52944
vn -0.35997 0.85533 0.37260
vn -0.51992 0.84317 0.13692
vn -0.51149 0.67680 0.52944
vn -0.11397 0.69393 0.71097
vn -0.07919 0.86585 0.49400
vn -0.35997 0.85533 0.37260
vn -0.11397 0.69393 0.71097
vn 0.32955 0.68739 0.64722
vn 0.23010 0.86188 0.45190
vn -0.07919 0.86585 0.49400
vn 0.32955 0.68739 0.64722
vn 0.64642 0.66582 0.37260
vn 0.45866 0.84837 0.26438
vn 0.23010 0.86188 0.45190
vn 0.64642 0.66582 0.37260
vn 0.75575 0.65486 0.00000
vn 0.54064 0.84125 0.00000
vn 0.45866 0.84837 0.26438
vn 0.54064 0.84125 0.00000
vn 0.45866 0.84837 -0.26438
vn 0.23755 0.96168 -0.13692
vn 0.28173 0.95949 0.00000
vn 0.45866 0.84837 -0.26438
vn 0.23010 0.86188 -0.45190
vn 0.11779 0.96571 -0.23134
vn 0.23755 0.96168 -0.13692
vn 0.23010 0.86188 -0.45190
vn -0.07919 0.86585 -0.49400
vn -0.04040 0.96687 -0.25204
vn 0.11779 0.96571 -0.23134
vn -0.07919 0.86585 -0.49400
vn -0.35997 0.85533 -0.37260
vn -0.18532 0.96377 -0.19182
vn -0.04040 0.96687 -0.25204
vn -0.35997 0.85533 -0.37260
vn -0.51992 0.84317 -0.13692
vn -0.27049 0.96008 -0.07123
vn -0.18532 0.96377 -0.19182
vn -0.51992 0.84317 -0.13692
vn -0.51992 0.84317 0.13692
vn -0.27049 0.96008 0.07123
vn -0.27049 0.96008 -0.07123
vn -0.51992 0.84317 0.13692
vn -0.35997 0.85533 0.37260
vn -0.18532 0.96377 0.19182
vn -0.27049 0.96008 0.07123
vn -0.35997 0.85533 0.37260
vn -0.07919 0.86585 0.49400
vn -0.04040 0.96687 0.25204
vn -0.18532 0.96377 0.19182
vn -0.07919 0.86585 0.49400
vn 0.23010 0.86188 0.45190
vn 0.11779 0.96571 0.23134
vn -0.04040 0.96687 0.25204
vn 0.23010 0.86188 0.45190
vn 0.45866 0.84837 0.26438
vn 0.23755 0.96168 0.13692
vn 0.11779 0.96571 0.23134
vn 0.45866 0.84837 0.26438
vn 0.54064 0.84125 0.00000
vn 0.28173 0.95949 0.00000
vn 0.23755 0.96168 0.13692
vn 0.28173 0.95949 0.00000
vn 0.23755 0.96168 -0.13692
vn 0.00000 1.00000 0.00000
vn 0.23755 0.96168 -0.13692
vn 0.11779 0.96571 -0.23134
vn 0.00000 1.00000 0.00000
vn 0.11779 0.96571 -0.23134
vn -0.04040 0.96687 -0.25204
vn 0.00000 1.00000 0.00000
vn -0.04040 0.96687 -0.25204
vn -0.18532 0.96377 -0.19182
vn 0.00000 1.00000 0.00000
vn -0.18532 0.96377 -0.19182
vn -0.27049 0.96008 -0.07123
vn 0.00000 1.00000 0.00000
vn -0.27049 0.96008 -0.07123
vn -0.27049 0.96008 0.07123
vn 0.00000 1.00000 0.00000
vn -0.27049 0.96008 0.07123
vn -0.18532 0.96377 0.19182
vn 0.00000 1.00000 0.00000
vn -0.18532 0.96377 0.19182
vn -0.04040 0.96687 0.25204
vn 0.00000 1.00000 0.00000
vn -0.04040 0.96687 0.25204
vn 0.11779 0.96571 0.23134
vn 0.00000 1.00000 0.00000
vn 0.11779 0.96571 0.23134
vn 0.23755 0.96168 0.13692
vn 0.00000 1.00000 0.00000
vn 0.23755 0.96168 0.13692
vn 0.28173 0.95949 0.00000
vn 0.00000 1.00000 0.00000
f 1774/3023/7183 1775/3024/7184 1776/3025/7185 
f 1774/3026/7186 1777/3027/7187 1775/3024/7188 
f 1774/3028/7189 1778/3029/7190 1777/3027/7191 
f 1774/3030/7192 1779/3031/7193 1778/3029/7194 
f 1774/3032/7195 1780/3033/7196 1779/3031/7197 
f 1774/3034/7198 1781/3035/7199 1780/3033/7200 
f 1774/3036/7201 1782/3037/7202 1781/3035/7203 
f 1774/3038/7204 1783/3039/7205 1782/3037/7206 
f 1774/3040/7207 1784/3041/7208 1783/3039/7209 
f 1774/3042/7210 1785/3043/7211 1784/3041/7212 
f 1774/3044/7213 1776/3045/7214 1785/3043/7215 
f 1776/3025/7216 1775/3024/7217 1786/3046/7218 1787/3047/7219 
f 1775/3024/7220 1777/3027/7221 1788/3048/7222 1786/3046/7223 
f 1777/3027/7224 1778/3029/7225 1789/3049/7226 1788/3048/7227 
f 1778/3029/7228 1779/3031/7229 1790/3050/7230 1789/3049/7231 
f 1779/3031/7232 1780/3033/7233 1791/3051/7234 1790/3050/7235 
f 1780/3033/7236 1781/3035/7237 1792/3052/7238 1791/3051/7239 
f 1781/3035/7240 1782/3037/7241 1793/3053/7242 1792/3052/7243 
f 1782/3037/7244 1783/3039/7245 1794/3054/7246 1793/3053/7247 
f 1783/3039/7248 1784/3041/7249 1795/3055/7250 1794/3054/7251 
f 1784/3041/7252 1785/3043/7253 1796/3056/7254 1795/3055/7255 
f 1785/3043/7256 1776/3045/7257 1787/3057/7258 1796/3056/7259 
f 1787/3047/7260 1786/3046/7261 1797/3058/7262 1798/3059/7263 
f 1786/3046/7264 1788/3048/7265 1799/3060/7266 1797/3058/7267 
f 1788/3048/7268 1789/3049/7269 1800/3061/7270 1799/3060/7271 
f 1789/3049/7272 1790/3050/7273 1801/3062/7274 1800/3061/7275 
f 1790/3050/7276 1791/3051/7277 1802/3063/7278 1801/3062/7279 
f 1791/3051/7280 1792/3052/7281 1803/3064/7282 1802/3063/7283 
f 1792/3052/7284 1793/3053/7285 1804/3065/7286 1803/3064/7287 
f 1793/3053/7288 1794/3054/7289 1805/3066/7290 1804/3065/7291 
f 1794/3054/7292 1795/3055/7293 1806/3067/7294 1805/3066/7295 
f 1795/3055/7296 1796/3056/7297 1807/3068/7298 1806/3067/7299 
f 1796/3056/7300 1787/3057/7301 1798/3069/7302 1807/3068/7303 
f 1798/3059/7304 1797/3058/7305 1808/3070/7306 1809/3071/7307 
f 1797/3058/7308 1799/3060/7309 1810/3072/7310 1808/3070/7311 
f 1799/3060/7312 1800/3061/7313 1811/3073/7314 1810/3072/7315 
f 1800/3061/7316 1801/3062/7317 1812/3074/7318 1811/3073/7319 
f 1801/3062/7320 1802/3063/7321 1813/3075/7322 1812/3074/7323 
f 1802/3063/7324 1803/3064/7325 1814/3076/7326 1813/3075/7327 
f 1803/3064/7328 1804/3065/7329 1815/3077/7330 1814/3076/7331 
f 1804/3065/7332 1805/3066/7333 1816/3078/7334 1815/3077/7335 
f 1805/3066/7336 1806/3067/7337 1817/3079/7338 1816/3078/7339 
f 1806/3067/7340 1807/3068/7341 1818/3080/7342 1817/3079/7343 
f 1807/3068/7344 1798/3069/7345 1809/3081/7346 1818/3080/7347 
f 1809/3071/7348 1808/3070/7349 1819/3082/7350 1820/3083/7351 
f 1808/3070/7352 1810/3072/7353 1821/3084/7354 1819/3082/7355 
f 1810/3072/7356 1811/3073/7357 1822/3085/7358 1821/3084/7359 
f 1811/3073/7360 1812/3074/7361 1823/3086/7362 1822/3085/7363 
f 1812/3074/7364 1813/3075/7365 1824/3087/7366 1823/3086/7367 
f 1813/3075/7368 1814/3076/7369 1825/3088/7370 1824/3087/7371 
f 1814/3076/7372 1815/3077/7373 1826/3089/7374 1825/3088/7375 
f 1815/3077/7376 1816/3078/7377 1827/3090/7378 1826/3089/7379 
f 1816/3078/7380 1817/3079/7381 1828/3091/7382 1827/3090/7383 
f 1817/3079/7384 1818/3080/7385 1829/3092/7386 1828/3091/7387 
f 1818/3080/7388 1809/3081/7389 1820/3093/7390 1829/3092/7391 
f 1820/3083/7392 1819/3082/7393 1830/3094/7394 1831/3095/7395 
f 1819/3082/7396 1821/3084/7397 1832/3096/7398 1830/3094/7399 
f 1821/3084/7400 1822/3085/7401 1833/3097/7402 1832/3096/7403 
f 1822/3085/7404 1823/3086/7405 1834/3098/7406 1833/3097/7407 
f 1823/3086/7408 1824/3087/7409 1835/3099/7410 1834/3098/7411 
f 1824/3087/7412 1825/3088/7413 1836/3100/7414 1835/3099/7415 
f 1825/3088/7416 1826/3089/7417 1837/3101/7418 1836/3100/7419 
f 1826/3089/7420 1827/3090/7421 1838/3102/7422 1837/3101/7423 
f 1827/3090/7424 1828/3091/7425 1839/3103/7426 1838/3102/7427 
f 1828/3091/7428 1829/3092/7429 1840/3104/7430 1839/3103/7431 
f 1829/3092/7432 1820/3093/7433 1831/3105/7434 1840/3104/7435 
f 1831/3095/7436 1830/3094/7437 1841/3106/7438 1842/3107/7439 
f 1830/3094/7440 1832/3096/7441 1843/3108/7442 1841/3106/7443 
f 1832/3096/7444 1833/3097/7445 1844/3109/7446 1843/3108/7447 
f 1833/3097/7448 1834/3098/7449 1845/3110/7450 1844/3109/7451 
f 1834/3098/7452 1835/3099/7453 1846/3111/7454 1845/3110/7455 
f 1835/3099/7456 1836/3100/7457 1847/3112/7458 1846/3111/7459 
f 1836/3100/7460 1837/3101/7461 1848/3113/7462 1847/3112/7463 
f 1837/3101/7464 1838/3102/7465 1849/3114/7466 1848/3113/7467 
f 1838/3102/7468 1839/3103/7469 1850/3115/7470 1849/3114/7471 
f 1839/3103/7472 1840/3104/7473 1851/3116/7474 1850/3115/7475 
f 1840/3104/7476 1831/3105/7477 1842/3117/7478 1851/3116/7479 
f 1842/3107/7480 1841/3106/7481 1852/3118/7482 1853/3119/7483 
f 1841/3106/7484 1843/3108/7485 1854/3120/7486 1852/3118/7487 
f 1843/3108/7488 1844/3109/7489 1855/3121/7490 1854/3120/7491 
f 1844/3109/7492 1845/3110/7493 1856/3122/7494 1855/3121/7495 
f 1845/3110/7496 1846/3111/7497 1857/3123/7498 1856/3122/7499 
f 1846/3111/7500 1847/3112/7501 1858/3124/7502 1857/3123/7503 
f 1847/3112/7504 1848/3113/7505 1859/3125/7506 1858/3124/7507 
f 1848/3113/7508 1849/3114/7509 1860/3126/7510 1859/3125/7511 
f 1849/3114/7512 1850/3115/7513 1861/3127/7514 1860/3126/7515 
f 1850/3115/7516 1851/3116/7517 1862/3128/7518 1861/3127/7519 
f 1851/3116/7520 1842/3117/7521 1853/3129/7522 1862/3128/7523 
f 1853/3119/7524 1852/3118/7525 1863/3130/7526 1864/3131/7527 
f 1852/3118/7528 1854/3120/7529 1865/3132/7530 1863/3130/7531 
f 1854/3120/7532 1855/3121/7533 1866/3133/7534 1865/3132/7535 
f 1855/3121/7536 1856/3122/7537 1867/3134/7538 1866/3133/7539 
f 1856/3122/7540 1857/3123/7541 1868/3135/7542 1867/3134/7543 
f 1857/3123/7544 1858/3124/7545 1869/3136/7546 1868/3135/7547 
f 1858/3124/7548 1859/3125/7549 1870/3137/7550 1869/3136/7551 
f 1859/3125/7552 1860/3126/7553 1871/3138/7554 1870/3137/7555 
f 1860/3126/7556 1861/3127/7557 1872/3139/7558 1871/3138/7559 
f 1861/3127/7560 1862/3128/7561 1873/3140/7562 1872/3139/7563 
f 1862/3128/7564 1853/3129/7565 1864/3141/7566 1873/3140/7567 
f 1864/3131/7568 1863/3130/7569 1874/3142/7570 1875/3143/7571 
f 1863/3130/7572 1865/3132/7573 1876/3144/7574 1874/3142/7575 
f 1865/3132/7576 1866/3133/7577 1877/3145/7578 1876/3144/7579 
f 1866/3133/7580 1867/3134/7581 1878/3146/7582 1877/3145/7583 
f 1867/3134/7584 1868/3135/7585 1879/3147/7586 1878/3146/7587 
f 1868/3135/7588 1869/3136/7589 1880/3148/7590 1879/3147/7591 
f 1869/3136/7592 1870/3137/7593 1881/3149/7594 1880/3148/7595 
f 1870/3137/7596 1871/3138/7597 1882/3150/7598 1881/3149/7599 
f 1871/3138/7600 1872/3139/7601 1883/3151/7602 1882/3150/7603 
f 1872/3139/7604 1873/3140/7605 1884/3152/7606 1883/3151/7607 
f 1873/3140/7608 1864/3141/7609 1875/3153/7610 1884/3152/7611 
f 1875/3143/7612 1874/3142/7613 1885/3154/7614 
f 1874/3142/7615 1876/3144/7616 1885/3155/7617 
f 1876/3144/7618 1877/3145/7619 1885/3156/7620 
f 1877/3145/7621 1878/3146/7622 1885/3157/7623 
f 1878/3146/7624 1879/3147/7625 1885/3158/7626 
f 1879/3147/7627 1880/3148/7628 1885/3159/7629 
f 1880/3148/7630 1881/3149/7631 1885/3160/7632 
f 1881/3149/7633 1882/3150/7634 1885/3161/7635 
f 1882/3150/7636 1883/3151/7637 1885/3162/7638 
f 1883/3151/7639 1884/3152/7640 1885/3163/7641 
f 1884/3152/7642 1875/3153/7643 1885/3164/7644 
o 017_Sphere_1
g Sphere_1
usemtl Beluga 10
v 20.636 81.235 100.677
v 27.563 83.910 97.900
v 28.870 83.910 100.677
v 24.057 83.910 96.005
v 19.464 83.910 95.593
v 15.243 83.910 96.795
v 12.735 83.910 99.230
v 12.735 83.910 102.124
v 15.243 83.910 104.559
v 19.464 83.910 105.761
v 24.057 83.910 105.349
v 27.563 83.910 103.454
v 31.845 90.915 96.184
v 33.960 90.915 100.677
v 26.171 90.915 93.117
v 18.740 90.915 92.450
v 11.911 90.915 94.396
v 7.852 90.915 98.335
v 7.852 90.915 103.018
v 11.911 90.915 106.958
v 18.740 90.915 108.903
v 26.171 90.915 108.237
v 31.845 90.915 105.170
v 31.845 99.574 96.184
v 33.960 99.574 100.677
v 26.171 99.574 93.117
v 18.740 99.574 92.450
v 11.911 99.574 94.396
v 7.852 99.574 98.335
v 7.852 99.574 103.018
v 11.911 99.574 106.958
v 18.740 99.574 108.903
v 26.171 99.574 108.237
v 31.845 99.574 105.170
v 27.563 106.578 97.900
v 28.870 106.578 100.677
v 24.057 106.578 96.005
v 19.464 106.578 95.593
v 15.243 106.578 96.795
v 12.735 106.578 99.230
v 12.735 106.578 102.124
v 15.243 106.578 104.559
v 19.464 106.578 105.761
v 24.057 106.578 105.349
v 27.563 106.578 103.454
v 20.636 109.254 100.677
vt 0.04545 0.00000
vt 0.09091 0.20000
vt 0.00000 0.20000
vt 0.13636 0.00000
vt 0.18182 0.20000
vt 0.22727 0.00000
vt 0.27273 0.20000
vt 0.31818 0.00000
vt 0.36364 0.20000
vt 0.40909 0.00000
vt 0.45455 0.20000
vt 0.50000 0.00000
vt 0.54545 0.20000
vt 0.59091 0.00000
vt 0.63636 0.20000
vt 0.68182 0.00000
vt 0.72727 0.20000
vt 0.77273 0.00000
vt 0.81818 0.20000
vt 0.86364 0.00000
vt 0.90909 0.20000
vt 0.95455 0.00000
vt 1.00000 0.20000
vt 0.09091 0.40000
vt 0.00000 0.40000
vt 0.18182 0.40000
vt 0.27273 0.40000
vt 0.36364 0.40000
vt 0.45455 0.40000
vt 0.54545 0.40000
vt 0.63636 0.40000
vt 0.72727 0.40000
vt 0.81818 0.40000
vt 0.90909 0.40000
vt 1.00000 0.40000
vt 0.09091 0.60000
vt 0.00000 0.60000
vt 0.18182 0.60000
vt 0.27273 0.60000
vt 0.36364 0.60000
vt 0.45455 0.60000
vt 0.54545 0.60000
vt 0.63636 0.60000
vt 0.72727 0.60000
vt 0.81818 0.60000
vt 0.90909 0.60000
vt 1.00000 0.60000
vt 0.09091 0.80000
vt 0.00000 0.80000
vt 0.18182 0.80000
vt 0.27273 0.80000
vt 0.36364 0.80000
vt 0.45455 0.80000
vt 0.54545 0.80000
vt 0.63636 0.80000
vt 0.72727 0.80000
vt 0.81818 0.80000
vt 0.90909 0.80000
vt 1.00000 0.80000
vt 0.04545 1.00000
vt 0.13636 1.00000
vt 0.22727 1.00000
vt 0.31818 1.00000
vt 0.40909 1.00000
vt 0.50000 1.00000
vt 0.59091 1.00000
vt 0.68182 1.00000
vt 0.77273 1.00000
vt 0.86364 1.00000
vt 0.95455 1.00000
vn 0.00000 -1.00000 -0.00000
vn 0.45940 -0.75162 -0.47331
vn 0.58779 -0.80902 -0.00000
vn 0.00000 -1.00000 -0.00000
vn 0.20286 -0.67212 -0.71211
vn 0.45940 -0.75162 -0.47331
vn 0.00000 -1.00000 -0.00000
vn -0.06759 -0.65374 -0.75370
vn 0.20286 -0.67212 -0.71211
vn 0.00000 -1.00000 -0.00000
vn -0.33633 -0.70689 -0.62225
vn -0.06759 -0.65374 -0.75370
vn 0.00000 -1.00000 -0.00000
vn -0.55221 -0.79214 -0.25994
vn -0.33633 -0.70689 -0.62225
vn 0.00000 -1.00000 -0.00000
vn -0.55221 -0.79214 0.25994
vn -0.55221 -0.79214 -0.25994
vn 0.00000 -1.00000 -0.00000
vn -0.33633 -0.70689 0.62225
vn -0.55221 -0.79214 0.25994
vn 0.00000 -1.00000 -0.00000
vn -0.06759 -0.65374 0.75370
vn -0.33633 -0.70689 0.62225
vn 0.00000 -1.00000 -0.00000
vn 0.20286 -0.67212 0.71211
vn -0.06759 -0.65374 0.75370
vn 0.00000 -1.00000 -0.00000
vn 0.45940 -0.75162 0.47331
vn 0.20286 -0.67212 0.71211
vn 0.00000 -1.00000 -0.00000
vn 0.58779 -0.80902 -0.00000
vn 0.45940 -0.75162 0.47331
vn 0.58779 -0.80902 -0.00000
vn 0.45940 -0.75162 -0.47331
vn 0.67257 -0.25977 -0.69294
vn 0.95106 -0.30902 -0.00000
vn 0.45940 -0.75162 -0.47331
vn 0.20286 -0.67212 -0.71211
vn 0.26788 -0.20953 -0.94039
vn 0.67257 -0.25977 -0.69294
vn 0.20286 -0.67212 -0.71211
vn -0.06759 -0.65374 -0.75370
vn -0.08752 -0.19983 -0.97591
vn 0.26788 -0.20953 -0.94039
vn -0.06759 -0.65374 -0.75370
vn -0.33633 -0.70689 -0.62225
vn -0.46278 -0.22962 -0.85622
vn -0.08752 -0.19983 -0.97591
vn -0.33633 -0.70689 -0.62225
vn -0.55221 -0.79214 -0.25994
vn -0.86508 -0.29295 -0.40722
vn -0.46278 -0.22962 -0.85622
vn -0.55221 -0.79214 -0.25994
vn -0.55221 -0.79214 0.25994
vn -0.86508 -0.29295 0.40722
vn -0.86508 -0.29295 -0.40722
vn -0.55221 -0.79214 0.25994
vn -0.33633 -0.70689 0.62225
vn -0.46278 -0.22962 0.85622
vn -0.86508 -0.29295 0.40722
vn -0.33633 -0.70689 0.62225
vn -0.06759 -0.65374 0.75370
vn -0.08752 -0.19983 0.97591
vn -0.46278 -0.22962 0.85622
vn -0.06759 -0.65374 0.75370
vn 0.20286 -0.67212 0.71211
vn 0.26788 -0.20953 0.94039
vn -0.08752 -0.19983 0.97591
vn 0.20286 -0.67212 0.71211
vn 0.45940 -0.75162 0.47331
vn 0.67257 -0.25977 0.69294
vn 0.26788 -0.20953 0.94039
vn 0.45940 -0.75162 0.47331
vn 0.58779 -0.80902 -0.00000
vn 0.95106 -0.30902 -0.00000
vn 0.67257 -0.25977 0.69294
vn 0.95106 -0.30902 -0.00000
vn 0.67257 -0.25977 -0.69294
vn 0.67257 0.25977 -0.69294
vn 0.95106 0.30902 0.00000
vn 0.67257 -0.25977 -0.69294
vn 0.26788 -0.20953 -0.94039
vn 0.26788 0.20953 -0.94039
vn 0.67257 0.25977 -0.69294
vn 0.26788 -0.20953 -0.94039
vn -0.08752 -0.19983 -0.97591
vn -0.08752 0.19983 -0.97591
vn 0.26788 0.20953 -0.94039
vn -0.08752 -0.19983 -0.97591
vn -0.46278 -0.22962 -0.85622
vn -0.46278 0.22962 -0.85622
vn -0.08752 0.19983 -0.97591
vn -0.46278 -0.22962 -0.85622
vn -0.86508 -0.29295 -0.40722
vn -0.86508 0.29295 -0.40722
vn -0.46278 0.22962 -0.85622
vn -0.86508 -0.29295 -0.40722
vn -0.86508 -0.29295 0.40722
vn -0.86508 0.29295 0.40722
vn -0.86508 0.29295 -0.40722
vn -0.86508 -0.29295 0.40722
vn -0.46278 -0.22962 0.85622
vn -0.46278 0.22962 0.85622
vn -0.86508 0.29295 0.40722
vn -0.46278 -0.22962 0.85622
vn -0.08752 -0.19983 0.97591
vn -0.08752 0.19983 0.97591
vn -0.46278 0.22962 0.85622
vn -0.08752 -0.19983 0.97591
vn 0.26788 -0.20953 0.94039
vn 0.26788 0.20953 0.94039
vn -0.08752 0.19983 0.97591
vn 0.26788 -0.20953 0.94039
vn 0.67257 -0.25977 0.69294
vn 0.67257 0.25977 0.69294
vn 0.26788 0.20953 0.94039
vn 0.67257 -0.25977 0.69294
vn 0.95106 -0.30902 -0.00000
vn 0.95106 0.30902 0.00000
vn 0.67257 0.25977 0.69294
vn 0.95106 0.30902 0.00000
vn 0.67257 0.25977 -0.69294
vn 0.45940 0.75162 -0.47331
vn 0.58779 0.80902 0.00000
vn 0.67257 0.25977 -0.69294
vn 0.26788 0.20953 -0.94039
vn 0.20286 0.67212 -0.71211
vn 0.45940 0.75162 -0.47331
vn 0.26788 0.20953 -0.94039
vn -0.08752 0.19983 -0.97591
vn -0.06759 0.65374 -0.75370
vn 0.20286 0.67212 -0.71211
vn -0.08752 0.19983 -0.97591
vn -0.46278 0.22962 -0.85622
vn -0.33633 0.70689 -0.62225
vn -0.06759 0.65374 -0.75370
vn -0.46278 0.22962 -0.85622
vn -0.86508 0.29295 -0.40722
vn -0.55221 0.79214 -0.25994
vn -0.33633 0.70689 -0.62225
vn -0.86508 0.29295 -0.40722
vn -0.86508 0.29295 0.40722
vn -0.55221 0.79214 0.25994
vn -0.55221 0.79214 -0.25994
vn -0.86508 0.29295 0.40722
vn -0.46278 0.22962 0.85622
vn -0.33633 0.70689 0.62225
vn -0.55221 0.79214 0.25994
vn -0.46278 0.22962 0.85622
vn -0.08752 0.19983 0.97591
vn -0.06759 0.65374 0.75370
vn -0.33633 0.70689 0.62225
vn -0.08752 0.19983 0.97591
vn 0.26788 0.20953 0.94039
vn 0.20286 0.67212 0.71211
vn -0.06759 0.65374 0.75370
vn 0.26788 0.20953 0.94039
vn 0.67257 0.25977 0.69294
vn 0.45940 0.75162 0.47331
vn 0.20286 0.67212 0.71211
vn 0.67257 0.25977 0.69294
vn 0.95106 0.30902 0.00000
vn 0.58779 0.80902 0.00000
vn 0.45940 0.75162 0.47331
vn 0.58779 0.80902 0.00000
vn 0.45940 0.75162 -0.47331
vn 0.00000 1.00000 0.00000
vn 0.45940 0.75162 -0.47331
vn 0.20286 0.67212 -0.71211
vn 0.00000 1.00000 0.00000
vn 0.20286 0.67212 -0.71211
vn -0.06759 0.65374 -0.75370
vn 0.00000 1.00000 0.00000
vn -0.06759 0.65374 -0.75370
vn -0.33633 0.70689 -0.62225
vn 0.00000 1.00000 0.00000
vn -0.33633 0.70689 -0.62225
vn -0.55221 0.79214 -0.25994
vn 0.00000 1.00000 0.00000
vn -0.55221 0.79214 -0.25994
vn -0.55221 0.79214 0.25994
vn 0.00000 1.00000 0.00000
vn -0.55221 0.79214 0.25994
vn -0.33633 0.70689 0.62225
vn 0.00000 1.00000 0.00000
vn -0.33633 0.70689 0.62225
vn -0.06759 0.65374 0.75370
vn 0.00000 1.00000 0.00000
vn -0.06759 0.65374 0.75370
vn 0.20286 0.67212 0.71211
vn 0.00000 1.00000 0.00000
vn 0.20286 0.67212 0.71211
vn 0.45940 0.75162 0.47331
vn 0.00000 1.00000 0.00000
vn 0.45940 0.75162 0.47331
vn 0.58779 0.80902 0.00000
vn 0.00000 1.00000 0.00000
f 1886/3165/7645 1887/3166/7646 1888/3167/7647 
f 1886/3168/7648 1889/3169/7649 1887/3166/7650 
f 1886/3170/7651 1890/3171/7652 1889/3169/7653 
f 1886/3172/7654 1891/3173/7655 1890/3171/7656 
f 1886/3174/7657 1892/3175/7658 1891/3173/7659 
f 1886/3176/7660 1893/3177/7661 1892/3175/7662 
f 1886/3178/7663 1894/3179/7664 1893/3177/7665 
f 1886/3180/7666 1895/3181/7667 1894/3179/7668 
f 1886/3182/7669 1896/3183/7670 1895/3181/7671 
f 1886/3184/7672 1897/3185/7673 1896/3183/7674 
f 1886/3186/7675 1888/3187/7676 1897/3185/7677 
f 1888/3167/7678 1887/3166/7679 1898/3188/7680 1899/3189/7681 
f 1887/3166/7682 1889/3169/7683 1900/3190/7684 1898/3188/7685 
f 1889/3169/7686 1890/3171/7687 1901/3191/7688 1900/3190/7689 
f 1890/3171/7690 1891/3173/7691 1902/3192/7692 1901/3191/7693 
f 1891/3173/7694 1892/3175/7695 1903/3193/7696 1902/3192/7697 
f 1892/3175/7698 1893/3177/7699 1904/3194/7700 1903/3193/7701 
f 1893/3177/7702 1894/3179/7703 1905/3195/7704 1904/3194/7705 
f 1894/3179/7706 1895/3181/7707 1906/3196/7708 1905/3195/7709 
f 1895/3181/7710 1896/3183/7711 1907/3197/7712 1906/3196/7713 
f 1896/3183/7714 1897/3185/7715 1908/3198/7716 1907/3197/7717 
f 1897/3185/7718 1888/3187/7719 1899/3199/7720 1908/3198/7721 
f 1899/3189/7722 1898/3188/7723 1909/3200/7724 1910/3201/7725 
f 1898/3188/7726 1900/3190/7727 1911/3202/7728 1909/3200/7729 
f 1900/3190/7730 1901/3191/7731 1912/3203/7732 1911/3202/7733 
f 1901/3191/7734 1902/3192/7735 1913/3204/7736 1912/3203/7737 
f 1902/3192/7738 1903/3193/7739 1914/3205/7740 1913/3204/7741 
f 1903/3193/7742 1904/3194/7743 1915/3206/7744 1914/3205/7745 
f 1904/3194/7746 1905/3195/7747 1916/3207/7748 1915/3206/7749 
f 1905/3195/7750 1906/3196/7751 1917/3208/7752 1916/3207/7753 
f 1906/3196/7754 1907/3197/7755 1918/3209/7756 1917/3208/7757 
f 1907/3197/7758 1908/3198/7759 1919/3210/7760 1918/3209/7761 
f 1908/3198/7762 1899/3199/7763 1910/3211/7764 1919/3210/7765 
f 1910/3201/7766 1909/3200/7767 1920/3212/7768 1921/3213/7769 
f 1909/3200/7770 1911/3202/7771 1922/3214/7772 1920/3212/7773 
f 1911/3202/7774 1912/3203/7775 1923/3215/7776 1922/3214/7777 
f 1912/3203/7778 1913/3204/7779 1924/3216/7780 1923/3215/7781 
f 1913/3204/7782 1914/3205/7783 1925/3217/7784 1924/3216/7785 
f 1914/3205/7786 1915/3206/7787 1926/3218/7788 1925/3217/7789 
f 1915/3206/7790 1916/3207/7791 1927/3219/7792 1926/3218/7793 
f 1916/3207/7794 1917/3208/7795 1928/3220/7796 1927/3219/7797 
f 1917/3208/7798 1918/3209/7799 1929/3221/7800 1928/3220/7801 
f 1918/3209/7802 1919/3210/7803 1930/3222/7804 1929/3221/7805 
f 1919/3210/7806 1910/3211/7807 1921/3223/7808 1930/3222/7809 
f 1921/3213/7810 1920/3212/7811 1931/3224/7812 
f 1920/3212/7813 1922/3214/7814 1931/3225/7815 
f 1922/3214/7816 1923/3215/7817 1931/3226/7818 
f 1923/3215/7819 1924/3216/7820 1931/3227/7821 
f 1924/3216/7822 1925/3217/7823 1931/3228/7824 
f 1925/3217/7825 1926/3218/7826 1931/3229/7827 
f 1926/3218/7828 1927/3219/7829 1931/3230/7830 
f 1927/3219/7831 1928/3220/7832 1931/3231/7833 
f 1928/3220/7834 1929/3221/7835 1931/3232/7836 
f 1929/3221/7837 1930/3222/7838 1931/3233/7839 
f 1930/3222/7840 1921/3223/7841 1931/3234/7842 
o 018_Sphere_4
g Sphere_4
usemtl Niagara 0
v -42.611 97.655 58.196
v -44.548 91.028 63.046
v -49.060 100.525 74.941
v -46.758 106.383 69.127
v -31.487 91.698 50.735
v -32.444 84.546 54.927
v -16.918 90.404 49.113
v -16.591 83.137 53.163
v -3.530 94.182 53.846
v -2.022 87.249 58.313
v 4.428 101.835 63.431
v 6.637 95.576 68.743
v 4.428 110.931 74.824
v 6.637 105.474 81.140
v -3.530 118.584 84.409
v -2.022 113.801 91.570
v -16.918 122.363 89.142
v -16.591 117.913 96.720
v -31.487 121.068 87.520
v -32.444 116.505 94.955
v -42.611 115.111 80.059
v -44.548 110.023 86.837
v -38.893 104.268 54.948
v -42.339 111.519 64.030
v -29.652 99.318 48.749
v -17.547 98.243 47.402
v -6.424 101.382 51.334
v 0.188 107.740 59.297
v 0.188 115.298 68.763
v -6.424 121.656 76.726
v -17.547 124.795 80.658
v -29.652 123.720 79.311
v -38.893 118.771 73.112
v -33.697 110.330 53.565
v -36.161 115.517 60.062
v -27.085 106.789 49.130
v -18.426 106.020 48.167
v -10.469 108.266 50.980
v -5.739 112.814 56.676
v -5.739 118.220 63.448
v -10.469 122.769 69.144
v -18.426 125.015 71.957
v -27.085 124.245 70.994
v -33.697 120.705 66.559
v -27.442 115.350 54.159
v -28.726 118.053 57.545
v -23.997 113.505 51.848
v -19.484 113.104 51.346
v -15.338 114.274 52.812
v -12.873 116.645 55.780
v -12.873 119.462 59.309
v -15.338 121.832 62.278
v -19.484 123.002 63.744
v -23.997 122.601 63.241
v -27.442 120.756 60.931
v -20.636 118.922 56.682
v -44.548 85.613 68.421
v -49.060 95.110 80.316
v -32.444 79.130 60.302
v -44.548 104.607 92.211
v -16.591 77.722 58.538
v -32.444 111.089 100.330
v -2.022 81.834 63.688
v -16.591 112.498 102.094
v 6.637 90.161 74.117
v -2.022 108.386 96.944
v 6.637 100.059 86.515
vt 0.09091 0.63636
vt 0.09091 0.54545
vt 0.00000 0.54545
vt 0.00000 0.63636
vt 0.18182 0.63636
vt 0.18182 0.54545
vt 0.09091 0.54545
vt 0.09091 0.63636
vt 0.27273 0.63636
vt 0.27273 0.54545
vt 0.18182 0.54545
vt 0.18182 0.63636
vt 0.36364 0.63636
vt 0.36364 0.54545
vt 0.27273 0.54545
vt 0.27273 0.63636
vt 0.45455 0.63636
vt 0.45455 0.54545
vt 0.36364 0.54545
vt 0.36364 0.63636
vt 0.54545 0.63636
vt 0.54545 0.54545
vt 0.45455 0.54545
vt 0.45455 0.63636
vt 0.63636 0.63636
vt 0.63636 0.54545
vt 0.54545 0.54545
vt 0.54545 0.63636
vt 0.72727 0.63636
vt 0.72727 0.54545
vt 0.63636 0.54545
vt 0.63636 0.63636
vt 0.81818 0.63636
vt 0.81818 0.54545
vt 0.72727 0.54545
vt 0.72727 0.63636
vt 0.90909 0.63636
vt 0.90909 0.54545
vt 0.81818 0.54545
vt 0.81818 0.63636
vt 1.00000 0.63636
vt 1.00000 0.54545
vt 0.90909 0.54545
vt 0.90909 0.63636
vt 0.09091 0.72727
vt 0.09091 0.63636
vt 0.00000 0.63636
vt 0.00000 0.72727
vt 0.18182 0.72727
vt 0.18182 0.63636
vt 0.09091 0.63636
vt 0.09091 0.72727
vt 0.27273 0.72727
vt 0.27273 0.63636
vt 0.18182 0.63636
vt 0.18182 0.72727
vt 0.36364 0.72727
vt 0.36364 0.63636
vt 0.27273 0.63636
vt 0.27273 0.72727
vt 0.45455 0.72727
vt 0.45455 0.63636
vt 0.36364 0.63636
vt 0.36364 0.72727
vt 0.54545 0.72727
vt 0.54545 0.63636
vt 0.45455 0.63636
vt 0.45455 0.72727
vt 0.63636 0.72727
vt 0.63636 0.63636
vt 0.54545 0.63636
vt 0.54545 0.72727
vt 0.72727 0.72727
vt 0.72727 0.63636
vt 0.63636 0.63636
vt 0.63636 0.72727
vt 0.81818 0.72727
vt 0.81818 0.63636
vt 0.72727 0.63636
vt 0.72727 0.72727
vt 0.90909 0.72727
vt 0.90909 0.63636
vt 0.81818 0.63636
vt 0.81818 0.72727
vt 1.00000 0.72727
vt 1.00000 0.63636
vt 0.90909 0.63636
vt 0.90909 0.72727
vt 0.09091 0.81818
vt 0.09091 0.72727
vt 0.00000 0.72727
vt 0.00000 0.81818
vt 0.18182 0.81818
vt 0.18182 0.72727
vt 0.09091 0.72727
vt 0.09091 0.81818
vt 0.27273 0.81818
vt 0.27273 0.72727
vt 0.18182 0.72727
vt 0.18182 0.81818
vt 0.36364 0.81818
vt 0.36364 0.72727
vt 0.27273 0.72727
vt 0.27273 0.81818
vt 0.45455 0.81818
vt 0.45455 0.72727
vt 0.36364 0.72727
vt 0.36364 0.81818
vt 0.54545 0.81818
vt 0.54545 0.72727
vt 0.45455 0.72727
vt 0.45455 0.81818
vt 0.63636 0.81818
vt 0.63636 0.72727
vt 0.54545 0.72727
vt 0.54545 0.81818
vt 0.72727 0.81818
vt 0.72727 0.72727
vt 0.63636 0.72727
vt 0.63636 0.81818
vt 0.81818 0.81818
vt 0.81818 0.72727
vt 0.72727 0.72727
vt 0.72727 0.81818
vt 0.90909 0.81818
vt 0.90909 0.72727
vt 0.81818 0.72727
vt 0.81818 0.81818
vt 1.00000 0.81818
vt 1.00000 0.72727
vt 0.90909 0.72727
vt 0.90909 0.81818
vt 0.09091 0.90909
vt 0.09091 0.81818
vt 0.00000 0.81818
vt 0.00000 0.90909
vt 0.18182 0.90909
vt 0.18182 0.81818
vt 0.09091 0.81818
vt 0.09091 0.90909
vt 0.27273 0.90909
vt 0.27273 0.81818
vt 0.18182 0.81818
vt 0.18182 0.90909
vt 0.36364 0.90909
vt 0.36364 0.81818
vt 0.27273 0.81818
vt 0.27273 0.90909
vt 0.45455 0.90909
vt 0.45455 0.81818
vt 0.36364 0.81818
vt 0.36364 0.90909
vt 0.54545 0.90909
vt 0.54545 0.81818
vt 0.45455 0.81818
vt 0.45455 0.90909
vt 0.63636 0.90909
vt 0.63636 0.81818
vt 0.54545 0.81818
vt 0.54545 0.90909
vt 0.72727 0.90909
vt 0.72727 0.81818
vt 0.63636 0.81818
vt 0.63636 0.90909
vt 0.81818 0.90909
vt 0.81818 0.81818
vt 0.72727 0.81818
vt 0.72727 0.90909
vt 0.90909 0.90909
vt 0.90909 0.81818
vt 0.81818 0.81818
vt 0.81818 0.90909
vt 1.00000 0.90909
vt 1.00000 0.81818
vt 0.90909 0.81818
vt 0.90909 0.90909
vt 0.04545 1.00000
vt 0.09091 0.90909
vt 0.00000 0.90909
vt 0.13636 1.00000
vt 0.18182 0.90909
vt 0.09091 0.90909
vt 0.22727 1.00000
vt 0.27273 0.90909
vt 0.18182 0.90909
vt 0.31818 1.00000
vt 0.36364 0.90909
vt 0.27273 0.90909
vt 0.40909 1.00000
vt 0.45455 0.90909
vt 0.36364 0.90909
vt 0.50000 1.00000
vt 0.54545 0.90909
vt 0.45455 0.90909
vt 0.59091 1.00000
vt 0.63636 0.90909
vt 0.54545 0.90909
vt 0.68182 1.00000
vt 0.72727 0.90909
vt 0.63636 0.90909
vt 0.77273 1.00000
vt 0.81818 0.90909
vt 0.72727 0.90909
vt 0.86364 1.00000
vt 0.90909 0.90909
vt 0.81818 0.90909
vt 0.95455 1.00000
vt 1.00000 0.90909
vt 0.90909 0.90909
vt 0.09091 0.54545
vt 0.09091 0.46482
vt 0.00000 0.46482
vt 0.00000 0.54545
vt 0.09091 0.46482
vt 0.09091 0.54545
vt 0.18182 0.54545
vt 0.18182 0.46482
vt 1.00000 0.54545
vt 1.00000 0.46482
vt 0.90909 0.46482
vt 0.90909 0.54545
vt 0.18182 0.46482
vt 0.18182 0.54545
vt 0.27273 0.54545
vt 0.27273 0.46482
vt 0.90909 0.54545
vt 0.90909 0.46482
vt 0.81818 0.46482
vt 0.81818 0.54545
vt 0.27273 0.46482
vt 0.27273 0.54545
vt 0.36364 0.54545
vt 0.36364 0.46482
vt 0.81818 0.54545
vt 0.81818 0.46482
vt 0.72727 0.46482
vt 0.72727 0.54545
vt 0.36364 0.46482
vt 0.36364 0.54545
vt 0.45455 0.54545
vt 0.45455 0.46482
vt 0.72727 0.54545
vt 0.72727 0.46482
vt 0.63636 0.46482
vt 0.63636 0.54545
vt 0.45455 0.46482
vt 0.45455 0.54545
vt 0.54545 0.54545
vt 0.54545 0.46482
vt 0.63636 0.54545
vt 0.63636 0.46482
vt 0.54545 0.46482
vt 0.54545 0.54545
vt 0.05434 0.62018
vt 0.05434 0.42558
vt 0.19583 0.26186
vt 0.19583 0.78390
vt 0.43390 0.86474
vt 0.96448 0.52288
vt 0.43390 0.18102
vt 0.69295 0.20871
vt 0.89074 0.33615
vt 0.69295 0.83705
vt 0.89074 0.70961
vn -0.78514 -0.04259 -0.61785
vn -0.83635 -0.27772 -0.47264
vn -0.99069 0.10639 -0.08495
vn -0.91649 0.31263 -0.24961
vn -0.39087 -0.29130 -0.87314
vn -0.41185 -0.53865 -0.73500
vn -0.83635 -0.27772 -0.47264
vn -0.78514 -0.04259 -0.61785
vn 0.13408 -0.34572 -0.92871
vn 0.14093 -0.59484 -0.79139
vn -0.41185 -0.53865 -0.73500
vn -0.39087 -0.29130 -0.87314
vn 0.61435 -0.18717 -0.76651
vn 0.65033 -0.43023 -0.62608
vn 0.14093 -0.59484 -0.79139
vn 0.13408 -0.34572 -0.92871
vn 0.88853 0.12925 -0.44024
vn 0.95337 -0.09354 -0.28696
vn 0.65033 -0.43023 -0.62608
vn 0.61435 -0.18717 -0.76651
vn 0.86872 0.49131 -0.06273
vn 0.94550 0.30442 0.11560
vn 0.95337 -0.09354 -0.28696
vn 0.88853 0.12925 -0.44024
vn 0.57871 0.77920 0.24069
vn 0.63623 0.62958 0.44591
vn 0.94550 0.30442 0.11560
vn 0.86872 0.49131 -0.06273
vn 0.12408 0.91473 0.38454
vn 0.13699 0.78497 0.60420
vn 0.63623 0.62958 0.44591
vn 0.57871 0.77920 0.24069
vn -0.36390 0.86882 0.33574
vn -0.40122 0.73218 0.55039
vn 0.13699 0.78497 0.60420
vn 0.12408 0.91473 0.38454
vn -0.75207 0.65069 0.10488
vn -0.82324 0.48355 0.29741
vn -0.40122 0.73218 0.55039
vn -0.36390 0.86882 0.33574
vn -0.91649 0.31263 -0.24961
vn -0.99069 0.10639 -0.08495
vn -0.82324 0.48355 0.29741
vn -0.75207 0.65069 0.10488
vn -0.66566 0.20611 -0.71722
vn -0.78514 -0.04259 -0.61785
vn -0.91649 0.31263 -0.24961
vn -0.77016 0.49846 -0.39798
vn -0.33399 -0.00280 -0.94257
vn -0.39087 -0.29130 -0.87314
vn -0.78514 -0.04259 -0.61785
vn -0.66566 0.20611 -0.71722
vn 0.11478 -0.04908 -0.99218
vn 0.13408 -0.34572 -0.92871
vn -0.39087 -0.29130 -0.87314
vn -0.33399 -0.00280 -0.94257
vn 0.52315 0.08516 -0.84797
vn 0.61435 -0.18717 -0.76651
vn 0.13408 -0.34572 -0.92871
vn 0.11478 -0.04908 -0.99218
vn 0.74984 0.34830 -0.56252
vn 0.88853 0.12925 -0.44024
vn 0.61435 -0.18717 -0.76651
vn 0.52315 0.08516 -0.84797
vn 0.72751 0.64355 -0.23785
vn 0.86872 0.49131 -0.06273
vn 0.88853 0.12925 -0.44024
vn 0.74984 0.34830 -0.56252
vn 0.48269 0.87555 0.02061
vn 0.57871 0.77920 0.24069
vn 0.86872 0.49131 -0.06273
vn 0.72751 0.64355 -0.23785
vn 0.10336 0.98433 0.14284
vn 0.12408 0.91473 0.38454
vn 0.57871 0.77920 0.24069
vn 0.48269 0.87555 0.02061
vn -0.30326 0.94750 0.10138
vn -0.36390 0.86882 0.33574
vn 0.12408 0.91473 0.38454
vn 0.10336 0.98433 0.14284
vn -0.62827 0.77219 -0.09491
vn -0.75207 0.65069 0.10488
vn -0.36390 0.86882 0.33574
vn -0.30326 0.94750 0.10138
vn -0.77016 0.49846 -0.39798
vn -0.91649 0.31263 -0.24961
vn -0.75207 0.65069 0.10488
vn -0.62827 0.77219 -0.09491
vn -0.48208 0.44440 -0.75506
vn -0.66566 0.20611 -0.71722
vn -0.77016 0.49846 -0.39798
vn -0.55798 0.64851 -0.51778
vn -0.24220 0.29824 -0.92325
vn -0.33399 -0.00280 -0.94257
vn -0.66566 0.20611 -0.71722
vn -0.48208 0.44440 -0.75506
vn 0.08327 0.26576 -0.96044
vn 0.11478 -0.04908 -0.99218
vn -0.33399 -0.00280 -0.94257
vn -0.24220 0.29824 -0.92325
vn 0.37910 0.35986 -0.85252
vn 0.52315 0.08516 -0.84797
vn 0.11478 -0.04908 -0.99218
vn 0.08327 0.26576 -0.96044
vn 0.54297 0.54365 -0.64002
vn 0.74984 0.34830 -0.56252
vn 0.52315 0.08516 -0.84797
vn 0.37910 0.35986 -0.85252
vn 0.52770 0.75006 -0.39868
vn 0.72751 0.64355 -0.23785
vn 0.74984 0.34830 -0.56252
vn 0.54297 0.54365 -0.64002
vn 0.35127 0.91343 -0.20558
vn 0.48269 0.87555 0.02061
vn 0.72751 0.64355 -0.23785
vn 0.52770 0.75006 -0.39868
vn 0.07538 0.99066 -0.11364
vn 0.10336 0.98433 0.14284
vn 0.48269 0.87555 0.02061
vn 0.35127 0.91343 -0.20558
vn -0.22099 0.96445 -0.14488
vn -0.30326 0.94750 0.10138
vn 0.10336 0.98433 0.14284
vn 0.07538 0.99066 -0.11364
vn -0.45645 0.84045 -0.29206
vn -0.62827 0.77219 -0.09491
vn -0.30326 0.94750 0.10138
vn -0.22099 0.96445 -0.14488
vn -0.55798 0.64851 -0.51778
vn -0.77016 0.49846 -0.39798
vn -0.62827 0.77219 -0.09491
vn -0.45645 0.84045 -0.29206
vn -0.25115 0.64396 -0.72266
vn -0.48208 0.44440 -0.75506
vn -0.55798 0.64851 -0.51778
vn -0.29366 0.74702 -0.59643
vn -0.12540 0.57146 -0.81099
vn -0.24220 0.29824 -0.92325
vn -0.48208 0.44440 -0.75506
vn -0.25115 0.64396 -0.72266
vn 0.04306 0.55547 -0.83042
vn 0.08327 0.26576 -0.96044
vn -0.24220 0.29824 -0.92325
vn -0.12540 0.57146 -0.81099
vn 0.19677 0.60191 -0.77394
vn 0.37910 0.35986 -0.85252
vn 0.08327 0.26576 -0.96044
vn 0.04306 0.55547 -0.83042
vn 0.28420 0.69378 -0.66173
vn 0.54297 0.54365 -0.64002
vn 0.37910 0.35986 -0.85252
vn 0.19677 0.60191 -0.77394
vn 0.27933 0.79924 -0.53216
vn 0.52770 0.75006 -0.39868
vn 0.54297 0.54365 -0.64002
vn 0.28420 0.69378 -0.66173
vn 0.18786 0.88482 -0.42637
vn 0.35127 0.91343 -0.20558
vn 0.52770 0.75006 -0.39868
vn 0.27933 0.79924 -0.53216
vn 0.04053 0.92605 -0.37522
vn 0.07538 0.99066 -0.11364
vn 0.35127 0.91343 -0.20558
vn 0.18786 0.88482 -0.42637
vn -0.11860 0.91200 -0.39266
vn -0.22099 0.96445 -0.14488
vn 0.07538 0.99066 -0.11364
vn 0.04053 0.92605 -0.37522
vn -0.24295 0.84633 -0.47402
vn -0.45645 0.84045 -0.29206
vn -0.22099 0.96445 -0.14488
vn -0.11860 0.91200 -0.39266
vn -0.29366 0.74702 -0.59643
vn -0.55798 0.64851 -0.51778
vn -0.45645 0.84045 -0.29206
vn -0.24295 0.84633 -0.47402
vn -0.00000 0.78147 -0.62394
vn -0.25115 0.64396 -0.72266
vn -0.29366 0.74702 -0.59643
vn -0.00000 0.78147 -0.62394
vn -0.12540 0.57146 -0.81099
vn -0.25115 0.64396 -0.72266
vn -0.00000 0.78147 -0.62394
vn 0.04306 0.55547 -0.83042
vn -0.12540 0.57146 -0.81099
vn -0.00000 0.78147 -0.62394
vn 0.19677 0.60191 -0.77394
vn 0.04306 0.55547 -0.83042
vn -0.00000 0.78147 -0.62394
vn 0.28420 0.69378 -0.66173
vn 0.19677 0.60191 -0.77394
vn -0.00000 0.78147 -0.62394
vn 0.27933 0.79924 -0.53216
vn 0.28420 0.69378 -0.66173
vn -0.00000 0.78147 -0.62394
vn 0.18786 0.88482 -0.42637
vn 0.27933 0.79924 -0.53216
vn -0.00000 0.78147 -0.62394
vn 0.04053 0.92605 -0.37522
vn 0.18786 0.88482 -0.42637
vn -0.00000 0.78147 -0.62394
vn -0.11860 0.91200 -0.39266
vn 0.04053 0.92605 -0.37522
vn -0.00000 0.78147 -0.62394
vn -0.24295 0.84633 -0.47402
vn -0.11860 0.91200 -0.39266
vn -0.00000 0.78147 -0.62394
vn -0.29366 0.74702 -0.59643
vn -0.24295 0.84633 -0.47402
vn -0.83635 -0.27772 -0.47264
vn -0.82771 -0.46230 -0.31809
vn -0.99439 -0.08265 0.06599
vn -0.99069 0.10639 -0.08495
vn -0.82771 -0.46230 -0.31809
vn -0.83635 -0.27772 -0.47264
vn -0.41185 -0.53865 -0.73500
vn -0.40381 -0.71333 -0.57280
vn -0.99069 0.10639 -0.08495
vn -0.99439 -0.08265 0.06599
vn -0.83797 0.30244 0.45425
vn -0.82324 0.48355 0.29741
vn -0.40381 -0.71333 -0.57280
vn -0.41185 -0.53865 -0.73500
vn 0.14093 -0.59484 -0.79139
vn 0.13791 -0.76670 -0.62702
vn -0.82324 0.48355 0.29741
vn -0.83797 0.30244 0.45425
vn -0.41214 0.56310 0.71628
vn -0.40122 0.73218 0.55039
vn 0.13791 -0.76670 -0.62702
vn 0.14093 -0.59484 -0.79139
vn 0.65033 -0.43023 -0.62608
vn 0.64008 -0.60967 -0.46755
vn -0.40122 0.73218 0.55039
vn -0.41214 0.56310 0.71628
vn 0.14099 0.61913 0.77253
vn 0.13699 0.78497 0.60420
vn 0.64008 -0.60967 -0.46755
vn 0.65033 -0.43023 -0.62608
vn 0.95337 -0.09354 -0.28696
vn 0.94988 -0.28181 -0.13532
vn 0.13699 0.78497 0.60420
vn 0.14099 0.61913 0.77253
vn 0.65111 0.45488 0.60757
vn 0.63623 0.62958 0.44591
vn 0.94988 -0.28181 -0.13532
vn 0.95337 -0.09354 -0.28696
vn 0.94550 0.30442 0.11560
vn 0.95604 0.11799 0.26845
vn 0.63623 0.62958 0.44591
vn 0.65111 0.45488 0.60757
vn 0.95604 0.11799 0.26845
vn 0.94550 0.30442 0.11560
vn 0.00000 -0.78147 0.62394
vn 0.00000 -0.78147 0.62394
vn 0.00000 -0.78147 0.62394
vn 0.00000 -0.78147 0.62394
vn 0.00000 -0.78147 0.62394
vn 0.00000 -0.78147 0.62394
vn 0.00000 -0.78147 0.62394
vn 0.00000 -0.78147 0.62394
vn 0.00000 -0.78147 0.62394
vn 0.00000 -0.78147 0.62394
vn 0.00000 -0.78147 0.62394
f 1932/3235/7843 1933/3236/7844 1934/3237/7845 1935/3238/7846 
f 1936/3239/7847 1937/3240/7848 1933/3241/7849 1932/3242/7850 
f 1938/3243/7851 1939/3244/7852 1937/3245/7853 1936/3246/7854 
f 1940/3247/7855 1941/3248/7856 1939/3249/7857 1938/3250/7858 
f 1942/3251/7859 1943/3252/7860 1941/3253/7861 1940/3254/7862 
f 1944/3255/7863 1945/3256/7864 1943/3257/7865 1942/3258/7866 
f 1946/3259/7867 1947/3260/7868 1945/3261/7869 1944/3262/7870 
f 1948/3263/7871 1949/3264/7872 1947/3265/7873 1946/3266/7874 
f 1950/3267/7875 1951/3268/7876 1949/3269/7877 1948/3270/7878 
f 1952/3271/7879 1953/3272/7880 1951/3273/7881 1950/3274/7882 
f 1935/3275/7883 1934/3276/7884 1953/3277/7885 1952/3278/7886 
f 1954/3279/7887 1932/3280/7888 1935/3281/7889 1955/3282/7890 
f 1956/3283/7891 1936/3284/7892 1932/3285/7893 1954/3286/7894 
f 1957/3287/7895 1938/3288/7896 1936/3289/7897 1956/3290/7898 
f 1958/3291/7899 1940/3292/7900 1938/3293/7901 1957/3294/7902 
f 1959/3295/7903 1942/3296/7904 1940/3297/7905 1958/3298/7906 
f 1960/3299/7907 1944/3300/7908 1942/3301/7909 1959/3302/7910 
f 1961/3303/7911 1946/3304/7912 1944/3305/7913 1960/3306/7914 
f 1962/3307/7915 1948/3308/7916 1946/3309/7917 1961/3310/7918 
f 1963/3311/7919 1950/3312/7920 1948/3313/7921 1962/3314/7922 
f 1964/3315/7923 1952/3316/7924 1950/3317/7925 1963/3318/7926 
f 1955/3319/7927 1935/3320/7928 1952/3321/7929 1964/3322/7930 
f 1965/3323/7931 1954/3324/7932 1955/3325/7933 1966/3326/7934 
f 1967/3327/7935 1956/3328/7936 1954/3329/7937 1965/3330/7938 
f 1968/3331/7939 1957/3332/7940 1956/3333/7941 1967/3334/7942 
f 1969/3335/7943 1958/3336/7944 1957/3337/7945 1968/3338/7946 
f 1970/3339/7947 1959/3340/7948 1958/3341/7949 1969/3342/7950 
f 1971/3343/7951 1960/3344/7952 1959/3345/7953 1970/3346/7954 
f 1972/3347/7955 1961/3348/7956 1960/3349/7957 1971/3350/7958 
f 1973/3351/7959 1962/3352/7960 1961/3353/7961 1972/3354/7962 
f 1974/3355/7963 1963/3356/7964 1962/3357/7965 1973/3358/7966 
f 1975/3359/7967 1964/3360/7968 1963/3361/7969 1974/3362/7970 
f 1966/3363/7971 1955/3364/7972 1964/3365/7973 1975/3366/7974 
f 1976/3367/7975 1965/3368/7976 1966/3369/7977 1977/3370/7978 
f 1978/3371/7979 1967/3372/7980 1965/3373/7981 1976/3374/7982 
f 1979/3375/7983 1968/3376/7984 1967/3377/7985 1978/3378/7986 
f 1980/3379/7987 1969/3380/7988 1968/3381/7989 1979/3382/7990 
f 1981/3383/7991 1970/3384/7992 1969/3385/7993 1980/3386/7994 
f 1982/3387/7995 1971/3388/7996 1970/3389/7997 1981/3390/7998 
f 1983/3391/7999 1972/3392/8000 1971/3393/8001 1982/3394/8002 
f 1984/3395/8003 1973/3396/8004 1972/3397/8005 1983/3398/8006 
f 1985/3399/8007 1974/3400/8008 1973/3401/8009 1984/3402/8010 
f 1986/3403/8011 1975/3404/8012 1974/3405/8013 1985/3406/8014 
f 1977/3407/8015 1966/3408/8016 1975/3409/8017 1986/3410/8018 
f 1987/3411/8019 1976/3412/8020 1977/3413/8021 
f 1987/3414/8022 1978/3415/8023 1976/3416/8024 
f 1987/3417/8025 1979/3418/8026 1978/3419/8027 
f 1987/3420/8028 1980/3421/8029 1979/3422/8030 
f 1987/3423/8031 1981/3424/8032 1980/3425/8033 
f 1987/3426/8034 1982/3427/8035 1981/3428/8036 
f 1987/3429/8037 1983/3430/8038 1982/3431/8039 
f 1987/3432/8040 1984/3433/8041 1983/3434/8042 
f 1987/3435/8043 1985/3436/8044 1984/3437/8045 
f 1987/3438/8046 1986/3439/8047 1985/3440/8048 
f 1987/3441/8049 1977/3442/8050 1986/3443/8051 
f 1933/3444/8052 1988/3445/8053 1989/3446/8054 1934/3447/8055 
f 1988/3448/8056 1933/3449/8057 1937/3450/8058 1990/3451/8059 
f 1934/3452/8060 1989/3453/8061 1991/3454/8062 1953/3455/8063 
f 1990/3456/8064 1937/3457/8065 1939/3458/8066 1992/3459/8067 
f 1953/3460/8068 1991/3461/8069 1993/3462/8070 1951/3463/8071 
f 1992/3464/8072 1939/3465/8073 1941/3466/8074 1994/3467/8075 
f 1951/3468/8076 1993/3469/8077 1995/3470/8078 1949/3471/8079 
f 1994/3472/8080 1941/3473/8081 1943/3474/8082 1996/3475/8083 
f 1949/3476/8084 1995/3477/8085 1997/3478/8086 1947/3479/8087 
f 1996/3480/8088 1943/3481/8089 1945/3482/8090 1998/3483/8091 
f 1947/3484/8092 1997/3485/8093 1998/3486/8094 1945/3487/8095 
f 1996/3488/8096 1998/3489/8097 1997/3490/8098 1995/3494/8102 1993/3495/8103 1991/3496/8104 1989/3493/8101 1988/3498/8106 1990/3497/8105 1992/3492/8100 1994/3491/8099 
o 019_Sphere
g Sphere
usemtl Beluga 0
v -27.661 71.728 77.710
v -26.546 71.728 73.475
v -20.636 70.718 77.710
v -23.554 71.728 70.585
v -19.636 71.728 69.957
v -16.035 71.728 71.791
v -13.895 71.728 75.503
v -13.895 71.728 79.917
v -16.035 71.728 83.630
v -19.636 71.728 85.463
v -23.554 71.728 84.835
v -26.546 71.728 81.945
v -31.977 74.677 69.584
v -34.117 74.677 77.710
v -26.236 74.677 64.037
v -18.717 74.677 62.832
v -11.807 74.677 66.350
v -7.700 74.677 73.475
v -7.700 74.677 81.945
v -11.807 74.677 89.070
v -18.717 74.677 92.588
v -26.236 74.677 91.383
v -31.977 74.677 85.837
v -36.490 79.324 66.350
v -39.481 79.324 77.710
v -28.465 79.324 58.597
v -17.954 79.324 56.912
v -8.295 79.324 61.831
v -2.554 79.324 71.791
v -2.554 79.324 83.630
v -8.295 79.324 93.590
v -17.954 79.324 98.508
v -28.465 79.324 96.823
v -36.490 79.324 89.070
v -39.718 85.295 64.037
v -43.319 85.295 77.710
v -30.059 85.295 54.706
v -17.408 85.295 52.678
v -5.782 85.295 58.597
v 1.128 85.295 70.585
v 1.128 85.295 84.835
v -5.782 85.295 96.823
v -17.408 85.295 102.743
v -30.059 85.295 100.715
v -39.718 85.295 91.383
v -41.400 92.105 62.832
v -45.318 92.105 77.710
v -30.889 92.105 52.678
v -17.123 92.105 50.471
v -4.472 92.105 56.912
v 3.047 92.105 69.957
v 3.047 92.105 85.463
v -4.472 92.105 98.508
v -17.123 92.105 104.950
v -30.889 92.105 102.743
v -41.400 92.105 92.588
v -41.400 99.203 62.832
v -45.318 99.203 77.710
v -30.889 99.203 52.678
v -17.123 99.203 50.471
v -4.472 99.203 56.912
v 3.047 99.203 69.957
v 3.047 99.203 85.463
v -4.472 99.203 98.508
v -17.123 99.203 104.950
v -30.889 99.203 102.743
v -41.400 99.203 92.588
v -39.718 106.013 64.037
v -43.319 106.013 77.710
v -30.059 106.013 54.706
v -17.408 106.013 52.678
v -5.782 106.013 58.597
v 1.128 106.013 70.585
v 1.128 106.013 84.835
v -5.782 106.013 96.823
v -17.408 106.013 102.743
v -30.059 106.013 100.715
v -39.718 106.013 91.383
v -36.490 111.984 66.350
v -39.481 111.984 77.710
v -28.465 111.984 58.597
v -17.954 111.984 56.912
v -8.295 111.984 61.831
v -2.554 111.984 71.791
v -2.554 111.984 83.630
v -8.295 111.984 93.590
v -17.954 111.984 98.508
v -28.465 111.984 96.823
v -36.490 111.984 89.070
v -31.977 116.632 69.584
v -34.117 116.632 77.710
v -26.236 116.632 64.037
v -18.717 116.632 62.832
v -11.807 116.632 66.350
v -7.700 116.632 73.475
v -7.700 116.632 81.945
v -11.807 116.632 89.070
v -18.717 116.632 92.588
v -26.236 116.632 91.383
v -31.977 116.632 85.837
v -26.546 119.580 73.475
v -27.661 119.580 77.710
v -23.554 119.580 70.585
v -19.636 119.580 69.957
v -16.035 119.580 71.791
v -13.895 119.580 75.503
v -13.895 119.580 79.917
v -16.035 119.580 83.630
v -19.636 119.580 85.463
v -23.554 119.580 84.835
v -26.546 119.580 81.945
v -20.636 120.591 77.710
vt 0.00000 0.09091
vt 0.09091 0.09091
vt 0.04545 0.00000
vt 0.18182 0.09091
vt 0.13636 0.00000
vt 0.27273 0.09091
vt 0.22727 0.00000
vt 0.36364 0.09091
vt 0.31818 0.00000
vt 0.45455 0.09091
vt 0.40909 0.00000
vt 0.54545 0.09091
vt 0.50000 0.00000
vt 0.63636 0.09091
vt 0.59091 0.00000
vt 0.72727 0.09091
vt 0.68182 0.00000
vt 0.81818 0.09091
vt 0.77273 0.00000
vt 0.90909 0.09091
vt 0.86364 0.00000
vt 1.00000 0.09091
vt 0.95455 0.00000
vt 0.09091 0.18182
vt 0.00000 0.18182
vt 0.18182 0.18182
vt 0.27273 0.18182
vt 0.36364 0.18182
vt 0.45455 0.18182
vt 0.54545 0.18182
vt 0.63636 0.18182
vt 0.72727 0.18182
vt 0.81818 0.18182
vt 0.90909 0.18182
vt 1.00000 0.18182
vt 0.09091 0.27273
vt 0.00000 0.27273
vt 0.18182 0.27273
vt 0.27273 0.27273
vt 0.36364 0.27273
vt 0.45455 0.27273
vt 0.54545 0.27273
vt 0.63636 0.27273
vt 0.72727 0.27273
vt 0.81818 0.27273
vt 0.90909 0.27273
vt 1.00000 0.27273
vt 0.09091 0.36364
vt 0.00000 0.36364
vt 0.18182 0.36364
vt 0.27273 0.36364
vt 0.36364 0.36364
vt 0.45455 0.36364
vt 0.54545 0.36364
vt 0.63636 0.36364
vt 0.72727 0.36364
vt 0.81818 0.36364
vt 0.90909 0.36364
vt 1.00000 0.36364
vt 0.09091 0.45455
vt 0.00000 0.45455
vt 0.18182 0.45455
vt 0.27273 0.45455
vt 0.36364 0.45455
vt 0.45455 0.45455
vt 0.54545 0.45455
vt 0.63636 0.45455
vt 0.72727 0.45455
vt 0.81818 0.45455
vt 0.90909 0.45455
vt 1.00000 0.45455
vt 0.09091 0.54545
vt 0.00000 0.54545
vt 0.18182 0.54545
vt 0.27273 0.54545
vt 0.36364 0.54545
vt 0.45455 0.54545
vt 0.54545 0.54545
vt 0.63636 0.54545
vt 0.72727 0.54545
vt 0.81818 0.54545
vt 0.90909 0.54545
vt 1.00000 0.54545
vt 0.09091 0.63636
vt 0.00000 0.63636
vt 0.18182 0.63636
vt 0.27273 0.63636
vt 0.36364 0.63636
vt 0.45455 0.63636
vt 0.54545 0.63636
vt 0.63636 0.63636
vt 0.72727 0.63636
vt 0.81818 0.63636
vt 0.90909 0.63636
vt 1.00000 0.63636
vt 0.09091 0.72727
vt 0.00000 0.72727
vt 0.18182 0.72727
vt 0.27273 0.72727
vt 0.36364 0.72727
vt 0.45455 0.72727
vt 0.54545 0.72727
vt 0.63636 0.72727
vt 0.72727 0.72727
vt 0.81818 0.72727
vt 0.90909 0.72727
vt 1.00000 0.72727
vt 0.09091 0.81818
vt 0.00000 0.81818
vt 0.18182 0.81818
vt 0.27273 0.81818
vt 0.36364 0.81818
vt 0.45455 0.81818
vt 0.54545 0.81818
vt 0.63636 0.81818
vt 0.72727 0.81818
vt 0.81818 0.81818
vt 0.90909 0.81818
vt 1.00000 0.81818
vt 0.09091 0.90909
vt 0.00000 0.90909
vt 0.18182 0.90909
vt 0.27273 0.90909
vt 0.36364 0.90909
vt 0.45455 0.90909
vt 0.54545 0.90909
vt 0.63636 0.90909
vt 0.72727 0.90909
vt 0.81818 0.90909
vt 0.90909 0.90909
vt 1.00000 0.90909
vt 0.04545 1.00000
vt 0.13636 1.00000
vt 0.22727 1.00000
vt 0.31818 1.00000
vt 0.40909 1.00000
vt 0.50000 1.00000
vt 0.59091 1.00000
vt 0.68182 1.00000
vt 0.77273 1.00000
vt 0.86364 1.00000
vt 0.95455 1.00000
vn -0.28173 -0.95949 -0.00000
vn -0.23755 -0.96168 -0.13692
vn -0.00000 -1.00000 -0.00000
vn -0.23755 -0.96168 -0.13692
vn -0.11779 -0.96571 -0.23134
vn -0.00000 -1.00000 -0.00000
vn -0.11779 -0.96571 -0.23134
vn 0.04040 -0.96687 -0.25204
vn -0.00000 -1.00000 -0.00000
vn 0.04040 -0.96687 -0.25204
vn 0.18532 -0.96377 -0.19182
vn -0.00000 -1.00000 -0.00000
vn 0.18532 -0.96377 -0.19182
vn 0.27049 -0.96008 -0.07123
vn -0.00000 -1.00000 -0.00000
vn 0.27049 -0.96008 -0.07123
vn 0.27049 -0.96008 0.07123
vn -0.00000 -1.00000 -0.00000
vn 0.27049 -0.96008 0.07123
vn 0.18532 -0.96377 0.19182
vn -0.00000 -1.00000 -0.00000
vn 0.18532 -0.96377 0.19182
vn 0.04040 -0.96687 0.25204
vn -0.00000 -1.00000 -0.00000
vn 0.04040 -0.96687 0.25204
vn -0.11779 -0.96571 0.23134
vn -0.00000 -1.00000 -0.00000
vn -0.11779 -0.96571 0.23134
vn -0.23755 -0.96168 0.13692
vn -0.00000 -1.00000 -0.00000
vn -0.23755 -0.96168 0.13692
vn -0.28173 -0.95949 -0.00000
vn -0.00000 -1.00000 -0.00000
vn -0.45866 -0.84837 -0.26438
vn -0.23755 -0.96168 -0.13692
vn -0.28173 -0.95949 -0.00000
vn -0.54064 -0.84125 -0.00000
vn -0.23010 -0.86188 -0.45190
vn -0.11779 -0.96571 -0.23134
vn -0.23755 -0.96168 -0.13692
vn -0.45866 -0.84837 -0.26438
vn 0.07919 -0.86585 -0.49400
vn 0.04040 -0.96687 -0.25204
vn -0.11779 -0.96571 -0.23134
vn -0.23010 -0.86188 -0.45190
vn 0.35997 -0.85533 -0.37260
vn 0.18532 -0.96377 -0.19182
vn 0.04040 -0.96687 -0.25204
vn 0.07919 -0.86585 -0.49400
vn 0.51992 -0.84317 -0.13692
vn 0.27049 -0.96008 -0.07123
vn 0.18532 -0.96377 -0.19182
vn 0.35997 -0.85533 -0.37260
vn 0.51992 -0.84317 0.13692
vn 0.27049 -0.96008 0.07123
vn 0.27049 -0.96008 -0.07123
vn 0.51992 -0.84317 -0.13692
vn 0.35997 -0.85533 0.37260
vn 0.18532 -0.96377 0.19182
vn 0.27049 -0.96008 0.07123
vn 0.51992 -0.84317 0.13692
vn 0.07919 -0.86585 0.49400
vn 0.04040 -0.96687 0.25204
vn 0.18532 -0.96377 0.19182
vn 0.35997 -0.85533 0.37260
vn -0.23010 -0.86188 0.45190
vn -0.11779 -0.96571 0.23134
vn 0.04040 -0.96687 0.25204
vn 0.07919 -0.86585 0.49400
vn -0.45866 -0.84837 0.26438
vn -0.23755 -0.96168 0.13692
vn -0.11779 -0.96571 0.23134
vn -0.23010 -0.86188 0.45190
vn -0.54064 -0.84125 -0.00000
vn -0.28173 -0.95949 -0.00000
vn -0.23755 -0.96168 0.13692
vn -0.45866 -0.84837 0.26438
vn -0.64642 -0.66582 -0.37260
vn -0.45866 -0.84837 -0.26438
vn -0.54064 -0.84125 -0.00000
vn -0.75575 -0.65486 -0.00000
vn -0.32955 -0.68739 -0.64722
vn -0.23010 -0.86188 -0.45190
vn -0.45866 -0.84837 -0.26438
vn -0.64642 -0.66582 -0.37260
vn 0.11397 -0.69393 -0.71097
vn 0.07919 -0.86585 -0.49400
vn -0.23010 -0.86188 -0.45190
vn -0.32955 -0.68739 -0.64722
vn 0.51149 -0.67680 -0.52944
vn 0.35997 -0.85533 -0.37260
vn 0.07919 -0.86585 -0.49400
vn 0.11397 -0.69393 -0.71097
vn 0.72837 -0.65778 -0.19182
vn 0.51992 -0.84317 -0.13692
vn 0.35997 -0.85533 -0.37260
vn 0.51149 -0.67680 -0.52944
vn 0.72837 -0.65778 0.19182
vn 0.51992 -0.84317 0.13692
vn 0.51992 -0.84317 -0.13692
vn 0.72837 -0.65778 -0.19182
vn 0.51149 -0.67680 0.52944
vn 0.35997 -0.85533 0.37260
vn 0.51992 -0.84317 0.13692
vn 0.72837 -0.65778 0.19182
vn 0.11397 -0.69393 0.71097
vn 0.07919 -0.86585 0.49400
vn 0.35997 -0.85533 0.37260
vn 0.51149 -0.67680 0.52944
vn -0.32955 -0.68739 0.64722
vn -0.23010 -0.86188 0.45190
vn 0.07919 -0.86585 0.49400
vn 0.11397 -0.69393 0.71097
vn -0.64642 -0.66582 0.37260
vn -0.45866 -0.84837 0.26438
vn -0.23010 -0.86188 0.45190
vn -0.32955 -0.68739 0.64722
vn -0.75575 -0.65486 -0.00000
vn -0.54064 -0.84125 -0.00000
vn -0.45866 -0.84837 0.26438
vn -0.64642 -0.66582 0.37260
vn -0.78400 -0.42560 -0.45190
vn -0.64642 -0.66582 -0.37260
vn -0.75575 -0.65486 -0.00000
vn -0.90963 -0.41542 -0.00000
vn -0.40603 -0.44637 -0.79743
vn -0.32955 -0.68739 -0.64722
vn -0.64642 -0.66582 -0.37260
vn -0.78400 -0.42560 -0.45190
vn 0.14112 -0.45286 -0.88034
vn 0.11397 -0.69393 -0.71097
vn -0.32955 -0.68739 -0.64722
vn -0.40603 -0.44637 -0.79743
vn 0.62528 -0.43605 -0.64722
vn 0.51149 -0.67680 -0.52944
vn 0.11397 -0.69393 -0.71097
vn 0.14112 -0.45286 -0.88034
vn 0.87844 -0.41811 -0.23134
vn 0.72837 -0.65778 -0.19182
vn 0.51149 -0.67680 -0.52944
vn 0.62528 -0.43605 -0.64722
vn 0.87844 -0.41811 0.23134
vn 0.72837 -0.65778 0.19182
vn 0.72837 -0.65778 -0.19182
vn 0.87844 -0.41811 -0.23134
vn 0.62528 -0.43605 0.64722
vn 0.51149 -0.67680 0.52944
vn 0.72837 -0.65778 0.19182
vn 0.87844 -0.41811 0.23134
vn 0.14112 -0.45286 0.88034
vn 0.11397 -0.69393 0.71097
vn 0.51149 -0.67680 0.52944
vn 0.62528 -0.43605 0.64722
vn -0.40603 -0.44637 0.79743
vn -0.32955 -0.68739 0.64722
vn 0.11397 -0.69393 0.71097
vn 0.14112 -0.45286 0.88034
vn -0.78400 -0.42560 0.45190
vn -0.64642 -0.66582 0.37260
vn -0.32955 -0.68739 0.64722
vn -0.40603 -0.44637 0.79743
vn -0.90963 -0.41542 -0.00000
vn -0.75575 -0.65486 -0.00000
vn -0.64642 -0.66582 0.37260
vn -0.78400 -0.42560 0.45190
vn -0.85703 -0.14648 -0.49400
vn -0.78400 -0.42560 -0.45190
vn -0.90963 -0.41542 -0.00000
vn -0.98982 -0.14231 -0.00000
vn -0.44825 -0.15514 -0.88034
vn -0.40603 -0.44637 -0.79743
vn -0.78400 -0.42560 -0.45190
vn -0.85703 -0.14648 -0.49400
vn 0.15630 -0.15790 -0.97501
vn 0.14112 -0.45286 -0.88034
vn -0.40603 -0.44637 -0.79743
vn -0.44825 -0.15514 -0.88034
vn 0.68687 -0.15081 -0.71097
vn 0.62528 -0.43605 -0.64722
vn 0.14112 -0.45286 -0.88034
vn 0.15630 -0.15790 -0.97501
vn 0.95703 -0.14341 -0.25204
vn 0.87844 -0.41811 -0.23134
vn 0.62528 -0.43605 -0.64722
vn 0.68687 -0.15081 -0.71097
vn 0.95703 -0.14341 0.25204
vn 0.87844 -0.41811 0.23134
vn 0.87844 -0.41811 -0.23134
vn 0.95703 -0.14341 -0.25204
vn 0.68687 -0.15081 0.71097
vn 0.62528 -0.43605 0.64722
vn 0.87844 -0.41811 0.23134
vn 0.95703 -0.14341 0.25204
vn 0.15630 -0.15790 0.97501
vn 0.14112 -0.45286 0.88034
vn 0.62528 -0.43605 0.64722
vn 0.68687 -0.15081 0.71097
vn -0.44825 -0.15514 0.88034
vn -0.40603 -0.44637 0.79743
vn 0.14112 -0.45286 0.88034
vn 0.15630 -0.15790 0.97501
vn -0.85703 -0.14648 0.49400
vn -0.78400 -0.42560 0.45190
vn -0.40603 -0.44637 0.79743
vn -0.44825 -0.15514 0.88034
vn -0.98982 -0.14231 -0.00000
vn -0.90963 -0.41542 -0.00000
vn -0.78400 -0.42560 0.45190
vn -0.85703 -0.14648 0.49400
vn -0.85703 0.14648 -0.49400
vn -0.85703 -0.14648 -0.49400
vn -0.98982 -0.14231 -0.00000
vn -0.98982 0.14231 0.00000
vn -0.44825 0.15514 -0.88034
vn -0.44825 -0.15514 -0.88034
vn -0.85703 -0.14648 -0.49400
vn -0.85703 0.14648 -0.49400
vn 0.15630 0.15790 -0.97501
vn 0.15630 -0.15790 -0.97501
vn -0.44825 -0.15514 -0.88034
vn -0.44825 0.15514 -0.88034
vn 0.68687 0.15081 -0.71097
vn 0.68687 -0.15081 -0.71097
vn 0.15630 -0.15790 -0.97501
vn 0.15630 0.15790 -0.97501
vn 0.95703 0.14341 -0.25204
vn 0.95703 -0.14341 -0.25204
vn 0.68687 -0.15081 -0.71097
vn 0.68687 0.15081 -0.71097
vn 0.95703 0.14341 0.25204
vn 0.95703 -0.14341 0.25204
vn 0.95703 -0.14341 -0.25204
vn 0.95703 0.14341 -0.25204
vn 0.68687 0.15081 0.71097
vn 0.68687 -0.15081 0.71097
vn 0.95703 -0.14341 0.25204
vn 0.95703 0.14341 0.25204
vn 0.15630 0.15790 0.97501
vn 0.15630 -0.15790 0.97501
vn 0.68687 -0.15081 0.71097
vn 0.68687 0.15081 0.71097
vn -0.44825 0.15514 0.88034
vn -0.44825 -0.15514 0.88034
vn 0.15630 -0.15790 0.97501
vn 0.15630 0.15790 0.97501
vn -0.85703 0.14648 0.49400
vn -0.85703 -0.14648 0.49400
vn -0.44825 -0.15514 0.88034
vn -0.44825 0.15514 0.88034
vn -0.98982 0.14231 0.00000
vn -0.98982 -0.14231 -0.00000
vn -0.85703 -0.14648 0.49400
vn -0.85703 0.14648 0.49400
vn -0.78400 0.42560 -0.45190
vn -0.85703 0.14648 -0.49400
vn -0.98982 0.14231 0.00000
vn -0.90963 0.41542 0.00000
vn -0.40603 0.44637 -0.79743
vn -0.44825 0.15514 -0.88034
vn -0.85703 0.14648 -0.49400
vn -0.78400 0.42560 -0.45190
vn 0.14112 0.45286 -0.88034
vn 0.15630 0.15790 -0.97501
vn -0.44825 0.15514 -0.88034
vn -0.40603 0.44637 -0.79743
vn 0.62528 0.43605 -0.64722
vn 0.68687 0.15081 -0.71097
vn 0.15630 0.15790 -0.97501
vn 0.14112 0.45286 -0.88034
vn 0.87844 0.41811 -0.23134
vn 0.95703 0.14341 -0.25204
vn 0.68687 0.15081 -0.71097
vn 0.62528 0.43605 -0.64722
vn 0.87844 0.41811 0.23134
vn 0.95703 0.14341 0.25204
vn 0.95703 0.14341 -0.25204
vn 0.87844 0.41811 -0.23134
vn 0.62528 0.43605 0.64722
vn 0.68687 0.15081 0.71097
vn 0.95703 0.14341 0.25204
vn 0.87844 0.41811 0.23134
vn 0.14112 0.45286 0.88034
vn 0.15630 0.15790 0.97501
vn 0.68687 0.15081 0.71097
vn 0.62528 0.43605 0.64722
vn -0.40603 0.44637 0.79743
vn -0.44825 0.15514 0.88034
vn 0.15630 0.15790 0.97501
vn 0.14112 0.45286 0.88034
vn -0.78400 0.42560 0.45190
vn -0.85703 0.14648 0.49400
vn -0.44825 0.15514 0.88034
vn -0.40603 0.44637 0.79743
vn -0.90963 0.41542 0.00000
vn -0.98982 0.14231 0.00000
vn -0.85703 0.14648 0.49400
vn -0.78400 0.42560 0.45190
vn -0.64642 0.66582 -0.37260
vn -0.78400 0.42560 -0.45190
vn -0.90963 0.41542 0.00000
vn -0.75575 0.65486 0.00000
vn -0.32955 0.68739 -0.64722
vn -0.40603 0.44637 -0.79743
vn -0.78400 0.42560 -0.45190
vn -0.64642 0.66582 -0.37260
vn 0.11397 0.69393 -0.71097
vn 0.14112 0.45286 -0.88034
vn -0.40603 0.44637 -0.79743
vn -0.32955 0.68739 -0.64722
vn 0.51149 0.67680 -0.52944
vn 0.62528 0.43605 -0.64722
vn 0.14112 0.45286 -0.88034
vn 0.11397 0.69393 -0.71097
vn 0.72837 0.65778 -0.19182
vn 0.87844 0.41811 -0.23134
vn 0.62528 0.43605 -0.64722
vn 0.51149 0.67680 -0.52944
vn 0.72837 0.65778 0.19182
vn 0.87844 0.41811 0.23134
vn 0.87844 0.41811 -0.23134
vn 0.72837 0.65778 -0.19182
vn 0.51149 0.67680 0.52944
vn 0.62528 0.43605 0.64722
vn 0.87844 0.41811 0.23134
vn 0.72837 0.65778 0.19182
vn 0.11397 0.69393 0.71097
vn 0.14112 0.45286 0.88034
vn 0.62528 0.43605 0.64722
vn 0.51149 0.67680 0.52944
vn -0.32955 0.68739 0.64722
vn -0.40603 0.44637 0.79743
vn 0.14112 0.45286 0.88034
vn 0.11397 0.69393 0.71097
vn -0.64642 0.66582 0.37260
vn -0.78400 0.42560 0.45190
vn -0.40603 0.44637 0.79743
vn -0.32955 0.68739 0.64722
vn -0.75575 0.65486 0.00000
vn -0.90963 0.41542 0.00000
vn -0.78400 0.42560 0.45190
vn -0.64642 0.66582 0.37260
vn -0.45866 0.84837 -0.26438
vn -0.64642 0.66582 -0.37260
vn -0.75575 0.65486 0.00000
vn -0.54064 0.84125 0.00000
vn -0.23010 0.86188 -0.45190
vn -0.32955 0.68739 -0.64722
vn -0.64642 0.66582 -0.37260
vn -0.45866 0.84837 -0.26438
vn 0.07919 0.86585 -0.49400
vn 0.11397 0.69393 -0.71097
vn -0.32955 0.68739 -0.64722
vn -0.23010 0.86188 -0.45190
vn 0.35997 0.85533 -0.37260
vn 0.51149 0.67680 -0.52944
vn 0.11397 0.69393 -0.71097
vn 0.07919 0.86585 -0.49400
vn 0.51992 0.84317 -0.13692
vn 0.72837 0.65778 -0.19182
vn 0.51149 0.67680 -0.52944
vn 0.35997 0.85533 -0.37260
vn 0.51992 0.84317 0.13692
vn 0.72837 0.65778 0.19182
vn 0.72837 0.65778 -0.19182
vn 0.51992 0.84317 -0.13692
vn 0.35997 0.85533 0.37260
vn 0.51149 0.67680 0.52944
vn 0.72837 0.65778 0.19182
vn 0.51992 0.84317 0.13692
vn 0.07919 0.86585 0.49400
vn 0.11397 0.69393 0.71097
vn 0.51149 0.67680 0.52944
vn 0.35997 0.85533 0.37260
vn -0.23010 0.86188 0.45190
vn -0.32955 0.68739 0.64722
vn 0.11397 0.69393 0.71097
vn 0.07919 0.86585 0.49400
vn -0.45866 0.84837 0.26438
vn -0.64642 0.66582 0.37260
vn -0.32955 0.68739 0.64722
vn -0.23010 0.86188 0.45190
vn -0.54064 0.84125 0.00000
vn -0.75575 0.65486 0.00000
vn -0.64642 0.66582 0.37260
vn -0.45866 0.84837 0.26438
vn -0.23755 0.96168 -0.13692
vn -0.45866 0.84837 -0.26438
vn -0.54064 0.84125 0.00000
vn -0.28173 0.95949 0.00000
vn -0.11779 0.96571 -0.23134
vn -0.23010 0.86188 -0.45190
vn -0.45866 0.84837 -0.26438
vn -0.23755 0.96168 -0.13692
vn 0.04040 0.96687 -0.25204
vn 0.07919 0.86585 -0.49400
vn -0.23010 0.86188 -0.45190
vn -0.11779 0.96571 -0.23134
vn 0.18532 0.96377 -0.19182
vn 0.35997 0.85533 -0.37260
vn 0.07919 0.86585 -0.49400
vn 0.04040 0.96687 -0.25204
vn 0.27049 0.96008 -0.07123
vn 0.51992 0.84317 -0.13692
vn 0.35997 0.85533 -0.37260
vn 0.18532 0.96377 -0.19182
vn 0.27049 0.96008 0.07123
vn 0.51992 0.84317 0.13692
vn 0.51992 0.84317 -0.13692
vn 0.27049 0.96008 -0.07123
vn 0.18532 0.96377 0.19182
vn 0.35997 0.85533 0.37260
vn 0.51992 0.84317 0.13692
vn 0.27049 0.96008 0.07123
vn 0.04040 0.96687 0.25204
vn 0.07919 0.86585 0.49400
vn 0.35997 0.85533 0.37260
vn 0.18532 0.96377 0.19182
vn -0.11779 0.96571 0.23134
vn -0.23010 0.86188 0.45190
vn 0.07919 0.86585 0.49400
vn 0.04040 0.96687 0.25204
vn -0.23755 0.96168 0.13692
vn -0.45866 0.84837 0.26438
vn -0.23010 0.86188 0.45190
vn -0.11779 0.96571 0.23134
vn -0.28173 0.95949 0.00000
vn -0.54064 0.84125 0.00000
vn -0.45866 0.84837 0.26438
vn -0.23755 0.96168 0.13692
vn -0.00000 1.00000 0.00000
vn -0.23755 0.96168 -0.13692
vn -0.28173 0.95949 0.00000
vn -0.00000 1.00000 0.00000
vn -0.11779 0.96571 -0.23134
vn -0.23755 0.96168 -0.13692
vn -0.00000 1.00000 0.00000
vn 0.04040 0.96687 -0.25204
vn -0.11779 0.96571 -0.23134
vn -0.00000 1.00000 0.00000
vn 0.18532 0.96377 -0.19182
vn 0.04040 0.96687 -0.25204
vn -0.00000 1.00000 0.00000
vn 0.27049 0.96008 -0.07123
vn 0.18532 0.96377 -0.19182
vn -0.00000 1.00000 0.00000
vn 0.27049 0.96008 0.07123
vn 0.27049 0.96008 -0.07123
vn -0.00000 1.00000 0.00000
vn 0.18532 0.96377 0.19182
vn 0.27049 0.96008 0.07123
vn -0.00000 1.00000 0.00000
vn 0.04040 0.96687 0.25204
vn 0.18532 0.96377 0.19182
vn -0.00000 1.00000 0.00000
vn -0.11779 0.96571 0.23134
vn 0.04040 0.96687 0.25204
vn -0.00000 1.00000 0.00000
vn -0.23755 0.96168 0.13692
vn -0.11779 0.96571 0.23134
vn -0.00000 1.00000 0.00000
vn -0.28173 0.95949 0.00000
vn -0.23755 0.96168 0.13692
f 1999/3499/8107 2000/3500/8108 2001/3501/8109 
f 2000/3500/8110 2002/3502/8111 2001/3503/8112 
f 2002/3502/8113 2003/3504/8114 2001/3505/8115 
f 2003/3504/8116 2004/3506/8117 2001/3507/8118 
f 2004/3506/8119 2005/3508/8120 2001/3509/8121 
f 2005/3508/8122 2006/3510/8123 2001/3511/8124 
f 2006/3510/8125 2007/3512/8126 2001/3513/8127 
f 2007/3512/8128 2008/3514/8129 2001/3515/8130 
f 2008/3514/8131 2009/3516/8132 2001/3517/8133 
f 2009/3516/8134 2010/3518/8135 2001/3519/8136 
f 2010/3518/8137 1999/3520/8138 2001/3521/8139 
f 2011/3522/8140 2000/3500/8141 1999/3499/8142 2012/3523/8143 
f 2013/3524/8144 2002/3502/8145 2000/3500/8146 2011/3522/8147 
f 2014/3525/8148 2003/3504/8149 2002/3502/8150 2013/3524/8151 
f 2015/3526/8152 2004/3506/8153 2003/3504/8154 2014/3525/8155 
f 2016/3527/8156 2005/3508/8157 2004/3506/8158 2015/3526/8159 
f 2017/3528/8160 2006/3510/8161 2005/3508/8162 2016/3527/8163 
f 2018/3529/8164 2007/3512/8165 2006/3510/8166 2017/3528/8167 
f 2019/3530/8168 2008/3514/8169 2007/3512/8170 2018/3529/8171 
f 2020/3531/8172 2009/3516/8173 2008/3514/8174 2019/3530/8175 
f 2021/3532/8176 2010/3518/8177 2009/3516/8178 2020/3531/8179 
f 2012/3533/8180 1999/3520/8181 2010/3518/8182 2021/3532/8183 
f 2022/3534/8184 2011/3522/8185 2012/3523/8186 2023/3535/8187 
f 2024/3536/8188 2013/3524/8189 2011/3522/8190 2022/3534/8191 
f 2025/3537/8192 2014/3525/8193 2013/3524/8194 2024/3536/8195 
f 2026/3538/8196 2015/3526/8197 2014/3525/8198 2025/3537/8199 
f 2027/3539/8200 2016/3527/8201 2015/3526/8202 2026/3538/8203 
f 2028/3540/8204 2017/3528/8205 2016/3527/8206 2027/3539/8207 
f 2029/3541/8208 2018/3529/8209 2017/3528/8210 2028/3540/8211 
f 2030/3542/8212 2019/3530/8213 2018/3529/8214 2029/3541/8215 
f 2031/3543/8216 2020/3531/8217 2019/3530/8218 2030/3542/8219 
f 2032/3544/8220 2021/3532/8221 2020/3531/8222 2031/3543/8223 
f 2023/3545/8224 2012/3533/8225 2021/3532/8226 2032/3544/8227 
f 2033/3546/8228 2022/3534/8229 2023/3535/8230 2034/3547/8231 
f 2035/3548/8232 2024/3536/8233 2022/3534/8234 2033/3546/8235 
f 2036/3549/8236 2025/3537/8237 2024/3536/8238 2035/3548/8239 
f 2037/3550/8240 2026/3538/8241 2025/3537/8242 2036/3549/8243 
f 2038/3551/8244 2027/3539/8245 2026/3538/8246 2037/3550/8247 
f 2039/3552/8248 2028/3540/8249 2027/3539/8250 2038/3551/8251 
f 2040/3553/8252 2029/3541/8253 2028/3540/8254 2039/3552/8255 
f 2041/3554/8256 2030/3542/8257 2029/3541/8258 2040/3553/8259 
f 2042/3555/8260 2031/3543/8261 2030/3542/8262 2041/3554/8263 
f 2043/3556/8264 2032/3544/8265 2031/3543/8266 2042/3555/8267 
f 2034/3557/8268 2023/3545/8269 2032/3544/8270 2043/3556/8271 
f 2044/3558/8272 2033/3546/8273 2034/3547/8274 2045/3559/8275 
f 2046/3560/8276 2035/3548/8277 2033/3546/8278 2044/3558/8279 
f 2047/3561/8280 2036/3549/8281 2035/3548/8282 2046/3560/8283 
f 2048/3562/8284 2037/3550/8285 2036/3549/8286 2047/3561/8287 
f 2049/3563/8288 2038/3551/8289 2037/3550/8290 2048/3562/8291 
f 2050/3564/8292 2039/3552/8293 2038/3551/8294 2049/3563/8295 
f 2051/3565/8296 2040/3553/8297 2039/3552/8298 2050/3564/8299 
f 2052/3566/8300 2041/3554/8301 2040/3553/8302 2051/3565/8303 
f 2053/3567/8304 2042/3555/8305 2041/3554/8306 2052/3566/8307 
f 2054/3568/8308 2043/3556/8309 2042/3555/8310 2053/3567/8311 
f 2045/3569/8312 2034/3557/8313 2043/3556/8314 2054/3568/8315 
f 2055/3570/8316 2044/3558/8317 2045/3559/8318 2056/3571/8319 
f 2057/3572/8320 2046/3560/8321 2044/3558/8322 2055/3570/8323 
f 2058/3573/8324 2047/3561/8325 2046/3560/8326 2057/3572/8327 
f 2059/3574/8328 2048/3562/8329 2047/3561/8330 2058/3573/8331 
f 2060/3575/8332 2049/3563/8333 2048/3562/8334 2059/3574/8335 
f 2061/3576/8336 2050/3564/8337 2049/3563/8338 2060/3575/8339 
f 2062/3577/8340 2051/3565/8341 2050/3564/8342 2061/3576/8343 
f 2063/3578/8344 2052/3566/8345 2051/3565/8346 2062/3577/8347 
f 2064/3579/8348 2053/3567/8349 2052/3566/8350 2063/3578/8351 
f 2065/3580/8352 2054/3568/8353 2053/3567/8354 2064/3579/8355 
f 2056/3581/8356 2045/3569/8357 2054/3568/8358 2065/3580/8359 
f 2066/3582/8360 2055/3570/8361 2056/3571/8362 2067/3583/8363 
f 2068/3584/8364 2057/3572/8365 2055/3570/8366 2066/3582/8367 
f 2069/3585/8368 2058/3573/8369 2057/3572/8370 2068/3584/8371 
f 2070/3586/8372 2059/3574/8373 2058/3573/8374 2069/3585/8375 
f 2071/3587/8376 2060/3575/8377 2059/3574/8378 2070/3586/8379 
f 2072/3588/8380 2061/3576/8381 2060/3575/8382 2071/3587/8383 
f 2073/3589/8384 2062/3577/8385 2061/3576/8386 2072/3588/8387 
f 2074/3590/8388 2063/3578/8389 2062/3577/8390 2073/3589/8391 
f 2075/3591/8392 2064/3579/8393 2063/3578/8394 2074/3590/8395 
f 2076/3592/8396 2065/3580/8397 2064/3579/8398 2075/3591/8399 
f 2067/3593/8400 2056/3581/8401 2065/3580/8402 2076/3592/8403 
f 2077/3594/8404 2066/3582/8405 2067/3583/8406 2078/3595/8407 
f 2079/3596/8408 2068/3584/8409 2066/3582/8410 2077/3594/8411 
f 2080/3597/8412 2069/3585/8413 2068/3584/8414 2079/3596/8415 
f 2081/3598/8416 2070/3586/8417 2069/3585/8418 2080/3597/8419 
f 2082/3599/8420 2071/3587/8421 2070/3586/8422 2081/3598/8423 
f 2083/3600/8424 2072/3588/8425 2071/3587/8426 2082/3599/8427 
f 2084/3601/8428 2073/3589/8429 2072/3588/8430 2083/3600/8431 
f 2085/3602/8432 2074/3590/8433 2073/3589/8434 2084/3601/8435 
f 2086/3603/8436 2075/3591/8437 2074/3590/8438 2085/3602/8439 
f 2087/3604/8440 2076/3592/8441 2075/3591/8442 2086/3603/8443 
f 2078/3605/8444 2067/3593/8445 2076/3592/8446 2087/3604/8447 
f 2088/3606/8448 2077/3594/8449 2078/3595/8450 2089/3607/8451 
f 2090/3608/8452 2079/3596/8453 2077/3594/8454 2088/3606/8455 
f 2091/3609/8456 2080/3597/8457 2079/3596/8458 2090/3608/8459 
f 2092/3610/8460 2081/3598/8461 2080/3597/8462 2091/3609/8463 
f 2093/3611/8464 2082/3599/8465 2081/3598/8466 2092/3610/8467 
f 2094/3612/8468 2083/3600/8469 2082/3599/8470 2093/3611/8471 
f 2095/3613/8472 2084/3601/8473 2083/3600/8474 2094/3612/8475 
f 2096/3614/8476 2085/3602/8477 2084/3601/8478 2095/3613/8479 
f 2097/3615/8480 2086/3603/8481 2085/3602/8482 2096/3614/8483 
f 2098/3616/8484 2087/3604/8485 2086/3603/8486 2097/3615/8487 
f 2089/3617/8488 2078/3605/8489 2087/3604/8490 2098/3616/8491 
f 2099/3618/8492 2088/3606/8493 2089/3607/8494 2100/3619/8495 
f 2101/3620/8496 2090/3608/8497 2088/3606/8498 2099/3618/8499 
f 2102/3621/8500 2091/3609/8501 2090/3608/8502 2101/3620/8503 
f 2103/3622/8504 2092/3610/8505 2091/3609/8506 2102/3621/8507 
f 2104/3623/8508 2093/3611/8509 2092/3610/8510 2103/3622/8511 
f 2105/3624/8512 2094/3612/8513 2093/3611/8514 2104/3623/8515 
f 2106/3625/8516 2095/3613/8517 2094/3612/8518 2105/3624/8519 
f 2107/3626/8520 2096/3614/8521 2095/3613/8522 2106/3625/8523 
f 2108/3627/8524 2097/3615/8525 2096/3614/8526 2107/3626/8527 
f 2109/3628/8528 2098/3616/8529 2097/3615/8530 2108/3627/8531 
f 2100/3629/8532 2089/3617/8533 2098/3616/8534 2109/3628/8535 
f 2110/3630/8536 2099/3618/8537 2100/3619/8538 
f 2110/3631/8539 2101/3620/8540 2099/3618/8541 
f 2110/3632/8542 2102/3621/8543 2101/3620/8544 
f 2110/3633/8545 2103/3622/8546 2102/3621/8547 
f 2110/3634/8548 2104/3623/8549 2103/3622/8550 
f 2110/3635/8551 2105/3624/8552 2104/3623/8553 
f 2110/3636/8554 2106/3625/8555 2105/3624/8556 
f 2110/3637/8557 2107/3626/8558 2106/3625/8559 
f 2110/3638/8560 2108/3627/8561 2107/3626/8562 
f 2110/3639/8563 2109/3628/8564 2108/3627/8565 
f 2110/3640/8566 2100/3629/8567 2109/3628/8568 
o 020_Sphere_1
g Sphere_1
usemtl Beluga 11
v -28.870 83.910 100.677
v -27.563 83.910 97.900
v -20.636 81.235 100.677
v -24.057 83.910 96.005
v -19.464 83.910 95.593
v -15.243 83.910 96.795
v -12.735 83.910 99.230
v -12.735 83.910 102.124
v -15.243 83.910 104.559
v -19.464 83.910 105.761
v -24.057 83.910 105.349
v -27.563 83.910 103.454
v -31.845 90.915 96.184
v -33.960 90.915 100.677
v -26.171 90.915 93.117
v -18.740 90.915 92.450
v -11.911 90.915 94.396
v -7.852 90.915 98.335
v -7.852 90.915 103.018
v -11.911 90.915 106.958
v -18.740 90.915 108.903
v -26.171 90.915 108.237
v -31.845 90.915 105.170
v -31.845 99.574 96.184
v -33.960 99.574 100.677
v -26.171 99.574 93.117
v -18.740 99.574 92.450
v -11.911 99.574 94.396
v -7.852 99.574 98.335
v -7.852 99.574 103.018
v -11.911 99.574 106.958
v -18.740 99.574 108.903
v -26.171 99.574 108.237
v -31.845 99.574 105.170
v -27.563 106.578 97.900
v -28.870 106.578 100.677
v -24.057 106.578 96.005
v -19.464 106.578 95.593
v -15.243 106.578 96.795
v -12.735 106.578 99.230
v -12.735 106.578 102.124
v -15.243 106.578 104.559
v -19.464 106.578 105.761
v -24.057 106.578 105.349
v -27.563 106.578 103.454
v -20.636 109.254 100.677
vt 0.00000 0.20000
vt 0.09091 0.20000
vt 0.04545 0.00000
vt 0.18182 0.20000
vt 0.13636 0.00000
vt 0.27273 0.20000
vt 0.22727 0.00000
vt 0.36364 0.20000
vt 0.31818 0.00000
vt 0.45455 0.20000
vt 0.40909 0.00000
vt 0.54545 0.20000
vt 0.50000 0.00000
vt 0.63636 0.20000
vt 0.59091 0.00000
vt 0.72727 0.20000
vt 0.68182 0.00000
vt 0.81818 0.20000
vt 0.77273 0.00000
vt 0.90909 0.20000
vt 0.86364 0.00000
vt 1.00000 0.20000
vt 0.95455 0.00000
vt 0.09091 0.40000
vt 0.00000 0.40000
vt 0.18182 0.40000
vt 0.27273 0.40000
vt 0.36364 0.40000
vt 0.45455 0.40000
vt 0.54545 0.40000
vt 0.63636 0.40000
vt 0.72727 0.40000
vt 0.81818 0.40000
vt 0.90909 0.40000
vt 1.00000 0.40000
vt 0.09091 0.60000
vt 0.00000 0.60000
vt 0.18182 0.60000
vt 0.27273 0.60000
vt 0.36364 0.60000
vt 0.45455 0.60000
vt 0.54545 0.60000
vt 0.63636 0.60000
vt 0.72727 0.60000
vt 0.81818 0.60000
vt 0.90909 0.60000
vt 1.00000 0.60000
vt 0.09091 0.80000
vt 0.00000 0.80000
vt 0.18182 0.80000
vt 0.27273 0.80000
vt 0.36364 0.80000
vt 0.45455 0.80000
vt 0.54545 0.80000
vt 0.63636 0.80000
vt 0.72727 0.80000
vt 0.81818 0.80000
vt 0.90909 0.80000
vt 1.00000 0.80000
vt 0.04545 1.00000
vt 0.13636 1.00000
vt 0.22727 1.00000
vt 0.31818 1.00000
vt 0.40909 1.00000
vt 0.50000 1.00000
vt 0.59091 1.00000
vt 0.68182 1.00000
vt 0.77273 1.00000
vt 0.86364 1.00000
vt 0.95455 1.00000
vn -0.58779 -0.80902 -0.00000
vn -0.45940 -0.75162 -0.47331
vn -0.00000 -1.00000 -0.00000
vn -0.45940 -0.75162 -0.47331
vn -0.20286 -0.67212 -0.71211
vn -0.00000 -1.00000 -0.00000
vn -0.20286 -0.67212 -0.71211
vn 0.06759 -0.65374 -0.75370
vn -0.00000 -1.00000 -0.00000
vn 0.06759 -0.65374 -0.75370
vn 0.33633 -0.70689 -0.62225
vn -0.00000 -1.00000 -0.00000
vn 0.33633 -0.70689 -0.62225
vn 0.55221 -0.79214 -0.25994
vn -0.00000 -1.00000 -0.00000
vn 0.55221 -0.79214 -0.25994
vn 0.55221 -0.79214 0.25994
vn -0.00000 -1.00000 -0.00000
vn 0.55221 -0.79214 0.25994
vn 0.33633 -0.70689 0.62225
vn -0.00000 -1.00000 -0.00000
vn 0.33633 -0.70689 0.62225
vn 0.06759 -0.65374 0.75370
vn -0.00000 -1.00000 -0.00000
vn 0.06759 -0.65374 0.75370
vn -0.20286 -0.67212 0.71211
vn -0.00000 -1.00000 -0.00000
vn -0.20286 -0.67212 0.71211
vn -0.45940 -0.75162 0.47331
vn -0.00000 -1.00000 -0.00000
vn -0.45940 -0.75162 0.47331
vn -0.58779 -0.80902 -0.00000
vn -0.00000 -1.00000 -0.00000
vn -0.67257 -0.25977 -0.69294
vn -0.45940 -0.75162 -0.47331
vn -0.58779 -0.80902 -0.00000
vn -0.95106 -0.30902 -0.00000
vn -0.26788 -0.20953 -0.94039
vn -0.20286 -0.67212 -0.71211
vn -0.45940 -0.75162 -0.47331
vn -0.67257 -0.25977 -0.69294
vn 0.08752 -0.19983 -0.97591
vn 0.06759 -0.65374 -0.75370
vn -0.20286 -0.67212 -0.71211
vn -0.26788 -0.20953 -0.94039
vn 0.46278 -0.22962 -0.85622
vn 0.33633 -0.70689 -0.62225
vn 0.06759 -0.65374 -0.75370
vn 0.08752 -0.19983 -0.97591
vn 0.86508 -0.29295 -0.40722
vn 0.55221 -0.79214 -0.25994
vn 0.33633 -0.70689 -0.62225
vn 0.46278 -0.22962 -0.85622
vn 0.86508 -0.29295 0.40722
vn 0.55221 -0.79214 0.25994
vn 0.55221 -0.79214 -0.25994
vn 0.86508 -0.29295 -0.40722
vn 0.46278 -0.22962 0.85622
vn 0.33633 -0.70689 0.62225
vn 0.55221 -0.79214 0.25994
vn 0.86508 -0.29295 0.40722
vn 0.08752 -0.19983 0.97591
vn 0.06759 -0.65374 0.75370
vn 0.33633 -0.70689 0.62225
vn 0.46278 -0.22962 0.85622
vn -0.26788 -0.20953 0.94039
vn -0.20286 -0.67212 0.71211
vn 0.06759 -0.65374 0.75370
vn 0.08752 -0.19983 0.97591
vn -0.67257 -0.25977 0.69294
vn -0.45940 -0.75162 0.47331
vn -0.20286 -0.67212 0.71211
vn -0.26788 -0.20953 0.94039
vn -0.95106 -0.30902 -0.00000
vn -0.58779 -0.80902 -0.00000
vn -0.45940 -0.75162 0.47331
vn -0.67257 -0.25977 0.69294
vn -0.67257 0.25977 -0.69294
vn -0.67257 -0.25977 -0.69294
vn -0.95106 -0.30902 -0.00000
vn -0.95106 0.30902 0.00000
vn -0.26788 0.20953 -0.94039
vn -0.26788 -0.20953 -0.94039
vn -0.67257 -0.25977 -0.69294
vn -0.67257 0.25977 -0.69294
vn 0.08752 0.19983 -0.97591
vn 0.08752 -0.19983 -0.97591
vn -0.26788 -0.20953 -0.94039
vn -0.26788 0.20953 -0.94039
vn 0.46278 0.22962 -0.85622
vn 0.46278 -0.22962 -0.85622
vn 0.08752 -0.19983 -0.97591
vn 0.08752 0.19983 -0.97591
vn 0.86508 0.29295 -0.40722
vn 0.86508 -0.29295 -0.40722
vn 0.46278 -0.22962 -0.85622
vn 0.46278 0.22962 -0.85622
vn 0.86508 0.29295 0.40722
vn 0.86508 -0.29295 0.40722
vn 0.86508 -0.29295 -0.40722
vn 0.86508 0.29295 -0.40722
vn 0.46278 0.22962 0.85622
vn 0.46278 -0.22962 0.85622
vn 0.86508 -0.29295 0.40722
vn 0.86508 0.29295 0.40722
vn 0.08752 0.19983 0.97591
vn 0.08752 -0.19983 0.97591
vn 0.46278 -0.22962 0.85622
vn 0.46278 0.22962 0.85622
vn -0.26788 0.20953 0.94039
vn -0.26788 -0.20953 0.94039
vn 0.08752 -0.19983 0.97591
vn 0.08752 0.19983 0.97591
vn -0.67257 0.25977 0.69294
vn -0.67257 -0.25977 0.69294
vn -0.26788 -0.20953 0.94039
vn -0.26788 0.20953 0.94039
vn -0.95106 0.30902 0.00000
vn -0.95106 -0.30902 -0.00000
vn -0.67257 -0.25977 0.69294
vn -0.67257 0.25977 0.69294
vn -0.45940 0.75162 -0.47331
vn -0.67257 0.25977 -0.69294
vn -0.95106 0.30902 0.00000
vn -0.58779 0.80902 0.00000
vn -0.20286 0.67212 -0.71211
vn -0.26788 0.20953 -0.94039
vn -0.67257 0.25977 -0.69294
vn -0.45940 0.75162 -0.47331
vn 0.06759 0.65374 -0.75370
vn 0.08752 0.19983 -0.97591
vn -0.26788 0.20953 -0.94039
vn -0.20286 0.67212 -0.71211
vn 0.33633 0.70689 -0.62225
vn 0.46278 0.22962 -0.85622
vn 0.08752 0.19983 -0.97591
vn 0.06759 0.65374 -0.75370
vn 0.55221 0.79214 -0.25994
vn 0.86508 0.29295 -0.40722
vn 0.46278 0.22962 -0.85622
vn 0.33633 0.70689 -0.62225
vn 0.55221 0.79214 0.25994
vn 0.86508 0.29295 0.40722
vn 0.86508 0.29295 -0.40722
vn 0.55221 0.79214 -0.25994
vn 0.33633 0.70689 0.62225
vn 0.46278 0.22962 0.85622
vn 0.86508 0.29295 0.40722
vn 0.55221 0.79214 0.25994
vn 0.06759 0.65374 0.75370
vn 0.08752 0.19983 0.97591
vn 0.46278 0.22962 0.85622
vn 0.33633 0.70689 0.62225
vn -0.20286 0.67212 0.71211
vn -0.26788 0.20953 0.94039
vn 0.08752 0.19983 0.97591
vn 0.06759 0.65374 0.75370
vn -0.45940 0.75162 0.47331
vn -0.67257 0.25977 0.69294
vn -0.26788 0.20953 0.94039
vn -0.20286 0.67212 0.71211
vn -0.58779 0.80902 0.00000
vn -0.95106 0.30902 0.00000
vn -0.67257 0.25977 0.69294
vn -0.45940 0.75162 0.47331
vn -0.00000 1.00000 0.00000
vn -0.45940 0.75162 -0.47331
vn -0.58779 0.80902 0.00000
vn -0.00000 1.00000 0.00000
vn -0.20286 0.67212 -0.71211
vn -0.45940 0.75162 -0.47331
vn -0.00000 1.00000 0.00000
vn 0.06759 0.65374 -0.75370
vn -0.20286 0.67212 -0.71211
vn -0.00000 1.00000 0.00000
vn 0.33633 0.70689 -0.62225
vn 0.06759 0.65374 -0.75370
vn -0.00000 1.00000 0.00000
vn 0.55221 0.79214 -0.25994
vn 0.33633 0.70689 -0.62225
vn -0.00000 1.00000 0.00000
vn 0.55221 0.79214 0.25994
vn 0.55221 0.79214 -0.25994
vn -0.00000 1.00000 0.00000
vn 0.33633 0.70689 0.62225
vn 0.55221 0.79214 0.25994
vn -0.00000 1.00000 0.00000
vn 0.06759 0.65374 0.75370
vn 0.33633 0.70689 0.62225
vn -0.00000 1.00000 0.00000
vn -0.20286 0.67212 0.71211
vn 0.06759 0.65374 0.75370
vn -0.00000 1.00000 0.00000
vn -0.45940 0.75162 0.47331
vn -0.20286 0.67212 0.71211
vn -0.00000 1.00000 0.00000
vn -0.58779 0.80902 0.00000
vn -0.45940 0.75162 0.47331
f 2111/3641/8569 2112/3642/8570 2113/3643/8571 
f 2112/3642/8572 2114/3644/8573 2113/3645/8574 
f 2114/3644/8575 2115/3646/8576 2113/3647/8577 
f 2115/3646/8578 2116/3648/8579 2113/3649/8580 
f 2116/3648/8581 2117/3650/8582 2113/3651/8583 
f 2117/3650/8584 2118/3652/8585 2113/3653/8586 
f 2118/3652/8587 2119/3654/8588 2113/3655/8589 
f 2119/3654/8590 2120/3656/8591 2113/3657/8592 
f 2120/3656/8593 2121/3658/8594 2113/3659/8595 
f 2121/3658/8596 2122/3660/8597 2113/3661/8598 
f 2122/3660/8599 2111/3662/8600 2113/3663/8601 
f 2123/3664/8602 2112/3642/8603 2111/3641/8604 2124/3665/8605 
f 2125/3666/8606 2114/3644/8607 2112/3642/8608 2123/3664/8609 
f 2126/3667/8610 2115/3646/8611 2114/3644/8612 2125/3666/8613 
f 2127/3668/8614 2116/3648/8615 2115/3646/8616 2126/3667/8617 
f 2128/3669/8618 2117/3650/8619 2116/3648/8620 2127/3668/8621 
f 2129/3670/8622 2118/3652/8623 2117/3650/8624 2128/3669/8625 
f 2130/3671/8626 2119/3654/8627 2118/3652/8628 2129/3670/8629 
f 2131/3672/8630 2120/3656/8631 2119/3654/8632 2130/3671/8633 
f 2132/3673/8634 2121/3658/8635 2120/3656/8636 2131/3672/8637 
f 2133/3674/8638 2122/3660/8639 2121/3658/8640 2132/3673/8641 
f 2124/3675/8642 2111/3662/8643 2122/3660/8644 2133/3674/8645 
f 2134/3676/8646 2123/3664/8647 2124/3665/8648 2135/3677/8649 
f 2136/3678/8650 2125/3666/8651 2123/3664/8652 2134/3676/8653 
f 2137/3679/8654 2126/3667/8655 2125/3666/8656 2136/3678/8657 
f 2138/3680/8658 2127/3668/8659 2126/3667/8660 2137/3679/8661 
f 2139/3681/8662 2128/3669/8663 2127/3668/8664 2138/3680/8665 
f 2140/3682/8666 2129/3670/8667 2128/3669/8668 2139/3681/8669 
f 2141/3683/8670 2130/3671/8671 2129/3670/8672 2140/3682/8673 
f 2142/3684/8674 2131/3672/8675 2130/3671/8676 2141/3683/8677 
f 2143/3685/8678 2132/3673/8679 2131/3672/8680 2142/3684/8681 
f 2144/3686/8682 2133/3674/8683 2132/3673/8684 2143/3685/8685 
f 2135/3687/8686 2124/3675/8687 2133/3674/8688 2144/3686/8689 
f 2145/3688/8690 2134/3676/8691 2135/3677/8692 2146/3689/8693 
f 2147/3690/8694 2136/3678/8695 2134/3676/8696 2145/3688/8697 
f 2148/3691/8698 2137/3679/8699 2136/3678/8700 2147/3690/8701 
f 2149/3692/8702 2138/3680/8703 2137/3679/8704 2148/3691/8705 
f 2150/3693/8706 2139/3681/8707 2138/3680/8708 2149/3692/8709 
f 2151/3694/8710 2140/3682/8711 2139/3681/8712 2150/3693/8713 
f 2152/3695/8714 2141/3683/8715 2140/3682/8716 2151/3694/8717 
f 2153/3696/8718 2142/3684/8719 2141/3683/8720 2152/3695/8721 
f 2154/3697/8722 2143/3685/8723 2142/3684/8724 2153/3696/8725 
f 2155/3698/8726 2144/3686/8727 2143/3685/8728 2154/3697/8729 
f 2146/3699/8730 2135/3687/8731 2144/3686/8732 2155/3698/8733 
f 2156/3700/8734 2145/3688/8735 2146/3689/8736 
f 2156/3701/8737 2147/3690/8738 2145/3688/8739 
f 2156/3702/8740 2148/3691/8741 2147/3690/8742 
f 2156/3703/8743 2149/3692/8744 2148/3691/8745 
f 2156/3704/8746 2150/3693/8747 2149/3692/8748 
f 2156/3705/8749 2151/3694/8750 2150/3693/8751 
f 2156/3706/8752 2152/3695/8753 2151/3694/8754 
f 2156/3707/8755 2153/3696/8756 2152/3695/8757 
f 2156/3708/8758 2154/3697/8759 2153/3696/8760 
f 2156/3709/8761 2155/3698/8762 2154/3697/8763 
f 2156/3710/8764 2146/3699/8765 2155/3698/8766 
o 021_Cone_3
g Cone_3
usemtl Lagoon Glow 5
v 0.020 108.966 38.228
v 10.165 105.954 38.228
v 9.631 103.678 34.932
v 18.895 97.339 38.228
v 17.699 93.236 32.096
v 24.995 84.320 38.228
v 23.219 79.244 30.114
v 32.464 60.353 38.228
v 29.843 54.672 27.687
v 41.388 36.386 38.228
v 37.552 30.326 24.788
v 52.741 12.418 38.228
v 47.023 6.232 21.099
v 67.386 -11.549 38.228
v 58.655 -17.437 16.341
v 75.223 -25.446 38.228
v 64.594 -30.648 13.795
v 78.697 -39.865 38.228
v 67.160 -43.745 12.666
v 76.681 -53.195 38.228
v 65.676 -55.531 13.321
v 8.344 101.507 31.903
v 15.149 89.205 26.460
v 19.689 74.156 22.657
v 24.992 48.844 18.000
v 30.932 23.946 12.437
v 37.920 -0.291 5.358
v 46.174 -23.316 -3.772
v 50.284 -35.619 -8.659
v 52.044 -47.372 -10.825
v 51.026 -57.744 -9.567
v 6.432 99.645 29.387
v 11.543 85.666 21.778
v 14.865 69.621 16.462
v 18.635 43.598 9.952
v 22.779 18.584 2.175
v 27.579 -5.209 -7.720
v 33.143 -27.346 -20.483
v 35.898 -38.885 -27.314
v 37.080 -49.713 -30.341
v 36.396 -59.186 -28.584
v 4.056 98.281 27.587
v 7.210 83.028 18.429
v 9.215 66.206 12.030
v 11.465 39.951 4.195
v 13.916 15.078 -5.166
v 16.725 -8.309 -17.076
v 19.978 -29.733 -32.438
v 21.610 -40.738 -40.659
v 22.319 -51.012 -44.303
v 21.908 -59.997 -42.188
v 1.397 97.560 26.648
v 2.461 81.618 16.683
v 3.130 64.420 9.721
v 3.879 38.131 1.194
v 4.690 13.359 -8.992
v 5.616 -9.786 -21.951
v 6.694 -30.813 -38.667
v 7.242 -41.544 -47.614
v 7.483 -51.565 -51.579
v 7.343 -60.347 -49.277
v -1.356 97.560 26.648
v -2.421 81.618 16.683
v -3.090 64.420 9.721
v -3.839 38.131 1.194
v -4.650 13.359 -8.992
v -5.576 -9.786 -21.951
v -6.654 -30.813 -38.667
v -7.202 -41.544 -47.614
v -7.443 -51.565 -51.579
v -7.303 -60.347 -49.277
v -4.015 98.281 27.587
v -7.169 83.028 18.429
v -9.175 66.206 12.030
v -11.425 39.951 4.195
v -13.876 15.078 -5.166
v -16.685 -8.309 -17.076
v -19.938 -29.733 -32.438
v -21.570 -40.738 -40.659
v -22.280 -51.012 -44.303
v -21.868 -59.997 -42.188
v -6.391 99.645 29.387
v -11.503 85.666 21.778
v -14.825 69.621 16.462
v -18.595 43.598 9.952
v -22.738 18.584 2.175
v -27.539 -5.209 -7.720
v -33.103 -27.346 -20.483
v -35.858 -38.885 -27.314
v -37.041 -49.713 -30.341
v -36.357 -59.186 -28.584
v -8.304 101.507 31.903
v -15.108 89.205 26.460
v -19.649 74.156 22.657
v -24.952 48.844 18.000
v -30.892 23.946 12.437
v -37.880 -0.291 5.358
v -46.134 -23.316 -3.772
v -50.244 -35.619 -8.659
v -52.004 -47.372 -10.825
v -50.987 -57.744 -9.567
v -9.591 103.678 34.932
v -17.659 93.236 32.096
v -23.178 79.244 30.114
v -29.802 54.672 27.687
v -37.511 30.326 24.788
v -46.983 6.232 21.099
v -58.614 -17.437 16.341
v -64.554 -30.648 13.795
v -67.120 -43.745 12.666
v -65.635 -55.531 13.321
v -10.124 105.954 38.228
v -18.854 97.339 38.228
v -24.954 84.320 38.228
v -32.424 60.353 38.228
v -41.347 36.386 38.228
v -52.700 12.418 38.228
v -67.345 -11.549 38.228
v -75.183 -25.446 38.228
v -78.656 -39.865 38.228
v -76.640 -53.195 38.228
v -9.831 108.141 41.524
v -18.490 101.145 44.360
v -24.634 88.917 46.342
v -32.258 65.347 48.769
v -41.504 41.526 51.668
v -53.468 17.433 55.356
v -69.203 -7.050 60.114
v -77.750 -21.595 62.661
v -81.564 -37.033 63.789
v -79.348 -51.476 63.134
v -8.708 110.071 44.552
v -16.507 104.381 49.995
v -22.097 92.719 53.798
v -29.084 69.331 58.455
v -37.610 45.440 64.019
v -48.692 21.009 71.097
v -63.274 -4.139 80.228
v -71.167 -19.247 85.114
v -74.677 -35.354 87.280
v -72.639 -50.440 86.023
v -6.831 111.617 47.069
v -13.024 106.880 54.678
v -17.489 95.570 59.993
v -23.086 72.199 66.504
v -29.920 48.101 74.281
v -38.775 23.226 84.175
v -50.312 -2.613 96.939
v -56.471 -18.164 103.769
v -59.186 -34.632 106.797
v -57.612 -49.975 105.039
v -4.351 112.691 48.869
v -8.331 108.562 58.027
v -11.208 97.438 64.425
v -14.817 74.005 72.261
v -19.215 49.675 81.622
v -24.882 24.394 93.531
v -32.171 -2.018 108.893
v -35.999 -17.872 117.115
v -37.670 -34.490 120.759
v -36.702 -49.863 118.643
v -1.481 113.240 49.807
v -2.854 109.403 59.772
v -3.847 98.355 66.735
v -5.092 74.865 75.261
v -6.607 50.387 85.447
v -8.551 24.864 98.406
v -11.030 -1.872 115.123
v -12.321 -17.862 124.069
v -12.891 -34.490 128.034
v -12.561 -49.862 125.732
v 1.522 113.240 49.807
v 2.895 109.403 59.772
v 3.888 98.355 66.735
v 5.133 74.865 75.261
v 6.648 50.387 85.447
v 8.592 24.864 98.406
v 11.071 -1.872 115.123
v 12.363 -17.862 124.069
v 12.933 -34.490 128.034
v 12.602 -49.862 125.732
v 4.391 112.691 48.869
v 8.372 108.562 58.027
v 11.250 97.438 64.425
v 14.858 74.005 72.261
v 19.257 49.675 81.622
v 24.924 24.394 93.531
v 32.212 -2.018 108.893
v 36.041 -17.872 117.115
v 37.711 -34.490 120.759
v 36.744 -49.863 118.643
v 6.872 111.617 47.069
v 13.065 106.880 54.678
v 17.530 95.570 59.993
v 23.127 72.199 66.504
v 29.961 48.101 74.281
v 38.816 23.226 84.175
v 50.354 -2.613 96.939
v 56.513 -18.164 103.769
v 59.228 -34.632 106.797
v 57.653 -49.975 105.039
v 8.749 110.071 44.552
v 16.548 104.381 49.995
v 22.138 92.719 53.798
v 29.125 69.331 58.455
v 37.651 45.440 64.019
v 48.733 21.009 71.097
v 63.315 -4.139 80.228
v 71.208 -19.247 85.114
v 74.718 -35.354 87.280
v 72.680 -50.440 86.023
v 9.871 108.141 41.524
v 18.531 101.145 44.360
v 24.675 88.917 46.342
v 32.299 65.347 48.769
v 41.545 41.526 51.668
v 53.509 17.433 55.356
v 69.244 -7.050 60.114
v 77.791 -21.595 62.661
v 81.605 -37.033 63.789
v 79.389 -51.476 63.134
v 0.020 -73.334 38.228
v 40.109 -73.428 23.806
v 44.409 -73.334 38.228
v 51.306 -71.236 19.379
v 58.035 -70.919 38.228
v 60.189 -65.003 15.692
v 69.385 -63.947 38.228
v 32.846 -73.529 10.553
v 40.996 -71.566 2.058
v 47.241 -66.046 -5.019
v 24.104 -73.611 -0.458
v 29.662 -71.805 -12.334
v 33.858 -66.753 -22.226
v 14.694 -73.663 -8.335
v 17.941 -71.953 -22.629
v 20.399 -67.168 -34.535
v 4.946 -73.689 -12.440
v 6.017 -72.022 -27.994
v 6.835 -67.354 -40.950
v -4.906 -73.689 -12.440
v -5.978 -72.022 -27.994
v -6.795 -67.354 -40.950
v -14.654 -73.663 -8.335
v -17.901 -71.953 -22.629
v -20.360 -67.168 -34.535
v -24.064 -73.611 -0.458
v -29.623 -71.805 -12.334
v -33.818 -66.753 -22.226
v -32.806 -73.529 10.553
v -40.956 -71.566 2.058
v -47.201 -66.046 -5.019
v -40.069 -73.428 23.806
v -51.265 -71.236 19.379
v -60.149 -65.003 15.692
v -44.368 -73.334 38.228
v -57.994 -70.919 38.228
v -69.345 -63.947 38.228
v -44.666 -73.254 52.649
v -59.119 -70.668 57.076
v -71.376 -63.147 60.764
v -40.535 -73.194 65.902
v -53.932 -70.494 74.398
v -65.283 -62.637 81.475
v -32.262 -73.155 76.913
v -42.940 -70.392 88.789
v -51.887 -62.377 98.681
v -20.718 -73.132 84.790
v -27.528 -70.343 99.084
v -33.154 -62.282 110.991
v -7.124 -73.122 88.895
v -9.454 -70.325 104.449
v -11.362 -62.263 117.405
v 7.165 -73.122 88.895
v 9.496 -70.325 104.449
v 11.403 -62.263 117.405
v 20.760 -73.132 84.790
v 27.570 -70.343 99.084
v 33.196 -62.282 110.991
v 32.303 -73.155 76.913
v 42.981 -70.392 88.789
v 51.928 -62.377 98.681
v 40.576 -73.194 65.902
v 53.973 -70.494 74.398
v 65.324 -62.637 81.475
v 44.707 -73.254 52.649
v 59.160 -70.668 57.076
v 71.417 -63.147 60.764
vt 0.50000 0.50000
vt 0.54090 0.50000
vt 0.53924 0.51152
vt 0.58180 0.50000
vt 0.57849 0.52305
vt 0.62270 0.50000
vt 0.61773 0.53457
vt 0.68960 0.50000
vt 0.68192 0.55342
vt 0.75649 0.50000
vt 0.74610 0.57226
vt 0.82338 0.50000
vt 0.81028 0.59111
vt 0.89027 0.50000
vt 0.87447 0.60995
vt 0.92685 0.50000
vt 0.90956 0.62026
vt 0.96342 0.50000
vt 0.94465 0.63056
vt 1.00000 0.50000
vt 0.97975 0.64087
vt 0.53441 0.52211
vt 0.56882 0.54423
vt 0.60322 0.56634
vt 0.65950 0.60250
vt 0.71577 0.63867
vt 0.77205 0.67483
vt 0.82832 0.71100
vt 0.85909 0.73077
vt 0.88986 0.75055
vt 0.92063 0.77032
vt 0.52678 0.53091
vt 0.55357 0.56182
vt 0.58035 0.59273
vt 0.62416 0.64329
vt 0.66796 0.69384
vt 0.71177 0.74440
vt 0.75558 0.79495
vt 0.77953 0.82259
vt 0.80348 0.85023
vt 0.82743 0.87787
vt 0.51699 0.53720
vt 0.53398 0.57441
vt 0.55097 0.61161
vt 0.57876 0.67246
vt 0.60655 0.73331
vt 0.63434 0.79416
vt 0.66213 0.85501
vt 0.67732 0.88828
vt 0.69251 0.92155
vt 0.70771 0.95482
vt 0.50582 0.54048
vt 0.51164 0.58097
vt 0.51746 0.62145
vt 0.52698 0.68767
vt 0.53650 0.75388
vt 0.54602 0.82009
vt 0.55554 0.88630
vt 0.56075 0.92251
vt 0.56595 0.95871
vt 0.57116 0.99491
vt 0.49418 0.54048
vt 0.48836 0.58097
vt 0.48254 0.62145
vt 0.47302 0.68767
vt 0.46350 0.75388
vt 0.45398 0.82009
vt 0.44446 0.88630
vt 0.43925 0.92251
vt 0.43405 0.95871
vt 0.42884 0.99491
vt 0.48301 0.53720
vt 0.46602 0.57441
vt 0.44903 0.61161
vt 0.42124 0.67246
vt 0.39345 0.73331
vt 0.36566 0.79416
vt 0.33787 0.85501
vt 0.32268 0.88828
vt 0.30749 0.92155
vt 0.29229 0.95482
vt 0.47322 0.53091
vt 0.44643 0.56182
vt 0.41965 0.59273
vt 0.37584 0.64329
vt 0.33204 0.69384
vt 0.28823 0.74440
vt 0.24442 0.79495
vt 0.22047 0.82259
vt 0.19652 0.85023
vt 0.17257 0.87787
vt 0.46559 0.52211
vt 0.43118 0.54423
vt 0.39678 0.56634
vt 0.34050 0.60250
vt 0.28423 0.63867
vt 0.22795 0.67483
vt 0.17168 0.71100
vt 0.14091 0.73077
vt 0.11014 0.75055
vt 0.07937 0.77032
vt 0.46076 0.51152
vt 0.42151 0.52305
vt 0.38227 0.53457
vt 0.31808 0.55342
vt 0.25390 0.57226
vt 0.18972 0.59111
vt 0.12553 0.60995
vt 0.09044 0.62026
vt 0.05535 0.63056
vt 0.02025 0.64087
vt 0.45910 0.50000
vt 0.41820 0.50000
vt 0.37730 0.50000
vt 0.31040 0.50000
vt 0.24351 0.50000
vt 0.17662 0.50000
vt 0.10973 0.50000
vt 0.07315 0.50000
vt 0.03658 0.50000
vt 0.00000 0.50000
vt 0.46076 0.48848
vt 0.42151 0.47695
vt 0.38227 0.46543
vt 0.31808 0.44658
vt 0.25390 0.42774
vt 0.18972 0.40889
vt 0.12553 0.39005
vt 0.09044 0.37974
vt 0.05535 0.36944
vt 0.02025 0.35913
vt 0.46559 0.47789
vt 0.43118 0.45577
vt 0.39678 0.43366
vt 0.34050 0.39750
vt 0.28423 0.36133
vt 0.22795 0.32517
vt 0.17168 0.28900
vt 0.14091 0.26923
vt 0.11014 0.24945
vt 0.07937 0.22968
vt 0.47322 0.46909
vt 0.44643 0.43818
vt 0.41965 0.40727
vt 0.37584 0.35671
vt 0.33204 0.30616
vt 0.28823 0.25560
vt 0.24442 0.20505
vt 0.22047 0.17741
vt 0.19652 0.14977
vt 0.17257 0.12213
vt 0.48301 0.46280
vt 0.46602 0.42559
vt 0.44903 0.38839
vt 0.42124 0.32754
vt 0.39345 0.26669
vt 0.36566 0.20584
vt 0.33787 0.14499
vt 0.32268 0.11172
vt 0.30749 0.07845
vt 0.29229 0.04518
vt 0.49418 0.45952
vt 0.48836 0.41903
vt 0.48254 0.37855
vt 0.47302 0.31233
vt 0.46350 0.24612
vt 0.45398 0.17991
vt 0.44446 0.11370
vt 0.43925 0.07749
vt 0.43405 0.04129
vt 0.42884 0.00509
vt 0.50582 0.45952
vt 0.51164 0.41903
vt 0.51746 0.37855
vt 0.52698 0.31233
vt 0.53650 0.24612
vt 0.54602 0.17991
vt 0.55554 0.11370
vt 0.56075 0.07749
vt 0.56595 0.04129
vt 0.57116 0.00509
vt 0.51699 0.46280
vt 0.53398 0.42559
vt 0.55097 0.38839
vt 0.57876 0.32754
vt 0.60655 0.26669
vt 0.63434 0.20584
vt 0.66213 0.14499
vt 0.67732 0.11172
vt 0.69251 0.07845
vt 0.70771 0.04518
vt 0.52678 0.46909
vt 0.55357 0.43818
vt 0.58035 0.40727
vt 0.62416 0.35671
vt 0.66796 0.30616
vt 0.71177 0.25560
vt 0.75558 0.20505
vt 0.77953 0.17741
vt 0.80348 0.14977
vt 0.82743 0.12213
vt 0.53441 0.47789
vt 0.56882 0.45577
vt 0.60322 0.43366
vt 0.65950 0.39750
vt 0.71577 0.36133
vt 0.77205 0.32517
vt 0.82832 0.28900
vt 0.85909 0.26923
vt 0.88986 0.24945
vt 0.92063 0.22968
vt 0.53924 0.48848
vt 0.57849 0.47695
vt 0.61773 0.46543
vt 0.68192 0.44658
vt 0.74610 0.42774
vt 0.81028 0.40889
vt 0.87447 0.39005
vt 0.90956 0.37974
vt 0.94465 0.36944
vt 0.97975 0.35913
vt 0.50000 0.50000
vt 0.74548 0.57208
vt 0.75584 0.50000
vt 0.82357 0.59501
vt 0.83723 0.50000
vt 0.90166 0.61794
vt 0.91861 0.50000
vt 0.97975 0.64087
vt 1.00000 0.50000
vt 0.71523 0.63832
vt 0.78369 0.68232
vt 0.85216 0.72632
vt 0.92063 0.77032
vt 0.66754 0.69335
vt 0.72084 0.75486
vt 0.77413 0.81637
vt 0.82743 0.87787
vt 0.60628 0.73272
vt 0.64009 0.80675
vt 0.67390 0.88078
vt 0.70771 0.95482
vt 0.53641 0.75324
vt 0.54799 0.83379
vt 0.55957 0.91435
vt 0.57116 0.99491
vt 0.46359 0.75324
vt 0.45201 0.83379
vt 0.44043 0.91435
vt 0.42884 0.99491
vt 0.39372 0.73272
vt 0.35991 0.80675
vt 0.32610 0.88078
vt 0.29229 0.95482
vt 0.33246 0.69335
vt 0.27916 0.75486
vt 0.22587 0.81637
vt 0.17257 0.87787
vt 0.28477 0.63832
vt 0.21631 0.68232
vt 0.14784 0.72632
vt 0.07937 0.77032
vt 0.25452 0.57208
vt 0.17643 0.59501
vt 0.09834 0.61794
vt 0.02025 0.64087
vt 0.24416 0.50000
vt 0.16277 0.50000
vt 0.08139 0.50000
vt 0.00000 0.50000
vt 0.25452 0.42792
vt 0.17643 0.40499
vt 0.09834 0.38206
vt 0.02025 0.35913
vt 0.28477 0.36168
vt 0.21631 0.31768
vt 0.14784 0.27368
vt 0.07937 0.22968
vt 0.33246 0.30665
vt 0.27916 0.24514
vt 0.22587 0.18363
vt 0.17257 0.12213
vt 0.39372 0.26728
vt 0.35991 0.19325
vt 0.32610 0.11922
vt 0.29229 0.04518
vt 0.46359 0.24676
vt 0.45201 0.16621
vt 0.44043 0.08565
vt 0.42884 0.00509
vt 0.53641 0.24676
vt 0.54799 0.16621
vt 0.55957 0.08565
vt 0.57116 0.00509
vt 0.60628 0.26728
vt 0.64009 0.19325
vt 0.67390 0.11922
vt 0.70771 0.04518
vt 0.66754 0.30665
vt 0.72084 0.24514
vt 0.77413 0.18363
vt 0.82743 0.12213
vt 0.71523 0.36168
vt 0.78369 0.31768
vt 0.85216 0.27368
vt 0.92063 0.22968
vt 0.74548 0.42792
vt 0.82357 0.40499
vt 0.90166 0.38206
vt 0.97975 0.35913
vn 0.00000 1.00000 0.00000
vn 0.36678 0.93031 0.00000
vn 0.35243 0.93164 -0.08861
vn 0.36678 0.93031 0.00000
vn 0.68244 0.73094 0.00000
vn 0.65825 0.73480 -0.16361
vn 0.35243 0.93164 -0.08861
vn 0.68244 0.73094 0.00000
vn 0.90297 0.42970 0.00000
vn 0.87479 0.43386 -0.21564
vn 0.65825 0.73480 -0.16361
vn 0.90297 0.42970 0.00000
vn 0.95619 0.29275 0.00000
vn 0.92795 0.29610 -0.22635
vn 0.87479 0.43386 -0.21564
vn 0.95619 0.29275 0.00000
vn 0.95287 0.30336 0.00000
vn 0.92527 0.30701 -0.22277
vn 0.92795 0.29610 -0.22635
vn 0.95287 0.30336 0.00000
vn 0.94603 0.32407 0.00000
vn 0.91924 0.32818 -0.21748
vn 0.92527 0.30701 -0.22277
vn 0.94603 0.32407 0.00000
vn 0.93518 0.35418 0.00000
vn 0.90941 0.35896 -0.21005
vn 0.91924 0.32818 -0.21748
vn 0.93518 0.35418 0.00000
vn 0.99576 0.09194 0.00000
vn 0.97075 0.09341 -0.22120
vn 0.90941 0.35896 -0.21005
vn 0.99576 0.09194 0.00000
vn 0.97912 -0.20329 -0.00000
vn 0.95428 -0.20650 -0.21610
vn 0.97075 0.09341 -0.22120
vn 0.97912 -0.20329 -0.00000
vn 0.86153 -0.50771 -0.00000
vn 0.83657 -0.51381 -0.19013
vn 0.95428 -0.20650 -0.21610
vn 0.00000 1.00000 0.00000
vn 0.35243 0.93164 -0.08861
vn 0.31030 0.93556 -0.16867
vn 0.35243 0.93164 -0.08861
vn 0.65825 0.73480 -0.16361
vn 0.58692 0.74726 -0.31164
vn 0.31030 0.93556 -0.16867
vn 0.65825 0.73480 -0.16361
vn 0.87479 0.43386 -0.21564
vn 0.79251 0.44830 -0.41347
vn 0.58692 0.74726 -0.31164
vn 0.87479 0.43386 -0.21564
vn 0.92795 0.29610 -0.22635
vn 0.84745 0.30842 -0.43210
vn 0.79251 0.44830 -0.41347
vn 0.92795 0.29610 -0.22635
vn 0.92527 0.30701 -0.22277
vn 0.84872 0.32119 -0.42013
vn 0.84745 0.30842 -0.43210
vn 0.92527 0.30701 -0.22277
vn 0.91924 0.32818 -0.21748
vn 0.84740 0.34506 -0.40355
vn 0.84872 0.32119 -0.42013
vn 0.91924 0.32818 -0.21748
vn 0.90941 0.35896 -0.21005
vn 0.84255 0.37932 -0.38240
vn 0.84740 0.34506 -0.40355
vn 0.90941 0.35896 -0.21005
vn 0.97075 0.09341 -0.22120
vn 0.90981 0.09986 -0.40283
vn 0.84255 0.37932 -0.38240
vn 0.97075 0.09341 -0.22120
vn 0.95428 -0.20650 -0.21610
vn 0.89343 -0.22051 -0.39136
vn 0.90981 0.09986 -0.40283
vn 0.95428 -0.20650 -0.21610
vn 0.83657 -0.51381 -0.19013
vn 0.77037 -0.53966 -0.33955
vn 0.89343 -0.22051 -0.39136
vn 0.00000 1.00000 0.00000
vn 0.31030 0.93556 -0.16867
vn 0.24300 0.94120 -0.23470
vn 0.31030 0.93556 -0.16867
vn 0.58692 0.74726 -0.31164
vn 0.46904 0.76715 -0.43759
vn 0.24300 0.94120 -0.23470
vn 0.58692 0.74726 -0.31164
vn 0.79251 0.44830 -0.41347
vn 0.65188 0.47370 -0.59216
vn 0.46904 0.76715 -0.43759
vn 0.79251 0.44830 -0.41347
vn 0.84745 0.30842 -0.43210
vn 0.70935 0.33164 -0.62197
vn 0.65188 0.47370 -0.59216
vn 0.84745 0.30842 -0.43210
vn 0.84872 0.32119 -0.42013
vn 0.71737 0.34876 -0.60312
vn 0.70935 0.33164 -0.62197
vn 0.84872 0.32119 -0.42013
vn 0.84740 0.34506 -0.40355
vn 0.72324 0.37833 -0.57775
vn 0.71737 0.34876 -0.60312
vn 0.84740 0.34506 -0.40355
vn 0.84255 0.37932 -0.38240
vn 0.72565 0.41968 -0.54525
vn 0.72324 0.37833 -0.57775
vn 0.84255 0.37932 -0.38240
vn 0.90981 0.09986 -0.40283
vn 0.80285 0.11320 -0.58533
vn 0.72565 0.41968 -0.54525
vn 0.90981 0.09986 -0.40283
vn 0.89343 -0.22051 -0.39136
vn 0.78599 -0.24920 -0.56579
vn 0.80285 0.11320 -0.58533
vn 0.89343 -0.22051 -0.39136
vn 0.77037 -0.53966 -0.33955
vn 0.65433 -0.58883 -0.47448
vn 0.78599 -0.24920 -0.56579
vn 0.00000 1.00000 0.00000
vn 0.24300 0.94120 -0.23470
vn 0.15507 0.94681 -0.28196
vn 0.24300 0.94120 -0.23470
vn 0.46904 0.76715 -0.43759
vn 0.30601 0.78899 -0.53278
vn 0.15507 0.94681 -0.28196
vn 0.46904 0.76715 -0.43759
vn 0.65188 0.47370 -0.59216
vn 0.44090 0.50506 -0.74197
vn 0.30601 0.78899 -0.53278
vn 0.65188 0.47370 -0.59216
vn 0.70935 0.33164 -0.62197
vn 0.49128 0.36208 -0.79218
vn 0.44090 0.50506 -0.74197
vn 0.70935 0.33164 -0.62197
vn 0.71737 0.34876 -0.60312
vn 0.50349 0.38586 -0.77305
vn 0.49128 0.36208 -0.79218
vn 0.71737 0.34876 -0.60312
vn 0.72324 0.37833 -0.57775
vn 0.51451 0.42427 -0.74517
vn 0.50349 0.38586 -0.77305
vn 0.72324 0.37833 -0.57775
vn 0.72565 0.41968 -0.54525
vn 0.52235 0.47623 -0.70736
vn 0.51451 0.42427 -0.74517
vn 0.72565 0.41968 -0.54525
vn 0.80285 0.11320 -0.58533
vn 0.60070 0.13351 -0.78825
vn 0.52235 0.47623 -0.70736
vn 0.80285 0.11320 -0.58533
vn 0.78599 -0.24920 -0.56579
vn 0.58439 -0.29208 -0.75708
vn 0.60070 0.13351 -0.78825
vn 0.78599 -0.24920 -0.56579
vn 0.65433 -0.58883 -0.47448
vn 0.46050 -0.65327 -0.60099
vn 0.58439 -0.29208 -0.75708
vn 0.00000 1.00000 0.00000
vn 0.15507 0.94681 -0.28196
vn 0.05332 0.95032 -0.30667
vn 0.15507 0.94681 -0.28196
vn 0.30601 0.78899 -0.53278
vn 0.10679 0.80374 -0.58532
vn 0.05332 0.95032 -0.30667
vn 0.30601 0.78899 -0.53278
vn 0.44090 0.50506 -0.74197
vn 0.15805 0.52847 -0.83411
vn 0.10679 0.80374 -0.58532
vn 0.44090 0.50506 -0.74197
vn 0.49128 0.36208 -0.79218
vn 0.17950 0.38616 -0.90480
vn 0.15805 0.52847 -0.83411
vn 0.49128 0.36208 -0.79218
vn 0.50349 0.38586 -0.77305
vn 0.18605 0.41621 -0.89003
vn 0.17950 0.38616 -0.90480
vn 0.50349 0.38586 -0.77305
vn 0.51451 0.42427 -0.74517
vn 0.19235 0.46298 -0.86525
vn 0.18605 0.41621 -0.89003
vn 0.51451 0.42427 -0.74517
vn 0.52235 0.47623 -0.70736
vn 0.19722 0.52484 -0.82804
vn 0.19235 0.46298 -0.86525
vn 0.52235 0.47623 -0.70736
vn 0.60070 0.13351 -0.78825
vn 0.23580 0.15298 -0.95968
vn 0.19722 0.52484 -0.82804
vn 0.60070 0.13351 -0.78825
vn 0.58439 -0.29208 -0.75708
vn 0.22770 -0.33220 -0.91531
vn 0.23580 0.15298 -0.95968
vn 0.58439 -0.29208 -0.75708
vn 0.46050 -0.65327 -0.60099
vn 0.17016 -0.70462 -0.68888
vn 0.22770 -0.33220 -0.91531
vn 0.00000 1.00000 0.00000
vn 0.05332 0.95032 -0.30667
vn -0.05332 0.95032 -0.30667
vn 0.05332 0.95032 -0.30667
vn 0.10679 0.80374 -0.58532
vn -0.10679 0.80374 -0.58532
vn -0.05332 0.95032 -0.30667
vn 0.10679 0.80374 -0.58532
vn 0.15805 0.52847 -0.83411
vn -0.15805 0.52847 -0.83411
vn -0.10679 0.80374 -0.58532
vn 0.15805 0.52847 -0.83411
vn 0.17950 0.38616 -0.90480
vn -0.17950 0.38616 -0.90480
vn -0.15805 0.52847 -0.83411
vn 0.17950 0.38616 -0.90480
vn 0.18605 0.41621 -0.89003
vn -0.18605 0.41621 -0.89003
vn -0.17950 0.38616 -0.90480
vn 0.18605 0.41621 -0.89003
vn 0.19235 0.46298 -0.86525
vn -0.19235 0.46298 -0.86525
vn -0.18605 0.41621 -0.89003
vn 0.19235 0.46298 -0.86525
vn 0.19722 0.52484 -0.82804
vn -0.19722 0.52484 -0.82804
vn -0.19235 0.46298 -0.86525
vn 0.19722 0.52484 -0.82804
vn 0.23580 0.15298 -0.95968
vn -0.23580 0.15298 -0.95968
vn -0.19722 0.52484 -0.82804
vn 0.23580 0.15298 -0.95968
vn 0.22770 -0.33220 -0.91531
vn -0.22770 -0.33220 -0.91531
vn -0.23580 0.15298 -0.95968
vn 0.22770 -0.33220 -0.91531
vn 0.17016 -0.70462 -0.68888
vn -0.17016 -0.70462 -0.68888
vn -0.22770 -0.33220 -0.91531
vn -0.00000 1.00000 0.00000
vn -0.05332 0.95032 -0.30667
vn -0.15507 0.94681 -0.28196
vn -0.05332 0.95032 -0.30667
vn -0.10679 0.80374 -0.58532
vn -0.30601 0.78899 -0.53278
vn -0.15507 0.94681 -0.28196
vn -0.10679 0.80374 -0.58532
vn -0.15805 0.52847 -0.83411
vn -0.44090 0.50506 -0.74197
vn -0.30601 0.78899 -0.53278
vn -0.15805 0.52847 -0.83411
vn -0.17950 0.38616 -0.90480
vn -0.49128 0.36208 -0.79218
vn -0.44090 0.50506 -0.74197
vn -0.17950 0.38616 -0.90480
vn -0.18605 0.41621 -0.89003
vn -0.50349 0.38586 -0.77305
vn -0.49128 0.36208 -0.79218
vn -0.18605 0.41621 -0.89003
vn -0.19235 0.46298 -0.86525
vn -0.51451 0.42427 -0.74517
vn -0.50349 0.38586 -0.77305
vn -0.19235 0.46298 -0.86525
vn -0.19722 0.52484 -0.82804
vn -0.52235 0.47623 -0.70736
vn -0.51451 0.42427 -0.74517
vn -0.19722 0.52484 -0.82804
vn -0.23580 0.15298 -0.95968
vn -0.60070 0.13351 -0.78825
vn -0.52235 0.47623 -0.70736
vn -0.23580 0.15298 -0.95968
vn -0.22770 -0.33220 -0.91531
vn -0.58439 -0.29208 -0.75708
vn -0.60070 0.13351 -0.78825
vn -0.22770 -0.33220 -0.91531
vn -0.17016 -0.70462 -0.68888
vn -0.46050 -0.65327 -0.60099
vn -0.58439 -0.29208 -0.75708
vn -0.00000 1.00000 0.00000
vn -0.15507 0.94681 -0.28196
vn -0.24300 0.94120 -0.23470
vn -0.15507 0.94681 -0.28196
vn -0.30601 0.78899 -0.53278
vn -0.46904 0.76715 -0.43759
vn -0.24300 0.94120 -0.23470
vn -0.30601 0.78899 -0.53278
vn -0.44090 0.50506 -0.74197
vn -0.65188 0.47370 -0.59216
vn -0.46904 0.76715 -0.43759
vn -0.44090 0.50506 -0.74197
vn -0.49128 0.36208 -0.79218
vn -0.70935 0.33164 -0.62197
vn -0.65188 0.47370 -0.59216
vn -0.49128 0.36208 -0.79218
vn -0.50349 0.38586 -0.77305
vn -0.71737 0.34876 -0.60312
vn -0.70935 0.33164 -0.62197
vn -0.50349 0.38586 -0.77305
vn -0.51451 0.42427 -0.74517
vn -0.72324 0.37833 -0.57775
vn -0.71737 0.34876 -0.60312
vn -0.51451 0.42427 -0.74517
vn -0.52235 0.47623 -0.70736
vn -0.72565 0.41968 -0.54525
vn -0.72324 0.37833 -0.57775
vn -0.52235 0.47623 -0.70736
vn -0.60070 0.13351 -0.78825
vn -0.80285 0.11320 -0.58533
vn -0.72565 0.41968 -0.54525
vn -0.60070 0.13351 -0.78825
vn -0.58439 -0.29208 -0.75708
vn -0.78599 -0.24920 -0.56579
vn -0.80285 0.11320 -0.58533
vn -0.58439 -0.29208 -0.75708
vn -0.46050 -0.65327 -0.60099
vn -0.65433 -0.58883 -0.47448
vn -0.78599 -0.24920 -0.56579
vn -0.00000 1.00000 0.00000
vn -0.24300 0.94120 -0.23470
vn -0.31030 0.93556 -0.16867
vn -0.24300 0.94120 -0.23470
vn -0.46904 0.76715 -0.43759
vn -0.58692 0.74726 -0.31164
vn -0.31030 0.93556 -0.16867
vn -0.46904 0.76715 -0.43759
vn -0.65188 0.47370 -0.59216
vn -0.79251 0.44830 -0.41347
vn -0.58692 0.74726 -0.31164
vn -0.65188 0.47370 -0.59216
vn -0.70935 0.33164 -0.62197
vn -0.84745 0.30842 -0.43210
vn -0.79251 0.44830 -0.41347
vn -0.70935 0.33164 -0.62197
vn -0.71737 0.34876 -0.60312
vn -0.84872 0.32119 -0.42013
vn -0.84745 0.30842 -0.43210
vn -0.71737 0.34876 -0.60312
vn -0.72324 0.37833 -0.57775
vn -0.84740 0.34506 -0.40355
vn -0.84872 0.32119 -0.42013
vn -0.72324 0.37833 -0.57775
vn -0.72565 0.41968 -0.54525
vn -0.84255 0.37932 -0.38240
vn -0.84740 0.34506 -0.40355
vn -0.72565 0.41968 -0.54525
vn -0.80285 0.11320 -0.58533
vn -0.90981 0.09986 -0.40283
vn -0.84255 0.37932 -0.38240
vn -0.80285 0.11320 -0.58533
vn -0.78599 -0.24920 -0.56579
vn -0.89343 -0.22051 -0.39136
vn -0.90981 0.09986 -0.40283
vn -0.78599 -0.24920 -0.56579
vn -0.65433 -0.58883 -0.47448
vn -0.77037 -0.53966 -0.33955
vn -0.89343 -0.22051 -0.39136
vn -0.00000 1.00000 0.00000
vn -0.31030 0.93556 -0.16867
vn -0.35243 0.93164 -0.08861
vn -0.31030 0.93556 -0.16867
vn -0.58692 0.74726 -0.31164
vn -0.65825 0.73480 -0.16361
vn -0.35243 0.93164 -0.08861
vn -0.58692 0.74726 -0.31164
vn -0.79251 0.44830 -0.41347
vn -0.87479 0.43386 -0.21564
vn -0.65825 0.73480 -0.16361
vn -0.79251 0.44830 -0.41347
vn -0.84745 0.30842 -0.43210
vn -0.92795 0.29610 -0.22635
vn -0.87479 0.43386 -0.21564
vn -0.84745 0.30842 -0.43210
vn -0.84872 0.32119 -0.42013
vn -0.92527 0.30701 -0.22277
vn -0.92795 0.29610 -0.22635
vn -0.84872 0.32119 -0.42013
vn -0.84740 0.34506 -0.40355
vn -0.91924 0.32818 -0.21748
vn -0.92527 0.30701 -0.22277
vn -0.84740 0.34506 -0.40355
vn -0.84255 0.37932 -0.38240
vn -0.90941 0.35896 -0.21005
vn -0.91924 0.32818 -0.21748
vn -0.84255 0.37932 -0.38240
vn -0.90981 0.09986 -0.40283
vn -0.97075 0.09341 -0.22120
vn -0.90941 0.35896 -0.21005
vn -0.90981 0.09986 -0.40283
vn -0.89343 -0.22051 -0.39136
vn -0.95428 -0.20650 -0.21610
vn -0.97075 0.09341 -0.22120
vn -0.89343 -0.22051 -0.39136
vn -0.77037 -0.53966 -0.33955
vn -0.83657 -0.51381 -0.19013
vn -0.95428 -0.20650 -0.21610
vn -0.00000 1.00000 0.00000
vn -0.35243 0.93164 -0.08861
vn -0.36678 0.93031 0.00000
vn -0.35243 0.93164 -0.08861
vn -0.65825 0.73480 -0.16361
vn -0.68244 0.73094 0.00000
vn -0.36678 0.93031 0.00000
vn -0.65825 0.73480 -0.16361
vn -0.87479 0.43386 -0.21564
vn -0.90297 0.42970 0.00000
vn -0.68244 0.73094 0.00000
vn -0.87479 0.43386 -0.21564
vn -0.92795 0.29610 -0.22635
vn -0.95619 0.29275 -0.00000
vn -0.90297 0.42970 0.00000
vn -0.92795 0.29610 -0.22635
vn -0.92527 0.30701 -0.22277
vn -0.95287 0.30336 -0.00000
vn -0.95619 0.29275 -0.00000
vn -0.92527 0.30701 -0.22277
vn -0.91924 0.32818 -0.21748
vn -0.94603 0.32407 -0.00000
vn -0.95287 0.30336 -0.00000
vn -0.91924 0.32818 -0.21748
vn -0.90941 0.35896 -0.21005
vn -0.93518 0.35418 -0.00000
vn -0.94603 0.32407 -0.00000
vn -0.90941 0.35896 -0.21005
vn -0.97075 0.09341 -0.22120
vn -0.99576 0.09194 -0.00000
vn -0.93518 0.35418 -0.00000
vn -0.97075 0.09341 -0.22120
vn -0.95428 -0.20650 -0.21610
vn -0.97912 -0.20329 -0.00000
vn -0.99576 0.09194 -0.00000
vn -0.95428 -0.20650 -0.21610
vn -0.83657 -0.51381 -0.19013
vn -0.86153 -0.50771 -0.00000
vn -0.97912 -0.20329 -0.00000
vn -0.00000 1.00000 0.00000
vn -0.36678 0.93031 0.00000
vn -0.35236 0.93145 0.09080
vn -0.36678 0.93031 0.00000
vn -0.68244 0.73094 0.00000
vn -0.65741 0.73386 0.17109
vn -0.35236 0.93145 0.09080
vn -0.68244 0.73094 0.00000
vn -0.90297 0.42970 0.00000
vn -0.87217 0.43256 0.22848
vn -0.65741 0.73386 0.17109
vn -0.90297 0.42970 0.00000
vn -0.95619 0.29275 -0.00000
vn -0.92390 0.29481 0.24393
vn -0.87217 0.43256 0.22848
vn -0.95619 0.29275 -0.00000
vn -0.95287 0.30336 -0.00000
vn -0.92016 0.30532 0.24511
vn -0.92390 0.29481 0.24393
vn -0.95287 0.30336 -0.00000
vn -0.94603 0.32407 -0.00000
vn -0.91289 0.32592 0.24578
vn -0.92016 0.30532 0.24511
vn -0.94603 0.32407 -0.00000
vn -0.93518 0.35418 -0.00000
vn -0.90161 0.35589 0.24586
vn -0.91289 0.32592 0.24578
vn -0.93518 0.35418 -0.00000
vn -0.99576 0.09194 -0.00000
vn -0.96022 0.09240 0.26351
vn -0.90161 0.35589 0.24586
vn -0.99576 0.09194 -0.00000
vn -0.97912 -0.20329 -0.00000
vn -0.94384 -0.20424 0.25972
vn -0.96022 0.09240 0.26351
vn -0.97912 -0.20329 -0.00000
vn -0.86153 -0.50771 -0.00000
vn -0.82968 -0.50958 0.22795
vn -0.94384 -0.20424 0.25972
vn -0.00000 1.00000 0.00000
vn -0.35236 0.93145 0.09080
vn -0.30986 0.93424 0.17661
vn -0.35236 0.93145 0.09080
vn -0.65741 0.73386 0.17109
vn -0.58148 0.74034 0.33730
vn -0.30986 0.93424 0.17661
vn -0.65741 0.73386 0.17109
vn -0.87217 0.43256 0.22848
vn -0.77518 0.43849 0.45478
vn -0.58148 0.74034 0.33730
vn -0.87217 0.43256 0.22848
vn -0.92390 0.29481 0.24393
vn -0.82044 0.29859 0.48756
vn -0.77518 0.43849 0.45478
vn -0.92390 0.29481 0.24393
vn -0.92016 0.30532 0.24511
vn -0.81477 0.30835 0.49099
vn -0.82044 0.29859 0.48756
vn -0.92016 0.30532 0.24511
vn -0.91289 0.32592 0.24578
vn -0.80570 0.32808 0.49316
vn -0.81477 0.30835 0.49099
vn -0.91289 0.32592 0.24578
vn -0.90161 0.35589 0.24586
vn -0.79303 0.35702 0.49359
vn -0.80570 0.32808 0.49316
vn -0.90161 0.35589 0.24586
vn -0.96022 0.09240 0.26351
vn -0.84357 0.09258 0.52898
vn -0.79303 0.35702 0.49359
vn -0.96022 0.09240 0.26351
vn -0.94384 -0.20424 0.25972
vn -0.82860 -0.20451 0.52115
vn -0.84357 0.09258 0.52898
vn -0.94384 -0.20424 0.25972
vn -0.82968 -0.50958 0.22795
vn -0.72837 -0.51023 0.45732
vn -0.82860 -0.20451 0.52115
vn -0.00000 1.00000 0.00000
vn -0.30986 0.93424 0.17661
vn -0.24206 0.93755 0.24982
vn -0.30986 0.93424 0.17661
vn -0.58148 0.74034 0.33730
vn -0.45688 0.74727 0.48255
vn -0.24206 0.93755 0.24982
vn -0.58148 0.74034 0.33730
vn -0.77518 0.43849 0.45478
vn -0.61130 0.44422 0.65497
vn -0.45688 0.74727 0.48255
vn -0.77518 0.43849 0.45478
vn -0.82044 0.29859 0.48756
vn -0.64508 0.30159 0.70208
vn -0.61130 0.44422 0.65497
vn -0.82044 0.29859 0.48756
vn -0.81477 0.30835 0.49099
vn -0.63762 0.30998 0.70523
vn -0.64508 0.30159 0.70208
vn -0.81477 0.30835 0.49099
vn -0.80570 0.32808 0.49316
vn -0.62767 0.32833 0.70585
vn -0.63762 0.30998 0.70523
vn -0.80570 0.32808 0.49316
vn -0.79303 0.35702 0.49359
vn -0.61567 0.35607 0.70297
vn -0.62767 0.32833 0.70585
vn -0.79303 0.35702 0.49359
vn -0.84357 0.09258 0.52898
vn -0.65404 0.09222 0.75082
vn -0.61567 0.35607 0.70297
vn -0.84357 0.09258 0.52898
vn -0.82860 -0.20451 0.52115
vn -0.64242 -0.20368 0.73879
vn -0.65404 0.09222 0.75082
vn -0.82860 -0.20451 0.52115
vn -0.72837 -0.51023 0.45732
vn -0.56526 -0.50868 0.64941
vn -0.64242 -0.20368 0.73879
vn -0.00000 1.00000 0.00000
vn -0.24206 0.93755 0.24982
vn -0.15401 0.94036 0.30333
vn -0.24206 0.93755 0.24982
vn -0.45688 0.74727 0.48255
vn -0.29188 0.75255 0.59032
vn -0.15401 0.94036 0.30333
vn -0.45688 0.74727 0.48255
vn -0.61130 0.44422 0.65497
vn -0.39115 0.44807 0.80389
vn -0.29188 0.75255 0.59032
vn -0.61130 0.44422 0.65497
vn -0.64508 0.30159 0.70208
vn -0.41124 0.30309 0.85966
vn -0.39115 0.44807 0.80389
vn -0.64508 0.30159 0.70208
vn -0.63762 0.30998 0.70523
vn -0.40473 0.31018 0.86023
vn -0.41124 0.30309 0.85966
vn -0.63762 0.30998 0.70523
vn -0.62767 0.32833 0.70585
vn -0.39710 0.32746 0.85737
vn -0.40473 0.31018 0.86023
vn -0.62767 0.32833 0.70585
vn -0.61567 0.35607 0.70297
vn -0.38919 0.35482 0.85008
vn -0.39710 0.32746 0.85737
vn -0.61567 0.35607 0.70297
vn -0.65404 0.09222 0.75082
vn -0.41372 0.09195 0.90575
vn -0.38919 0.35482 0.85008
vn -0.65404 0.09222 0.75082
vn -0.64242 -0.20368 0.73879
vn -0.40674 -0.20329 0.89064
vn -0.41372 0.09195 0.90575
vn -0.64242 -0.20368 0.73879
vn -0.56526 -0.50868 0.64941
vn -0.35790 -0.50772 0.78366
vn -0.40674 -0.20329 0.89064
vn -0.00000 1.00000 0.00000
vn -0.15401 0.94036 0.30333
vn -0.05285 0.94194 0.33159
vn -0.15401 0.94036 0.30333
vn -0.29188 0.75255 0.59032
vn -0.10036 0.75530 0.64765
vn -0.05285 0.94194 0.33159
vn -0.29188 0.75255 0.59032
vn -0.39115 0.44807 0.80389
vn -0.13454 0.44986 0.88291
vn -0.10036 0.75530 0.64765
vn -0.39115 0.44807 0.80389
vn -0.41124 0.30309 0.85966
vn -0.14110 0.30356 0.94231
vn -0.13454 0.44986 0.88291
vn -0.41124 0.30309 0.85966
vn -0.40473 0.31018 0.86023
vn -0.13854 0.30992 0.94062
vn -0.14110 0.30356 0.94231
vn -0.40473 0.31018 0.86023
vn -0.39710 0.32746 0.85737
vn -0.13574 0.32674 0.93532
vn -0.13854 0.30992 0.94062
vn -0.39710 0.32746 0.85737
vn -0.38919 0.35482 0.85008
vn -0.13315 0.35433 0.92559
vn -0.13574 0.32674 0.93532
vn -0.38919 0.35482 0.85008
vn -0.41372 0.09195 0.90575
vn -0.14171 0.09194 0.98563
vn -0.13315 0.35433 0.92559
vn -0.41372 0.09195 0.90575
vn -0.40674 -0.20329 0.89064
vn -0.13934 -0.20329 0.96915
vn -0.14171 0.09194 0.98563
vn -0.40674 -0.20329 0.89064
vn -0.35790 -0.50772 0.78366
vn -0.12261 -0.50771 0.85276
vn -0.13934 -0.20329 0.96915
vn -0.00000 1.00000 0.00000
vn -0.05285 0.94194 0.33159
vn 0.05285 0.94194 0.33159
vn -0.05285 0.94194 0.33159
vn -0.10036 0.75530 0.64765
vn 0.10036 0.75530 0.64765
vn 0.05285 0.94194 0.33159
vn -0.10036 0.75530 0.64765
vn -0.13454 0.44986 0.88291
vn 0.13454 0.44986 0.88291
vn 0.10036 0.75530 0.64765
vn -0.13454 0.44986 0.88291
vn -0.14110 0.30356 0.94231
vn 0.14110 0.30356 0.94231
vn 0.13454 0.44986 0.88291
vn -0.14110 0.30356 0.94231
vn -0.13854 0.30992 0.94062
vn 0.13854 0.30992 0.94062
vn 0.14110 0.30356 0.94231
vn -0.13854 0.30992 0.94062
vn -0.13574 0.32674 0.93532
vn 0.13574 0.32674 0.93532
vn 0.13854 0.30992 0.94062
vn -0.13574 0.32674 0.93532
vn -0.13315 0.35433 0.92559
vn 0.13315 0.35433 0.92559
vn 0.13574 0.32674 0.93532
vn -0.13315 0.35433 0.92559
vn -0.14171 0.09194 0.98563
vn 0.14171 0.09194 0.98563
vn 0.13315 0.35433 0.92559
vn -0.14171 0.09194 0.98563
vn -0.13934 -0.20329 0.96915
vn 0.13934 -0.20329 0.96915
vn 0.14171 0.09194 0.98563
vn -0.13934 -0.20329 0.96915
vn -0.12261 -0.50771 0.85276
vn 0.12261 -0.50771 0.85276
vn 0.13934 -0.20329 0.96915
vn 0.00000 1.00000 0.00000
vn 0.05285 0.94194 0.33159
vn 0.15401 0.94036 0.30333
vn 0.05285 0.94194 0.33159
vn 0.10036 0.75530 0.64765
vn 0.29188 0.75255 0.59032
vn 0.15401 0.94036 0.30333
vn 0.10036 0.75530 0.64765
vn 0.13454 0.44986 0.88291
vn 0.39115 0.44807 0.80389
vn 0.29188 0.75255 0.59032
vn 0.13454 0.44986 0.88291
vn 0.14110 0.30356 0.94231
vn 0.41124 0.30309 0.85966
vn 0.39115 0.44807 0.80389
vn 0.14110 0.30356 0.94231
vn 0.13854 0.30992 0.94062
vn 0.40473 0.31018 0.86023
vn 0.41124 0.30309 0.85966
vn 0.13854 0.30992 0.94062
vn 0.13574 0.32674 0.93532
vn 0.39710 0.32746 0.85737
vn 0.40473 0.31018 0.86023
vn 0.13574 0.32674 0.93532
vn 0.13315 0.35433 0.92559
vn 0.38919 0.35482 0.85008
vn 0.39710 0.32746 0.85737
vn 0.13315 0.35433 0.92559
vn 0.14171 0.09194 0.98563
vn 0.41372 0.09195 0.90575
vn 0.38919 0.35482 0.85008
vn 0.14171 0.09194 0.98563
vn 0.13934 -0.20329 0.96915
vn 0.40674 -0.20329 0.89064
vn 0.41372 0.09195 0.90575
vn 0.13934 -0.20329 0.96915
vn 0.12261 -0.50771 0.85276
vn 0.35790 -0.50772 0.78366
vn 0.40674 -0.20329 0.89064
vn 0.00000 1.00000 0.00000
vn 0.15401 0.94036 0.30333
vn 0.24206 0.93755 0.24982
vn 0.15401 0.94036 0.30333
vn 0.29188 0.75255 0.59032
vn 0.45688 0.74727 0.48255
vn 0.24206 0.93755 0.24982
vn 0.29188 0.75255 0.59032
vn 0.39115 0.44807 0.80389
vn 0.61130 0.44422 0.65497
vn 0.45688 0.74727 0.48255
vn 0.39115 0.44807 0.80389
vn 0.41124 0.30309 0.85966
vn 0.64508 0.30159 0.70208
vn 0.61130 0.44422 0.65497
vn 0.41124 0.30309 0.85966
vn 0.40473 0.31018 0.86023
vn 0.63762 0.30998 0.70523
vn 0.64508 0.30159 0.70208
vn 0.40473 0.31018 0.86023
vn 0.39710 0.32746 0.85737
vn 0.62767 0.32833 0.70585
vn 0.63762 0.30998 0.70523
vn 0.39710 0.32746 0.85737
vn 0.38919 0.35482 0.85008
vn 0.61567 0.35607 0.70297
vn 0.62767 0.32833 0.70585
vn 0.38919 0.35482 0.85008
vn 0.41372 0.09195 0.90575
vn 0.65404 0.09222 0.75082
vn 0.61567 0.35607 0.70297
vn 0.41372 0.09195 0.90575
vn 0.40674 -0.20329 0.89064
vn 0.64242 -0.20368 0.73879
vn 0.65404 0.09222 0.75082
vn 0.40674 -0.20329 0.89064
vn 0.35790 -0.50772 0.78366
vn 0.56526 -0.50868 0.64941
vn 0.64242 -0.20368 0.73879
vn 0.00000 1.00000 0.00000
vn 0.24206 0.93755 0.24982
vn 0.30986 0.93424 0.17661
vn 0.24206 0.93755 0.24982
vn 0.45688 0.74727 0.48255
vn 0.58148 0.74034 0.33730
vn 0.30986 0.93424 0.17661
vn 0.45688 0.74727 0.48255
vn 0.61130 0.44422 0.65497
vn 0.77518 0.43849 0.45478
vn 0.58148 0.74034 0.33730
vn 0.61130 0.44422 0.65497
vn 0.64508 0.30159 0.70208
vn 0.82044 0.29859 0.48756
vn 0.77518 0.43849 0.45478
vn 0.64508 0.30159 0.70208
vn 0.63762 0.30998 0.70523
vn 0.81477 0.30835 0.49099
vn 0.82044 0.29859 0.48756
vn 0.63762 0.30998 0.70523
vn 0.62767 0.32833 0.70585
vn 0.80570 0.32808 0.49316
vn 0.81477 0.30835 0.49099
vn 0.62767 0.32833 0.70585
vn 0.61567 0.35607 0.70297
vn 0.79303 0.35702 0.49359
vn 0.80570 0.32808 0.49316
vn 0.61567 0.35607 0.70297
vn 0.65404 0.09222 0.75082
vn 0.84357 0.09258 0.52898
vn 0.79303 0.35702 0.49359
vn 0.65404 0.09222 0.75082
vn 0.64242 -0.20368 0.73879
vn 0.82860 -0.20451 0.52115
vn 0.84357 0.09258 0.52898
vn 0.64242 -0.20368 0.73879
vn 0.56526 -0.50868 0.64941
vn 0.72837 -0.51023 0.45732
vn 0.82860 -0.20451 0.52115
vn 0.00000 1.00000 0.00000
vn 0.30986 0.93424 0.17661
vn 0.35236 0.93145 0.09080
vn 0.30986 0.93424 0.17661
vn 0.58148 0.74034 0.33730
vn 0.65741 0.73386 0.17109
vn 0.35236 0.93145 0.09080
vn 0.58148 0.74034 0.33730
vn 0.77518 0.43849 0.45478
vn 0.87217 0.43256 0.22848
vn 0.65741 0.73386 0.17109
vn 0.77518 0.43849 0.45478
vn 0.82044 0.29859 0.48756
vn 0.92390 0.29481 0.24393
vn 0.87217 0.43256 0.22848
vn 0.82044 0.29859 0.48756
vn 0.81477 0.30835 0.49099
vn 0.92016 0.30532 0.24511
vn 0.92390 0.29481 0.24393
vn 0.81477 0.30835 0.49099
vn 0.80570 0.32808 0.49316
vn 0.91289 0.32592 0.24578
vn 0.92016 0.30532 0.24511
vn 0.80570 0.32808 0.49316
vn 0.79303 0.35702 0.49359
vn 0.90161 0.35589 0.24586
vn 0.91289 0.32592 0.24578
vn 0.79303 0.35702 0.49359
vn 0.84357 0.09258 0.52898
vn 0.96022 0.09240 0.26351
vn 0.90161 0.35589 0.24586
vn 0.84357 0.09258 0.52898
vn 0.82860 -0.20451 0.52115
vn 0.94384 -0.20424 0.25972
vn 0.96022 0.09240 0.26351
vn 0.82860 -0.20451 0.52115
vn 0.72837 -0.51023 0.45732
vn 0.82968 -0.50958 0.22795
vn 0.94384 -0.20424 0.25972
vn 0.00000 1.00000 0.00000
vn 0.35236 0.93145 0.09080
vn 0.36678 0.93031 0.00000
vn 0.35236 0.93145 0.09080
vn 0.65741 0.73386 0.17109
vn 0.68244 0.73094 0.00000
vn 0.36678 0.93031 0.00000
vn 0.65741 0.73386 0.17109
vn 0.87217 0.43256 0.22848
vn 0.90297 0.42970 0.00000
vn 0.68244 0.73094 0.00000
vn 0.87217 0.43256 0.22848
vn 0.92390 0.29481 0.24393
vn 0.95619 0.29275 0.00000
vn 0.90297 0.42970 0.00000
vn 0.92390 0.29481 0.24393
vn 0.92016 0.30532 0.24511
vn 0.95287 0.30336 0.00000
vn 0.95619 0.29275 0.00000
vn 0.92016 0.30532 0.24511
vn 0.91289 0.32592 0.24578
vn 0.94603 0.32407 0.00000
vn 0.95287 0.30336 0.00000
vn 0.91289 0.32592 0.24578
vn 0.90161 0.35589 0.24586
vn 0.93518 0.35418 0.00000
vn 0.94603 0.32407 0.00000
vn 0.90161 0.35589 0.24586
vn 0.96022 0.09240 0.26351
vn 0.99576 0.09194 0.00000
vn 0.93518 0.35418 0.00000
vn 0.96022 0.09240 0.26351
vn 0.94384 -0.20424 0.25972
vn 0.97912 -0.20329 -0.00000
vn 0.99576 0.09194 0.00000
vn 0.94384 -0.20424 0.25972
vn 0.82968 -0.50958 0.22795
vn 0.86153 -0.50771 -0.00000
vn 0.97912 -0.20329 -0.00000
vn 0.00000 -1.00000 -0.00000
vn 0.00000 -1.00000 -0.00000
vn 0.00000 -1.00000 -0.00000
vn 0.00000 -1.00000 -0.00000
vn 0.00000 -1.00000 -0.00000
vn 0.32567 -0.94239 -0.07640
vn 0.33886 -0.94084 -0.00000
vn 0.33886 -0.94084 -0.00000
vn 0.32567 -0.94239 -0.07640
vn 0.61711 -0.77394 -0.14205
vn 0.63914 -0.76909 -0.00000
vn 0.63914 -0.76909 -0.00000
vn 0.61711 -0.77394 -0.14205
vn 0.83657 -0.51381 -0.19013
vn 0.86153 -0.50771 -0.00000
vn 0.00000 -1.00000 -0.00000
vn 0.00000 -1.00000 -0.00000
vn 0.00000 -1.00000 -0.00000
vn 0.00000 -1.00000 -0.00000
vn 0.00000 -1.00000 -0.00000
vn 0.28734 -0.94835 -0.13444
vn 0.32567 -0.94239 -0.07640
vn 0.32567 -0.94239 -0.07640
vn 0.28734 -0.94835 -0.13444
vn 0.55475 -0.79352 -0.25017
vn 0.61711 -0.77394 -0.14205
vn 0.61711 -0.77394 -0.14205
vn 0.55475 -0.79352 -0.25017
vn 0.77037 -0.53966 -0.33955
vn 0.83657 -0.51381 -0.19013
vn 0.00000 -1.00000 -0.00000
vn 0.00000 -1.00000 -0.00000
vn 0.00000 -1.00000 -0.00000
vn 0.00000 -1.00000 -0.00000
vn 0.00000 -1.00000 -0.00000
vn 0.22596 -0.95803 -0.17643
vn 0.28734 -0.94835 -0.13444
vn 0.28734 -0.94835 -0.13444
vn 0.22596 -0.95803 -0.17643
vn 0.45027 -0.82739 -0.33567
vn 0.55475 -0.79352 -0.25017
vn 0.55475 -0.79352 -0.25017
vn 0.45027 -0.82739 -0.33567
vn 0.65433 -0.58883 -0.47448
vn 0.77037 -0.53966 -0.33955
vn 0.00000 -1.00000 -0.00000
vn 0.00000 -1.00000 -0.00000
vn 0.00000 -1.00000 -0.00000
vn 0.00000 -1.00000 -0.00000
vn 0.00000 -1.00000 -0.00000
vn 0.14484 -0.96809 -0.20451
vn 0.22596 -0.95803 -0.17643
vn 0.22596 -0.95803 -0.17643
vn 0.14484 -0.96809 -0.20451
vn 0.29888 -0.86577 -0.40138
vn 0.45027 -0.82739 -0.33567
vn 0.45027 -0.82739 -0.33567
vn 0.29888 -0.86577 -0.40138
vn 0.46050 -0.65327 -0.60099
vn 0.65433 -0.58883 -0.47448
vn 0.00000 -1.00000 -0.00000
vn 0.00000 -1.00000 -0.00000
vn 0.00000 -1.00000 -0.00000
vn 0.00000 -1.00000 -0.00000
vn 0.00000 -1.00000 -0.00000
vn 0.04995 -0.97448 -0.21884
vn 0.14484 -0.96809 -0.20451
vn 0.14484 -0.96809 -0.20451
vn 0.04995 -0.97448 -0.21884
vn 0.10551 -0.89212 -0.43931
vn 0.29888 -0.86577 -0.40138
vn 0.29888 -0.86577 -0.40138
vn 0.10551 -0.89212 -0.43931
vn 0.17016 -0.70462 -0.68888
vn 0.46050 -0.65327 -0.60099
vn 0.00000 -1.00000 -0.00000
vn -0.00000 -1.00000 -0.00000
vn 0.00000 -1.00000 -0.00000
vn 0.00000 -1.00000 -0.00000
vn -0.00000 -1.00000 -0.00000
vn -0.04995 -0.97448 -0.21884
vn 0.04995 -0.97448 -0.21884
vn 0.04995 -0.97448 -0.21884
vn -0.04995 -0.97448 -0.21884
vn -0.10551 -0.89212 -0.43931
vn 0.10551 -0.89212 -0.43931
vn 0.10551 -0.89212 -0.43931
vn -0.10551 -0.89212 -0.43931
vn -0.17016 -0.70462 -0.68888
vn 0.17016 -0.70462 -0.68888
vn 0.00000 -1.00000 -0.00000
vn -0.00000 -1.00000 -0.00000
vn -0.00000 -1.00000 -0.00000
vn -0.00000 -1.00000 -0.00000
vn -0.00000 -1.00000 -0.00000
vn -0.14484 -0.96809 -0.20451
vn -0.04995 -0.97448 -0.21884
vn -0.04995 -0.97448 -0.21884
vn -0.14484 -0.96809 -0.20451
vn -0.29888 -0.86577 -0.40138
vn -0.10551 -0.89212 -0.43931
vn -0.10551 -0.89212 -0.43931
vn -0.29888 -0.86577 -0.40138
vn -0.46050 -0.65327 -0.60099
vn -0.17016 -0.70462 -0.68888
vn 0.00000 -1.00000 -0.00000
vn -0.00000 -1.00000 -0.00000
vn -0.00000 -1.00000 -0.00000
vn -0.00000 -1.00000 -0.00000
vn -0.00000 -1.00000 -0.00000
vn -0.22596 -0.95803 -0.17643
vn -0.14484 -0.96809 -0.20451
vn -0.14484 -0.96809 -0.20451
vn -0.22596 -0.95803 -0.17643
vn -0.45027 -0.82739 -0.33567
vn -0.29888 -0.86577 -0.40138
vn -0.29888 -0.86577 -0.40138
vn -0.45027 -0.82739 -0.33567
vn -0.65433 -0.58883 -0.47448
vn -0.46050 -0.65327 -0.60099
vn 0.00000 -1.00000 -0.00000
vn -0.00000 -1.00000 -0.00000
vn -0.00000 -1.00000 -0.00000
vn -0.00000 -1.00000 -0.00000
vn -0.00000 -1.00000 -0.00000
vn -0.28734 -0.94835 -0.13444
vn -0.22596 -0.95803 -0.17643
vn -0.22596 -0.95803 -0.17643
vn -0.28734 -0.94835 -0.13444
vn -0.55475 -0.79352 -0.25017
vn -0.45027 -0.82739 -0.33567
vn -0.45027 -0.82739 -0.33567
vn -0.55475 -0.79352 -0.25017
vn -0.77037 -0.53966 -0.33955
vn -0.65433 -0.58883 -0.47448
vn 0.00000 -1.00000 -0.00000
vn -0.00000 -1.00000 -0.00000
vn -0.00000 -1.00000 -0.00000
vn -0.00000 -1.00000 -0.00000
vn -0.00000 -1.00000 -0.00000
vn -0.32567 -0.94239 -0.07640
vn -0.28734 -0.94835 -0.13444
vn -0.28734 -0.94835 -0.13444
vn -0.32567 -0.94239 -0.07640
vn -0.61711 -0.77394 -0.14205
vn -0.55475 -0.79352 -0.25017
vn -0.55475 -0.79352 -0.25017
vn -0.61711 -0.77394 -0.14205
vn -0.83657 -0.51381 -0.19013
vn -0.77037 -0.53966 -0.33955
vn 0.00000 -1.00000 -0.00000
vn -0.00000 -1.00000 -0.00000
vn -0.00000 -1.00000 -0.00000
vn -0.00000 -1.00000 -0.00000
vn -0.00000 -1.00000 -0.00000
vn -0.33886 -0.94084 -0.00000
vn -0.32567 -0.94239 -0.07640
vn -0.32567 -0.94239 -0.07640
vn -0.33886 -0.94084 -0.00000
vn -0.63914 -0.76909 -0.00000
vn -0.61711 -0.77394 -0.14205
vn -0.61711 -0.77394 -0.14205
vn -0.63914 -0.76909 -0.00000
vn -0.86153 -0.50771 -0.00000
vn -0.83657 -0.51381 -0.19013
vn 0.00000 -1.00000 -0.00000
vn -0.00000 -1.00000 -0.00000
vn -0.00000 -1.00000 -0.00000
vn -0.00000 -1.00000 -0.00000
vn -0.00000 -1.00000 -0.00000
vn -0.32536 -0.94149 0.08801
vn -0.33886 -0.94084 -0.00000
vn -0.33886 -0.94084 -0.00000
vn -0.32536 -0.94149 0.08801
vn -0.61459 -0.77078 0.16787
vn -0.63914 -0.76909 -0.00000
vn -0.63914 -0.76909 -0.00000
vn -0.61459 -0.77078 0.16787
vn -0.82968 -0.50958 0.22795
vn -0.86153 -0.50771 -0.00000
vn 0.00000 -1.00000 -0.00000
vn -0.00000 -1.00000 -0.00000
vn -0.00000 -1.00000 -0.00000
vn -0.00000 -1.00000 -0.00000
vn -0.00000 -1.00000 -0.00000
vn -0.28546 -0.94212 0.17586
vn -0.32536 -0.94149 0.08801
vn -0.32536 -0.94149 0.08801
vn -0.28546 -0.94212 0.17586
vn -0.53956 -0.77178 0.33650
vn -0.61459 -0.77078 0.16787
vn -0.61459 -0.77078 0.16787
vn -0.53956 -0.77178 0.33650
vn -0.72837 -0.51023 0.45732
vn -0.82968 -0.50958 0.22795
vn 0.00000 -1.00000 -0.00000
vn -0.00000 -1.00000 -0.00000
vn -0.00000 -1.00000 -0.00000
vn -0.00000 -1.00000 -0.00000
vn -0.00000 -1.00000 -0.00000
vn -0.22219 -0.94203 0.25144
vn -0.28546 -0.94212 0.17586
vn -0.28546 -0.94212 0.17586
vn -0.22219 -0.94203 0.25144
vn -0.41943 -0.77072 0.47965
vn -0.53956 -0.77178 0.33650
vn -0.53956 -0.77178 0.33650
vn -0.41943 -0.77072 0.47965
vn -0.56526 -0.50868 0.64941
vn -0.72837 -0.51023 0.45732
vn 0.00000 -1.00000 -0.00000
vn -0.00000 -1.00000 -0.00000
vn -0.00000 -1.00000 -0.00000
vn -0.00000 -1.00000 -0.00000
vn -0.00000 -1.00000 -0.00000
vn -0.14088 -0.94162 0.30579
vn -0.22219 -0.94203 0.25144
vn -0.22219 -0.94203 0.25144
vn -0.14088 -0.94162 0.30579
vn -0.26565 -0.76952 0.58075
vn -0.41943 -0.77072 0.47965
vn -0.41943 -0.77072 0.47965
vn -0.26565 -0.76952 0.58075
vn -0.35790 -0.50772 0.78366
vn -0.56526 -0.50868 0.64941
vn 0.00000 -1.00000 -0.00000
vn -0.00000 -1.00000 -0.00000
vn -0.00000 -1.00000 -0.00000
vn -0.00000 -1.00000 -0.00000
vn -0.00000 -1.00000 -0.00000
vn -0.04825 -0.94135 0.33396
vn -0.14088 -0.94162 0.30579
vn -0.14088 -0.94162 0.30579
vn -0.04825 -0.94135 0.33396
vn -0.09096 -0.76914 0.63258
vn -0.26565 -0.76952 0.58075
vn -0.26565 -0.76952 0.58075
vn -0.09096 -0.76914 0.63258
vn -0.12261 -0.50771 0.85276
vn -0.35790 -0.50772 0.78366
vn 0.00000 -1.00000 -0.00000
vn 0.00000 -1.00000 -0.00000
vn -0.00000 -1.00000 -0.00000
vn -0.00000 -1.00000 -0.00000
vn 0.00000 -1.00000 -0.00000
vn 0.04825 -0.94135 0.33396
vn -0.04825 -0.94135 0.33396
vn -0.04825 -0.94135 0.33396
vn 0.04825 -0.94135 0.33396
vn 0.09096 -0.76914 0.63258
vn -0.09096 -0.76914 0.63258
vn -0.09096 -0.76914 0.63258
vn 0.09096 -0.76914 0.63258
vn 0.12261 -0.50771 0.85276
vn -0.12261 -0.50771 0.85276
vn 0.00000 -1.00000 -0.00000
vn 0.00000 -1.00000 -0.00000
vn 0.00000 -1.00000 -0.00000
vn 0.00000 -1.00000 -0.00000
vn 0.00000 -1.00000 -0.00000
vn 0.14088 -0.94162 0.30579
vn 0.04825 -0.94135 0.33396
vn 0.04825 -0.94135 0.33396
vn 0.14088 -0.94162 0.30579
vn 0.26565 -0.76952 0.58075
vn 0.09096 -0.76914 0.63258
vn 0.09096 -0.76914 0.63258
vn 0.26565 -0.76952 0.58075
vn 0.35790 -0.50772 0.78366
vn 0.12261 -0.50771 0.85276
vn 0.00000 -1.00000 -0.00000
vn 0.00000 -1.00000 -0.00000
vn 0.00000 -1.00000 -0.00000
vn 0.00000 -1.00000 -0.00000
vn 0.00000 -1.00000 -0.00000
vn 0.22219 -0.94203 0.25144
vn 0.14088 -0.94162 0.30579
vn 0.14088 -0.94162 0.30579
vn 0.22219 -0.94203 0.25144
vn 0.41943 -0.77072 0.47965
vn 0.26565 -0.76952 0.58075
vn 0.26565 -0.76952 0.58075
vn 0.41943 -0.77072 0.47965
vn 0.56526 -0.50868 0.64941
vn 0.35790 -0.50772 0.78366
vn 0.00000 -1.00000 -0.00000
vn 0.00000 -1.00000 -0.00000
vn 0.00000 -1.00000 -0.00000
vn 0.00000 -1.00000 -0.00000
vn 0.00000 -1.00000 -0.00000
vn 0.28546 -0.94212 0.17586
vn 0.22219 -0.94203 0.25144
vn 0.22219 -0.94203 0.25144
vn 0.28546 -0.94212 0.17586
vn 0.53956 -0.77178 0.33650
vn 0.41943 -0.77072 0.47965
vn 0.41943 -0.77072 0.47965
vn 0.53956 -0.77178 0.33650
vn 0.72837 -0.51023 0.45732
vn 0.56526 -0.50868 0.64941
vn 0.00000 -1.00000 -0.00000
vn 0.00000 -1.00000 -0.00000
vn 0.00000 -1.00000 -0.00000
vn 0.00000 -1.00000 -0.00000
vn 0.00000 -1.00000 -0.00000
vn 0.32536 -0.94149 0.08801
vn 0.28546 -0.94212 0.17586
vn 0.28546 -0.94212 0.17586
vn 0.32536 -0.94149 0.08801
vn 0.61459 -0.77078 0.16787
vn 0.53956 -0.77178 0.33650
vn 0.53956 -0.77178 0.33650
vn 0.61459 -0.77078 0.16787
vn 0.82968 -0.50958 0.22795
vn 0.72837 -0.51023 0.45732
vn 0.00000 -1.00000 -0.00000
vn 0.00000 -1.00000 -0.00000
vn 0.00000 -1.00000 -0.00000
vn 0.00000 -1.00000 -0.00000
vn 0.00000 -1.00000 -0.00000
vn 0.33886 -0.94084 -0.00000
vn 0.32536 -0.94149 0.08801
vn 0.32536 -0.94149 0.08801
vn 0.33886 -0.94084 -0.00000
vn 0.63914 -0.76909 -0.00000
vn 0.61459 -0.77078 0.16787
vn 0.61459 -0.77078 0.16787
vn 0.63914 -0.76909 -0.00000
vn 0.86153 -0.50771 -0.00000
vn 0.82968 -0.50958 0.22795
f 2157/3711/8767 2158/3712/8768 2159/3713/8769 
f 2158/3712/8770 2160/3714/8771 2161/3715/8772 2159/3713/8773 
f 2160/3714/8774 2162/3716/8775 2163/3717/8776 2161/3715/8777 
f 2162/3716/8778 2164/3718/8779 2165/3719/8780 2163/3717/8781 
f 2164/3718/8782 2166/3720/8783 2167/3721/8784 2165/3719/8785 
f 2166/3720/8786 2168/3722/8787 2169/3723/8788 2167/3721/8789 
f 2168/3722/8790 2170/3724/8791 2171/3725/8792 2169/3723/8793 
f 2170/3724/8794 2172/3726/8795 2173/3727/8796 2171/3725/8797 
f 2172/3726/8798 2174/3728/8799 2175/3729/8800 2173/3727/8801 
f 2174/3728/8802 2176/3730/8803 2177/3731/8804 2175/3729/8805 
f 2157/3711/8806 2159/3713/8807 2178/3732/8808 
f 2159/3713/8809 2161/3715/8810 2179/3733/8811 2178/3732/8812 
f 2161/3715/8813 2163/3717/8814 2180/3734/8815 2179/3733/8816 
f 2163/3717/8817 2165/3719/8818 2181/3735/8819 2180/3734/8820 
f 2165/3719/8821 2167/3721/8822 2182/3736/8823 2181/3735/8824 
f 2167/3721/8825 2169/3723/8826 2183/3737/8827 2182/3736/8828 
f 2169/3723/8829 2171/3725/8830 2184/3738/8831 2183/3737/8832 
f 2171/3725/8833 2173/3727/8834 2185/3739/8835 2184/3738/8836 
f 2173/3727/8837 2175/3729/8838 2186/3740/8839 2185/3739/8840 
f 2175/3729/8841 2177/3731/8842 2187/3741/8843 2186/3740/8844 
f 2157/3711/8845 2178/3732/8846 2188/3742/8847 
f 2178/3732/8848 2179/3733/8849 2189/3743/8850 2188/3742/8851 
f 2179/3733/8852 2180/3734/8853 2190/3744/8854 2189/3743/8855 
f 2180/3734/8856 2181/3735/8857 2191/3745/8858 2190/3744/8859 
f 2181/3735/8860 2182/3736/8861 2192/3746/8862 2191/3745/8863 
f 2182/3736/8864 2183/3737/8865 2193/3747/8866 2192/3746/8867 
f 2183/3737/8868 2184/3738/8869 2194/3748/8870 2193/3747/8871 
f 2184/3738/8872 2185/3739/8873 2195/3749/8874 2194/3748/8875 
f 2185/3739/8876 2186/3740/8877 2196/3750/8878 2195/3749/8879 
f 2186/3740/8880 2187/3741/8881 2197/3751/8882 2196/3750/8883 
f 2157/3711/8884 2188/3742/8885 2198/3752/8886 
f 2188/3742/8887 2189/3743/8888 2199/3753/8889 2198/3752/8890 
f 2189/3743/8891 2190/3744/8892 2200/3754/8893 2199/3753/8894 
f 2190/3744/8895 2191/3745/8896 2201/3755/8897 2200/3754/8898 
f 2191/3745/8899 2192/3746/8900 2202/3756/8901 2201/3755/8902 
f 2192/3746/8903 2193/3747/8904 2203/3757/8905 2202/3756/8906 
f 2193/3747/8907 2194/3748/8908 2204/3758/8909 2203/3757/8910 
f 2194/3748/8911 2195/3749/8912 2205/3759/8913 2204/3758/8914 
f 2195/3749/8915 2196/3750/8916 2206/3760/8917 2205/3759/8918 
f 2196/3750/8919 2197/3751/8920 2207/3761/8921 2206/3760/8922 
f 2157/3711/8923 2198/3752/8924 2208/3762/8925 
f 2198/3752/8926 2199/3753/8927 2209/3763/8928 2208/3762/8929 
f 2199/3753/8930 2200/3754/8931 2210/3764/8932 2209/3763/8933 
f 2200/3754/8934 2201/3755/8935 2211/3765/8936 2210/3764/8937 
f 2201/3755/8938 2202/3756/8939 2212/3766/8940 2211/3765/8941 
f 2202/3756/8942 2203/3757/8943 2213/3767/8944 2212/3766/8945 
f 2203/3757/8946 2204/3758/8947 2214/3768/8948 2213/3767/8949 
f 2204/3758/8950 2205/3759/8951 2215/3769/8952 2214/3768/8953 
f 2205/3759/8954 2206/3760/8955 2216/3770/8956 2215/3769/8957 
f 2206/3760/8958 2207/3761/8959 2217/3771/8960 2216/3770/8961 
f 2157/3711/8962 2208/3762/8963 2218/3772/8964 
f 2208/3762/8965 2209/3763/8966 2219/3773/8967 2218/3772/8968 
f 2209/3763/8969 2210/3764/8970 2220/3774/8971 2219/3773/8972 
f 2210/3764/8973 2211/3765/8974 2221/3775/8975 2220/3774/8976 
f 2211/3765/8977 2212/3766/8978 2222/3776/8979 2221/3775/8980 
f 2212/3766/8981 2213/3767/8982 2223/3777/8983 2222/3776/8984 
f 2213/3767/8985 2214/3768/8986 2224/3778/8987 2223/3777/8988 
f 2214/3768/8989 2215/3769/8990 2225/3779/8991 2224/3778/8992 
f 2215/3769/8993 2216/3770/8994 2226/3780/8995 2225/3779/8996 
f 2216/3770/8997 2217/3771/8998 2227/3781/8999 2226/3780/9000 
f 2157/3711/9001 2218/3772/9002 2228/3782/9003 
f 2218/3772/9004 2219/3773/9005 2229/3783/9006 2228/3782/9007 
f 2219/3773/9008 2220/3774/9009 2230/3784/9010 2229/3783/9011 
f 2220/3774/9012 2221/3775/9013 2231/3785/9014 2230/3784/9015 
f 2221/3775/9016 2222/3776/9017 2232/3786/9018 2231/3785/9019 
f 2222/3776/9020 2223/3777/9021 2233/3787/9022 2232/3786/9023 
f 2223/3777/9024 2224/3778/9025 2234/3788/9026 2233/3787/9027 
f 2224/3778/9028 2225/3779/9029 2235/3789/9030 2234/3788/9031 
f 2225/3779/9032 2226/3780/9033 2236/3790/9034 2235/3789/9035 
f 2226/3780/9036 2227/3781/9037 2237/3791/9038 2236/3790/9039 
f 2157/3711/9040 2228/3782/9041 2238/3792/9042 
f 2228/3782/9043 2229/3783/9044 2239/3793/9045 2238/3792/9046 
f 2229/3783/9047 2230/3784/9048 2240/3794/9049 2239/3793/9050 
f 2230/3784/9051 2231/3785/9052 2241/3795/9053 2240/3794/9054 
f 2231/3785/9055 2232/3786/9056 2242/3796/9057 2241/3795/9058 
f 2232/3786/9059 2233/3787/9060 2243/3797/9061 2242/3796/9062 
f 2233/3787/9063 2234/3788/9064 2244/3798/9065 2243/3797/9066 
f 2234/3788/9067 2235/3789/9068 2245/3799/9069 2244/3798/9070 
f 2235/3789/9071 2236/3790/9072 2246/3800/9073 2245/3799/9074 
f 2236/3790/9075 2237/3791/9076 2247/3801/9077 2246/3800/9078 
f 2157/3711/9079 2238/3792/9080 2248/3802/9081 
f 2238/3792/9082 2239/3793/9083 2249/3803/9084 2248/3802/9085 
f 2239/3793/9086 2240/3794/9087 2250/3804/9088 2249/3803/9089 
f 2240/3794/9090 2241/3795/9091 2251/3805/9092 2250/3804/9093 
f 2241/3795/9094 2242/3796/9095 2252/3806/9096 2251/3805/9097 
f 2242/3796/9098 2243/3797/9099 2253/3807/9100 2252/3806/9101 
f 2243/3797/9102 2244/3798/9103 2254/3808/9104 2253/3807/9105 
f 2244/3798/9106 2245/3799/9107 2255/3809/9108 2254/3808/9109 
f 2245/3799/9110 2246/3800/9111 2256/3810/9112 2255/3809/9113 
f 2246/3800/9114 2247/3801/9115 2257/3811/9116 2256/3810/9117 
f 2157/3711/9118 2248/3802/9119 2258/3812/9120 
f 2248/3802/9121 2249/3803/9122 2259/3813/9123 2258/3812/9124 
f 2249/3803/9125 2250/3804/9126 2260/3814/9127 2259/3813/9128 
f 2250/3804/9129 2251/3805/9130 2261/3815/9131 2260/3814/9132 
f 2251/3805/9133 2252/3806/9134 2262/3816/9135 2261/3815/9136 
f 2252/3806/9137 2253/3807/9138 2263/3817/9139 2262/3816/9140 
f 2253/3807/9141 2254/3808/9142 2264/3818/9143 2263/3817/9144 
f 2254/3808/9145 2255/3809/9146 2265/3819/9147 2264/3818/9148 
f 2255/3809/9149 2256/3810/9150 2266/3820/9151 2265/3819/9152 
f 2256/3810/9153 2257/3811/9154 2267/3821/9155 2266/3820/9156 
f 2157/3711/9157 2258/3812/9158 2268/3822/9159 
f 2258/3812/9160 2259/3813/9161 2269/3823/9162 2268/3822/9163 
f 2259/3813/9164 2260/3814/9165 2270/3824/9166 2269/3823/9167 
f 2260/3814/9168 2261/3815/9169 2271/3825/9170 2270/3824/9171 
f 2261/3815/9172 2262/3816/9173 2272/3826/9174 2271/3825/9175 
f 2262/3816/9176 2263/3817/9177 2273/3827/9178 2272/3826/9179 
f 2263/3817/9180 2264/3818/9181 2274/3828/9182 2273/3827/9183 
f 2264/3818/9184 2265/3819/9185 2275/3829/9186 2274/3828/9187 
f 2265/3819/9188 2266/3820/9189 2276/3830/9190 2275/3829/9191 
f 2266/3820/9192 2267/3821/9193 2277/3831/9194 2276/3830/9195 
f 2157/3711/9196 2268/3822/9197 2278/3832/9198 
f 2268/3822/9199 2269/3823/9200 2279/3833/9201 2278/3832/9202 
f 2269/3823/9203 2270/3824/9204 2280/3834/9205 2279/3833/9206 
f 2270/3824/9207 2271/3825/9208 2281/3835/9209 2280/3834/9210 
f 2271/3825/9211 2272/3826/9212 2282/3836/9213 2281/3835/9214 
f 2272/3826/9215 2273/3827/9216 2283/3837/9217 2282/3836/9218 
f 2273/3827/9219 2274/3828/9220 2284/3838/9221 2283/3837/9222 
f 2274/3828/9223 2275/3829/9224 2285/3839/9225 2284/3838/9226 
f 2275/3829/9227 2276/3830/9228 2286/3840/9229 2285/3839/9230 
f 2276/3830/9231 2277/3831/9232 2287/3841/9233 2286/3840/9234 
f 2157/3711/9235 2278/3832/9236 2288/3842/9237 
f 2278/3832/9238 2279/3833/9239 2289/3843/9240 2288/3842/9241 
f 2279/3833/9242 2280/3834/9243 2290/3844/9244 2289/3843/9245 
f 2280/3834/9246 2281/3835/9247 2291/3845/9248 2290/3844/9249 
f 2281/3835/9250 2282/3836/9251 2292/3846/9252 2291/3845/9253 
f 2282/3836/9254 2283/3837/9255 2293/3847/9256 2292/3846/9257 
f 2283/3837/9258 2284/3838/9259 2294/3848/9260 2293/3847/9261 
f 2284/3838/9262 2285/3839/9263 2295/3849/9264 2294/3848/9265 
f 2285/3839/9266 2286/3840/9267 2296/3850/9268 2295/3849/9269 
f 2286/3840/9270 2287/3841/9271 2297/3851/9272 2296/3850/9273 
f 2157/3711/9274 2288/3842/9275 2298/3852/9276 
f 2288/3842/9277 2289/3843/9278 2299/3853/9279 2298/3852/9280 
f 2289/3843/9281 2290/3844/9282 2300/3854/9283 2299/3853/9284 
f 2290/3844/9285 2291/3845/9286 2301/3855/9287 2300/3854/9288 
f 2291/3845/9289 2292/3846/9290 2302/3856/9291 2301/3855/9292 
f 2292/3846/9293 2293/3847/9294 2303/3857/9295 2302/3856/9296 
f 2293/3847/9297 2294/3848/9298 2304/3858/9299 2303/3857/9300 
f 2294/3848/9301 2295/3849/9302 2305/3859/9303 2304/3858/9304 
f 2295/3849/9305 2296/3850/9306 2306/3860/9307 2305/3859/9308 
f 2296/3850/9309 2297/3851/9310 2307/3861/9311 2306/3860/9312 
f 2157/3711/9313 2298/3852/9314 2308/3862/9315 
f 2298/3852/9316 2299/3853/9317 2309/3863/9318 2308/3862/9319 
f 2299/3853/9320 2300/3854/9321 2310/3864/9322 2309/3863/9323 
f 2300/3854/9324 2301/3855/9325 2311/3865/9326 2310/3864/9327 
f 2301/3855/9328 2302/3856/9329 2312/3866/9330 2311/3865/9331 
f 2302/3856/9332 2303/3857/9333 2313/3867/9334 2312/3866/9335 
f 2303/3857/9336 2304/3858/9337 2314/3868/9338 2313/3867/9339 
f 2304/3858/9340 2305/3859/9341 2315/3869/9342 2314/3868/9343 
f 2305/3859/9344 2306/3860/9345 2316/3870/9346 2315/3869/9347 
f 2306/3860/9348 2307/3861/9349 2317/3871/9350 2316/3870/9351 
f 2157/3711/9352 2308/3862/9353 2318/3872/9354 
f 2308/3862/9355 2309/3863/9356 2319/3873/9357 2318/3872/9358 
f 2309/3863/9359 2310/3864/9360 2320/3874/9361 2319/3873/9362 
f 2310/3864/9363 2311/3865/9364 2321/3875/9365 2320/3874/9366 
f 2311/3865/9367 2312/3866/9368 2322/3876/9369 2321/3875/9370 
f 2312/3866/9371 2313/3867/9372 2323/3877/9373 2322/3876/9374 
f 2313/3867/9375 2314/3868/9376 2324/3878/9377 2323/3877/9378 
f 2314/3868/9379 2315/3869/9380 2325/3879/9381 2324/3878/9382 
f 2315/3869/9383 2316/3870/9384 2326/3880/9385 2325/3879/9386 
f 2316/3870/9387 2317/3871/9388 2327/3881/9389 2326/3880/9390 
f 2157/3711/9391 2318/3872/9392 2328/3882/9393 
f 2318/3872/9394 2319/3873/9395 2329/3883/9396 2328/3882/9397 
f 2319/3873/9398 2320/3874/9399 2330/3884/9400 2329/3883/9401 
f 2320/3874/9402 2321/3875/9403 2331/3885/9404 2330/3884/9405 
f 2321/3875/9406 2322/3876/9407 2332/3886/9408 2331/3885/9409 
f 2322/3876/9410 2323/3877/9411 2333/3887/9412 2332/3886/9413 
f 2323/3877/9414 2324/3878/9415 2334/3888/9416 2333/3887/9417 
f 2324/3878/9418 2325/3879/9419 2335/3889/9420 2334/3888/9421 
f 2325/3879/9422 2326/3880/9423 2336/3890/9424 2335/3889/9425 
f 2326/3880/9426 2327/3881/9427 2337/3891/9428 2336/3890/9429 
f 2157/3711/9430 2328/3882/9431 2338/3892/9432 
f 2328/3882/9433 2329/3883/9434 2339/3893/9435 2338/3892/9436 
f 2329/3883/9437 2330/3884/9438 2340/3894/9439 2339/3893/9440 
f 2330/3884/9441 2331/3885/9442 2341/3895/9443 2340/3894/9444 
f 2331/3885/9445 2332/3886/9446 2342/3896/9447 2341/3895/9448 
f 2332/3886/9449 2333/3887/9450 2343/3897/9451 2342/3896/9452 
f 2333/3887/9453 2334/3888/9454 2344/3898/9455 2343/3897/9456 
f 2334/3888/9457 2335/3889/9458 2345/3899/9459 2344/3898/9460 
f 2335/3889/9461 2336/3890/9462 2346/3900/9463 2345/3899/9464 
f 2336/3890/9465 2337/3891/9466 2347/3901/9467 2346/3900/9468 
f 2157/3711/9469 2338/3892/9470 2348/3902/9471 
f 2338/3892/9472 2339/3893/9473 2349/3903/9474 2348/3902/9475 
f 2339/3893/9476 2340/3894/9477 2350/3904/9478 2349/3903/9479 
f 2340/3894/9480 2341/3895/9481 2351/3905/9482 2350/3904/9483 
f 2341/3895/9484 2342/3896/9485 2352/3906/9486 2351/3905/9487 
f 2342/3896/9488 2343/3897/9489 2353/3907/9490 2352/3906/9491 
f 2343/3897/9492 2344/3898/9493 2354/3908/9494 2353/3907/9495 
f 2344/3898/9496 2345/3899/9497 2355/3909/9498 2354/3908/9499 
f 2345/3899/9500 2346/3900/9501 2356/3910/9502 2355/3909/9503 
f 2346/3900/9504 2347/3901/9505 2357/3911/9506 2356/3910/9507 
f 2157/3711/9508 2348/3902/9509 2358/3912/9510 
f 2348/3902/9511 2349/3903/9512 2359/3913/9513 2358/3912/9514 
f 2349/3903/9515 2350/3904/9516 2360/3914/9517 2359/3913/9518 
f 2350/3904/9519 2351/3905/9520 2361/3915/9521 2360/3914/9522 
f 2351/3905/9523 2352/3906/9524 2362/3916/9525 2361/3915/9526 
f 2352/3906/9527 2353/3907/9528 2363/3917/9529 2362/3916/9530 
f 2353/3907/9531 2354/3908/9532 2364/3918/9533 2363/3917/9534 
f 2354/3908/9535 2355/3909/9536 2365/3919/9537 2364/3918/9538 
f 2355/3909/9539 2356/3910/9540 2366/3920/9541 2365/3919/9542 
f 2356/3910/9543 2357/3911/9544 2367/3921/9545 2366/3920/9546 
f 2157/3711/9547 2358/3912/9548 2368/3922/9549 
f 2358/3912/9550 2359/3913/9551 2369/3923/9552 2368/3922/9553 
f 2359/3913/9554 2360/3914/9555 2370/3924/9556 2369/3923/9557 
f 2360/3914/9558 2361/3915/9559 2371/3925/9560 2370/3924/9561 
f 2361/3915/9562 2362/3916/9563 2372/3926/9564 2371/3925/9565 
f 2362/3916/9566 2363/3917/9567 2373/3927/9568 2372/3926/9569 
f 2363/3917/9570 2364/3918/9571 2374/3928/9572 2373/3927/9573 
f 2364/3918/9574 2365/3919/9575 2375/3929/9576 2374/3928/9577 
f 2365/3919/9578 2366/3920/9579 2376/3930/9580 2375/3929/9581 
f 2366/3920/9582 2367/3921/9583 2377/3931/9584 2376/3930/9585 
f 2157/3711/9586 2368/3922/9587 2158/3712/9588 
f 2368/3922/9589 2369/3923/9590 2160/3714/9591 2158/3712/9592 
f 2369/3923/9593 2370/3924/9594 2162/3716/9595 2160/3714/9596 
f 2370/3924/9597 2371/3925/9598 2164/3718/9599 2162/3716/9600 
f 2371/3925/9601 2372/3926/9602 2166/3720/9603 2164/3718/9604 
f 2372/3926/9605 2373/3927/9606 2168/3722/9607 2166/3720/9608 
f 2373/3927/9609 2374/3928/9610 2170/3724/9611 2168/3722/9612 
f 2374/3928/9613 2375/3929/9614 2172/3726/9615 2170/3724/9616 
f 2375/3929/9617 2376/3930/9618 2174/3728/9619 2172/3726/9620 
f 2376/3930/9621 2377/3931/9622 2176/3730/9623 2174/3728/9624 
f 2378/3932/9625 2379/3933/9626 2380/3934/9627 
f 2380/3934/9628 2379/3933/9629 2381/3935/9630 2382/3936/9631 
f 2382/3936/9632 2381/3935/9633 2383/3937/9634 2384/3938/9635 
f 2384/3938/9636 2383/3937/9637 2177/3939/9638 2176/3940/9639 
f 2378/3932/9640 2385/3941/9641 2379/3933/9642 
f 2379/3933/9643 2385/3941/9644 2386/3942/9645 2381/3935/9646 
f 2381/3935/9647 2386/3942/9648 2387/3943/9649 2383/3937/9650 
f 2383/3937/9651 2387/3943/9652 2187/3944/9653 2177/3939/9654 
f 2378/3932/9655 2388/3945/9656 2385/3941/9657 
f 2385/3941/9658 2388/3945/9659 2389/3946/9660 2386/3942/9661 
f 2386/3942/9662 2389/3946/9663 2390/3947/9664 2387/3943/9665 
f 2387/3943/9666 2390/3947/9667 2197/3948/9668 2187/3944/9669 
f 2378/3932/9670 2391/3949/9671 2388/3945/9672 
f 2388/3945/9673 2391/3949/9674 2392/3950/9675 2389/3946/9676 
f 2389/3946/9677 2392/3950/9678 2393/3951/9679 2390/3947/9680 
f 2390/3947/9681 2393/3951/9682 2207/3952/9683 2197/3948/9684 
f 2378/3932/9685 2394/3953/9686 2391/3949/9687 
f 2391/3949/9688 2394/3953/9689 2395/3954/9690 2392/3950/9691 
f 2392/3950/9692 2395/3954/9693 2396/3955/9694 2393/3951/9695 
f 2393/3951/9696 2396/3955/9697 2217/3956/9698 2207/3952/9699 
f 2378/3932/9700 2397/3957/9701 2394/3953/9702 
f 2394/3953/9703 2397/3957/9704 2398/3958/9705 2395/3954/9706 
f 2395/3954/9707 2398/3958/9708 2399/3959/9709 2396/3955/9710 
f 2396/3955/9711 2399/3959/9712 2227/3960/9713 2217/3956/9714 
f 2378/3932/9715 2400/3961/9716 2397/3957/9717 
f 2397/3957/9718 2400/3961/9719 2401/3962/9720 2398/3958/9721 
f 2398/3958/9722 2401/3962/9723 2402/3963/9724 2399/3959/9725 
f 2399/3959/9726 2402/3963/9727 2237/3964/9728 2227/3960/9729 
f 2378/3932/9730 2403/3965/9731 2400/3961/9732 
f 2400/3961/9733 2403/3965/9734 2404/3966/9735 2401/3962/9736 
f 2401/3962/9737 2404/3966/9738 2405/3967/9739 2402/3963/9740 
f 2402/3963/9741 2405/3967/9742 2247/3968/9743 2237/3964/9744 
f 2378/3932/9745 2406/3969/9746 2403/3965/9747 
f 2403/3965/9748 2406/3969/9749 2407/3970/9750 2404/3966/9751 
f 2404/3966/9752 2407/3970/9753 2408/3971/9754 2405/3967/9755 
f 2405/3967/9756 2408/3971/9757 2257/3972/9758 2247/3968/9759 
f 2378/3932/9760 2409/3973/9761 2406/3969/9762 
f 2406/3969/9763 2409/3973/9764 2410/3974/9765 2407/3970/9766 
f 2407/3970/9767 2410/3974/9768 2411/3975/9769 2408/3971/9770 
f 2408/3971/9771 2411/3975/9772 2267/3976/9773 2257/3972/9774 
f 2378/3932/9775 2412/3977/9776 2409/3973/9777 
f 2409/3973/9778 2412/3977/9779 2413/3978/9780 2410/3974/9781 
f 2410/3974/9782 2413/3978/9783 2414/3979/9784 2411/3975/9785 
f 2411/3975/9786 2414/3979/9787 2277/3980/9788 2267/3976/9789 
f 2378/3932/9790 2415/3981/9791 2412/3977/9792 
f 2412/3977/9793 2415/3981/9794 2416/3982/9795 2413/3978/9796 
f 2413/3978/9797 2416/3982/9798 2417/3983/9799 2414/3979/9800 
f 2414/3979/9801 2417/3983/9802 2287/3984/9803 2277/3980/9804 
f 2378/3932/9805 2418/3985/9806 2415/3981/9807 
f 2415/3981/9808 2418/3985/9809 2419/3986/9810 2416/3982/9811 
f 2416/3982/9812 2419/3986/9813 2420/3987/9814 2417/3983/9815 
f 2417/3983/9816 2420/3987/9817 2297/3988/9818 2287/3984/9819 
f 2378/3932/9820 2421/3989/9821 2418/3985/9822 
f 2418/3985/9823 2421/3989/9824 2422/3990/9825 2419/3986/9826 
f 2419/3986/9827 2422/3990/9828 2423/3991/9829 2420/3987/9830 
f 2420/3987/9831 2423/3991/9832 2307/3992/9833 2297/3988/9834 
f 2378/3932/9835 2424/3993/9836 2421/3989/9837 
f 2421/3989/9838 2424/3993/9839 2425/3994/9840 2422/3990/9841 
f 2422/3990/9842 2425/3994/9843 2426/3995/9844 2423/3991/9845 
f 2423/3991/9846 2426/3995/9847 2317/3996/9848 2307/3992/9849 
f 2378/3932/9850 2427/3997/9851 2424/3993/9852 
f 2424/3993/9853 2427/3997/9854 2428/3998/9855 2425/3994/9856 
f 2425/3994/9857 2428/3998/9858 2429/3999/9859 2426/3995/9860 
f 2426/3995/9861 2429/3999/9862 2327/4000/9863 2317/3996/9864 
f 2378/3932/9865 2430/4001/9866 2427/3997/9867 
f 2427/3997/9868 2430/4001/9869 2431/4002/9870 2428/3998/9871 
f 2428/3998/9872 2431/4002/9873 2432/4003/9874 2429/3999/9875 
f 2429/3999/9876 2432/4003/9877 2337/4004/9878 2327/4000/9879 
f 2378/3932/9880 2433/4005/9881 2430/4001/9882 
f 2430/4001/9883 2433/4005/9884 2434/4006/9885 2431/4002/9886 
f 2431/4002/9887 2434/4006/9888 2435/4007/9889 2432/4003/9890 
f 2432/4003/9891 2435/4007/9892 2347/4008/9893 2337/4004/9894 
f 2378/3932/9895 2436/4009/9896 2433/4005/9897 
f 2433/4005/9898 2436/4009/9899 2437/4010/9900 2434/4006/9901 
f 2434/4006/9902 2437/4010/9903 2438/4011/9904 2435/4007/9905 
f 2435/4007/9906 2438/4011/9907 2357/4012/9908 2347/4008/9909 
f 2378/3932/9910 2439/4013/9911 2436/4009/9912 
f 2436/4009/9913 2439/4013/9914 2440/4014/9915 2437/4010/9916 
f 2437/4010/9917 2440/4014/9918 2441/4015/9919 2438/4011/9920 
f 2438/4011/9921 2441/4015/9922 2367/4016/9923 2357/4012/9924 
f 2378/3932/9925 2442/4017/9926 2439/4013/9927 
f 2439/4013/9928 2442/4017/9929 2443/4018/9930 2440/4014/9931 
f 2440/4014/9932 2443/4018/9933 2444/4019/9934 2441/4015/9935 
f 2441/4015/9936 2444/4019/9937 2377/4020/9938 2367/4016/9939 
f 2378/3932/9940 2380/3934/9941 2442/4017/9942 
f 2442/4017/9943 2380/3934/9944 2382/3936/9945 2443/4018/9946 
f 2443/4018/9947 2382/3936/9948 2384/3938/9949 2444/4019/9950 
f 2444/4019/9951 2384/3938/9952 2176/3940/9953 2377/4020/9954 
